fixed_acidity,volatile_acidity,citric_acid,residual_sugar,chlorides,free_sulfur_dioxide,total_sulfur_dioxide,density,ph,sulphates,alcohol,color
-0.3953683897402892,-0.9598772033637624,1.0639271017701109,1.4808935537901915,-0.18222344187635914,1.3984003942961578,0.6608379775814321,1.3516974114806373,1.9830402814802057,2.2530835342441025,-0.19789133110084717,0.4470866002977665
-0.061336639431918714,-0.6418777277067537,0.28236450614047515,-0.5553978845619044,-0.9344770825288539,-0.43799283705452724,0.016012215954019974,-1.4032567528167947,-0.552187307841934,-1.1010823912631464,1.4932378868848144,0.4470866002977665
-0.952087973587572,0.4711204370927765,1.3244479669799898,1.7540546003983994,-0.3558204358730885,1.9049916305308296,1.755087754888556,1.1559902850551498,-0.3520377613165032,0.7050069532407564,-0.7897865573958297,0.4470866002977665
-0.17268055620137587,-1.0393770722780147,-0.23867722427928223,-0.9527230432647524,-1.2238054058567367,0.06859839918014449,-0.15984935539891063,-1.1435684504444656,-0.48547079233345813,-0.49905260976184534,0.309447434294851,0.4470866002977665
0.1613511941069936,0.5506203060070287,0.8034062365602325,-0.6795619966565444,-0.3558204358730885,1.4617242988254917,1.5792261835356254,-0.8123717749551597,-1.2860689784351873,-0.06903133726091613,0.6476732778919837,0.4470866002977665
-0.5067123065097453,0.31212069926427205,0.021843640930596212,1.3070637968576952,1.2065525100974779,1.7150199169428277,0.9734807710977532,1.1258814963743151,-0.2853212458080243,-0.15503559176110207,-1.043455940093678,0.4470866002977665
-1.0634318903570281,-0.5623778587925017,0.19552421773718215,-0.6050635293997605,-1.281671070522313,0.005274494650810516,-0.6874340694577025,-1.4258383443274103,-0.6189038233504129,-0.06903133726091613,0.5631168169927009,0.4470866002977665
-0.17268055620137587,-1.0393770722780147,-0.8465592431023328,0.1150883207491516,0.2807018754482531,0.19524620823881242,-0.3161707521570712,0.19627264585315485,0.515276940293702,-0.6710611187622172,-1.043455940093678,0.4470866002977665
1.163446445032103,2.1406176842920717,-0.23867722427928223,-0.4312337724672644,1.0329555161007482,-0.6279645506425292,-0.12076900620937049,1.2688982426083109,-0.01845518377411456,0.2749856807398276,-1.043455940093678,-2.2367031338760426
0.3840390276459069,0.6301201749212809,0.5428853713503535,-0.9527230432647524,-0.2979547712075123,0.32189401729748035,-0.14030918080414057,-1.1021688660083233,1.1157255798700003,-0.24103984626128802,1.7469072695826628,0.4470866002977665
-0.6180562232792015,-0.40337812096399717,1.0639271017701109,1.9030515349119674,-0.8766114178632773,2.094963344118831,2.1458912467839575,1.3065342284593644,-0.9524864008927987,-1.1010823912631464,-1.4662382445900934,0.4470866002977665
-0.5067123065097453,0.153120961435768,0.6297256597536466,-0.6050635293997605,-0.06649211254520598,-0.05804940987852345,0.5435969300128118,-1.6140182735827207,-0.3520377613165032,-0.6710611187622172,1.7469072695826628,0.4470866002977665
-0.6180562232792015,1.3058690606924241,-2.1491635691517263,-0.9775558656836805,-1.050208411860007,-1.3878514049945367,0.21141396190172065,-1.3279847811146874,-1.6863680714860492,-1.8751206817648194,0.14033451249628545,0.4470866002977665
-1.5088075574348547,-1.0393770722780147,0.021843640930596212,-0.8533917535890405,-0.5872830945353948,-0.944584073289199,-0.7069742440524726,-0.5752650640935297,0.7821430023276118,0.6190026987405703,-0.45156071379869706,0.4470866002977665
-1.2861197238959414,-0.5623778587925017,-0.23867722427928223,-0.8782245760079684,-0.5872830945353948,0.5751896354148163,-0.863295640810633,-2.5662087156144544,-0.8190533698758439,-1.8751206817648194,2.761584800374061,0.4470866002977665
-0.17268055620137587,-0.5623778587925017,0.28236450614047515,-0.08357425860227258,-0.9344770825288539,0.3852179218268143,0.2895746602808009,-0.4623571065403268,-0.15188821479106943,-1.0150781367629604,-0.028778409302281614,0.4470866002977665
0.6067268611848202,-0.005878776392736454,1.7586494089964544,2.4493736281283836,-0.5294174298698182,1.9683155350601635,1.6378467073199356,1.6076221152678358,-1.0859194319097536,0.7910112077409422,-0.9588994791943952,0.4470866002977665
-0.3953683897402892,0.39162056817852425,-0.15183693587598973,-0.8285589311701125,-1.5709993938501956,-0.43799283705452724,-0.6874340694577025,-1.6102546749975901,1.2491586108869552,0.8770154622411283,1.4932378868848144,0.4470866002977665
-0.3953683897402892,-1.277876679020771,0.28236450614047515,0.04058985349236742,0.39643320477940625,0.19524620823881242,0.09417291433310024,0.10218268122552057,0.9155760333445666,-0.7570653732624032,-0.8743430182951124,0.4470866002977665
-0.7294001400486586,-0.9598772033637624,0.10868392933388919,-0.5305650621429765,-0.12435777721078256,-0.8179362642305311,-0.7851349424315528,-1.3166939853593378,-2.019950649028438,-0.32704410076147394,0.3517256647444932,0.4470866002977665
0.6067268611848202,-0.6418777277067537,0.4560450829470606,0.5124134794519994,-0.703014423866548,0.7651613490028182,0.7976191997448226,-0.04836126217869424,-1.2193524629267085,-1.6171079182642616,0.309447434294851,0.4470866002977665
-0.28402447297083205,-0.5623778587925017,0.10868392933388919,1.0090699278305595,-1.4552680645190428,-0.6912884551718631,-0.21846987918322083,-0.49246589522120315,0.7821430023276118,-1.3590951547637042,1.66235080868338,0.4470866002977665
0.8294146947237335,-0.2841283175926188,-0.06499664747269676,-0.9775558656836805,-0.5294174298698182,-0.7546123597011971,-0.8828358154054031,-0.7258090074977445,-1.4195020094521422,0.4469941897401995,0.055778051597001166,0.4470866002977665
-0.5067123065097453,0.9083697161211634,0.8034062365602325,2.0272156470066074,-0.5872830945353948,1.7783438214721616,2.3608331673264282,1.4947141577146748,0.048261331734361396,0.5329984442403845,-1.3816817836908106,0.4470866002977665
0.27269511087645076,2.4586171599490805,-2.1491635691517263,-0.6050635293997605,1.7273434920876665,-0.881260168759865,-0.7069742440524726,1.3291158199700217,1.9163237659717267,0.18898142623964168,-0.7897865573958297,-2.2367031338760426
-0.7294001400486586,1.5841186018923068,-1.5412815503286759,-0.6547291742376166,1.6116121627565132,-0.12137331440785742,-1.5667419262223554,0.6817768633318061,1.3158751263954314,2.0810750252437304,0.309447434294851,-2.2367031338760426
-1.7314953909737671,-0.08537864530698869,-0.06499664747269676,-0.9278902208458244,-1.1080740765255834,-0.3746689325251933,-0.5311126726995419,-2.4495371594762045,0.5819934558021809,-0.9290738822627745,2.507915417676211,0.4470866002977665
0.050007277337537445,1.9021180775493158,-2.236003857555019,0.7607417036412795,-0.703014423866548,-0.7546123597011971,0.8562397235291329,-0.4661207051254572,0.24841087825979224,-0.4130483552616594,1.3241249650862474,0.4470866002977665
1.2747903618015592,-0.9598772033637624,0.8034062365602325,-1.0023886881026083,-0.6451487592009714,2.664878484882837,1.168882517045454,-0.4999930923913805,-1.0859194319097536,-1.4450994092638898,-0.5361171746979798,0.4470866002977665
0.9407586114931897,-0.2443783831354927,-0.49919808948916117,-0.3815681276294085,-1.3974023998534661,-0.24802112346652536,-0.4138716251309215,-1.6328362665082474,-1.619651555977573,-1.1870866457633324,2.000576652280513,0.4470866002977665
-0.6180562232792015,-1.5163762857635275,1.5849688321898683,0.36341654493843156,-0.3558204358730885,1.145104776178822,0.7976191997448226,0.21509063877872348,0.7821430023276118,-0.5850568642620313,-0.19789133110084717,0.4470866002977665
0.3840390276459069,-0.40337812096399717,1.9323299858030403,1.9278843573308952,-0.06649211254520598,1.8733296782661626,0.6999183267709723,1.6828940869699434,-1.0859194319097536,-0.49905260976184534,-1.2971253227915278,0.4470866002977665
-0.17268055620137587,-0.7213775966210059,0.5428853713503535,-0.8037261087511844,-0.703014423866548,0.4485418263561483,1.4619851359670049,-1.1774408377104308,0.8488595178360907,1.8230622617431727,1.5777943477840972,0.4470866002977665
-0.6180562232792015,-0.5623778587925017,0.10868392933388919,-0.9899722768931444,-0.41368610053866506,-0.5013167415838612,0.21141396190172065,-1.3543299712103916,0.18169436275131629,-1.3590951547637042,0.9858991214891163,0.4470866002977665
-0.061336639431918714,-0.4828779898782494,1.4112882553832824,0.8600729933169916,-0.3558204358730885,0.32189401729748035,0.6999183267709723,0.794684820885009,-0.48547079233345813,0.36098993524001355,-1.043455940093678,0.4470866002977665
0.6067268611848202,0.8686197816640372,1.237607678576697,1.0339027502494873,-1.1080740765255834,-0.6912884551718631,0.09417291433310024,0.7796304265445708,-0.685620338858889,-1.2730909002635182,-0.45156071379869706,0.4470866002977665
-0.061336639431918714,0.7096200438355332,-0.06499664747269676,1.4063950865334074,-0.8766114178632773,-0.43799283705452724,-0.6483537202681623,-0.48117509946585363,-0.48547079233345813,-0.49905260976184534,1.8314637304819472,0.4470866002977665
-1.1747758071264842,0.8686197816640372,0.4560450829470606,-0.6298963518186885,-0.8187457531977007,-0.7546123597011971,-0.843755466215863,-0.7860265848594137,0.18169436275131629,-0.24103984626128802,0.22489097339556824,0.4470866002977665
0.49538294441536407,1.981617946463568,-1.8886427039418476,-0.8533917535890405,1.3222838394286303,-0.7546123597011971,-0.06214848242506029,0.3882161736935538,-0.01845518377411456,0.18898142623964168,-0.7052300964965453,0.4470866002977665
1.163446445032103,0.39162056817852425,0.7165659481569395,-0.8285589311701125,-1.3974023998534661,-0.31134502799585934,-0.5311126726995419,-1.0419512886466122,-0.48547079233345813,-0.15503559176110207,1.070455582388399,0.4470866002977665
-0.061336639431918714,-0.4828779898782494,0.28236450614047515,-0.9030573984268965,-0.7608800885321242,-0.24802112346652536,-0.7460545932420126,-1.3091667881891187,-0.2853212458080243,-0.5850568642620313,1.3241249650862474,0.4470866002977665
-0.061336639431918714,-0.4828779898782494,0.19552421773718215,-0.9278902208458244,-0.7608800885321242,0.2585701127681464,0.7389986759605125,-1.1699136405402117,-1.3527854939436634,0.6190026987405703,0.5631168169927009,0.4470866002977665
-1.2861197238959414,-0.8803773344495102,-0.3255175126825752,-0.8782245760079684,-0.9923427471944305,-1.1978796914065348,-0.843755466215863,-1.290348795263592,0.18169436275131629,-1.2730909002635182,0.22489097339556824,0.4470866002977665
0.6067268611848202,-1.1983768101065189,0.6297256597536466,1.9278843573308952,-0.2979547712075123,2.506568723559502,0.8366995489343628,1.1785718765657651,-0.48547079233345813,2.683104806745031,-0.19789133110084717,0.4470866002977665
1.0521025282626468,1.5841186018923068,0.4560450829470606,0.31375090010057555,0.16497054611709994,-0.05804940987852345,1.0321012948820634,1.6828940869699434,-0.8857698853843228,0.18898142623964168,-0.7897865573958297,0.4470866002977665
1.6088221121099298,-0.16487851422124092,0.8034062365602325,-0.8037261087511844,1.0908211807663248,-1.4511753095238709,-1.9575454181177567,0.7909212222998786,1.1157255798700003,0.7910112077409422,-0.1133348702015644,-2.2367031338760426
0.3840390276459069,2.220117553206324,-0.41235780108586817,-0.7292276414944004,1.8430748214188195,-0.881260168759865,-0.3161707521570712,0.7194128491828599,0.3818439092767471,0.10297717173945574,-0.6206736355972626,-2.2367031338760426
-0.3953683897402892,-1.1188769411922665,-0.06499664747269676,-0.9527230432647524,-0.9923427471944305,-1.134555786877201,-0.9219161645949433,-1.12098685893385,-0.3520377613165032,0.6190026987405703,0.309447434294851,0.4470866002977665
0.3840390276459069,2.8561165045203416,-2.4965247227648977,-0.6795619966565444,1.380149504094207,0.005274494650810516,-0.550652847294312,0.6516680746509715,0.6487099713106569,1.4790452437424297,0.36581840822773476,-2.2367031338760426
2.8336051965739513,2.0611178153778194,-0.3255175126825752,-0.6547291742376166,1.9588061507499728,-0.5013167415838612,0.46543623163373155,1.46460536903384,0.31512739376827115,0.36098993524001355,-1.043455940093678,-2.2367031338760426
-1.1747758071264842,1.1866192573210461,-2.670205299571484,-0.7540604639133285,1.6694778274220898,-0.3746689325251933,-1.4885812278432753,-0.02954326925316739,1.8496072504632508,0.18898142623964168,0.4785603560934166,-2.2367031338760426
0.1613511941069936,-0.2443783831354927,0.021843640930596212,-0.8533917535890405,0.2807018754482531,-0.6912884551718631,-0.43341179972569155,-1.218840422146615,-0.48547079233345813,-0.06903133726091613,0.6476732778919837,0.4470866002977665
0.3840390276459069,-0.40337812096399717,-0.06499664747269676,1.0835683950873436,0.10710488145152376,0.2585701127681464,0.6608379775814321,0.7081220534275521,-0.08517169928259348,-0.06903133726091613,-0.19789133110084717,0.4470866002977665
-1.0634318903570281,-0.8803773344495102,0.19552421773718215,-0.9527230432647524,-0.5294174298698182,0.8918091580614861,0.11371308892787031,-1.2865851966785031,0.5819934558021809,-0.49905260976184534,0.8167861996905492,0.4470866002977665
0.3840390276459069,0.07362109252151577,-0.6728786662957469,-0.6547291742376166,1.0329555161007482,0.2585701127681464,-0.9805366883792535,0.7344672435232981,1.3825916419039102,0.9630197167413141,-0.45156071379869706,-2.2367031338760426
2.610917363035039,2.379117291034828,-0.41235780108586817,-0.3815681276294085,2.4217314680745847,-0.3746689325251933,-0.6483537202681623,2.1909798959592517,0.11497784724284033,0.9630197167413141,-0.7897865573958297,-2.2367031338760426
-0.952087973587572,-0.40337812096399717,1.7586494089964544,-0.6795619966565444,0.10710488145152376,1.9049916305308296,0.6608379775814321,-0.3870851348382194,-0.9524864008927987,0.7910112077409422,-0.7052300964965453,0.4470866002977665
-0.952087973587572,-0.5623778587925017,-0.49919808948916117,-0.8285589311701125,-0.24008910654193572,-0.43799283705452724,-0.10122883161460043,-0.6881730216466908,1.1157255798700003,0.7050069532407564,0.22489097339556824,0.4470866002977665
0.7180707779542764,-0.005878776392736454,-0.41235780108586817,-0.8037261087511844,1.4380151687597835,0.5751896354148163,0.7194585013657424,-0.04836126217869424,-0.8190533698758439,-0.4130483552616594,-0.7052300964965453,0.4470866002977665
0.050007277337537445,-0.4828779898782494,2.192850851012919,-0.7292276414944004,-0.7608800885321242,-0.6912884551718631,-0.49203232351000176,-0.8010809791998519,0.048261331734361396,0.18898142623964168,0.309447434294851,0.4470866002977665
0.49538294441536407,-0.08537864530698869,-0.7597189546990398,0.07783908712075951,0.2807018754482531,0.13192230370947847,1.168882517045454,-0.4999930923913805,-0.6189038233504129,-0.49905260976184534,0.8167861996905492,0.4470866002977665
0.27269511087645076,0.7096200438355332,2.713892581432676,1.4560607313712637,-0.41368610053866506,2.474906771294835,1.3447440883983846,1.3818062001615137,-0.9524864008927987,-0.15503559176110207,-1.7199076272879432,0.4470866002977665
-0.3953683897402892,-0.40337812096399717,-0.3255175126825752,-0.8533917535890405,-0.47155176520424164,-0.7546123597011971,-0.12076900620937049,-0.3682671419126925,0.9155760333445666,0.9630197167413141,-0.1133348702015644,0.4470866002977665
-0.3953683897402892,0.31212069926427205,0.36920479454376764,0.2640852552627195,0.8593585221040185,0.005274494650810516,0.5826772792023519,0.542523715682899,-0.8190533698758439,-0.32704410076147394,-1.043455940093678,0.4470866002977665
-0.3953683897402892,-0.32387825204974496,-0.15183693587598973,0.09025549833022346,-0.18222344187635914,1.6516960124134936,1.3447440883983846,0.5161785255871532,0.5819934558021809,2.425092043244474,-0.7052300964965453,0.4470866002977665
0.050007277337537445,-0.6418777277067537,-0.41235780108586817,0.5620791242898555,-0.41368610053866506,-0.6279645506425292,-0.5897331964838521,0.43714295529995706,-0.01845518377411456,0.36098993524001355,-0.9588994791943952,0.4470866002977665
-1.6201514742043108,-0.9598772033637624,-0.3255175126825752,-1.0023886881026083,-0.47155176520424164,1.335076489766824,-0.3357109267518412,-1.3806751613061374,1.8496072504632508,-1.0150781367629604,0.4785603560934166,0.4470866002977665
-0.952087973587572,2.2996174221205763,-2.670205299571484,-0.9030573984268965,-0.3558204358730885,-0.43799283705452724,-0.8046751170263229,-0.08599724802974795,0.5819934558021809,-1.1010823912631464,-1.043455940093678,0.4470866002977665
-0.3953683897402892,-0.32387825204974496,1.8454896973997472,0.7855745260602074,-0.24008910654193572,1.3984003942961578,1.5987663581303955,0.5839233001190832,-0.2853212458080243,-0.24103984626128802,-0.9588994791943952,0.4470866002977665
-1.3974636406653975,-0.8803773344495102,-0.06499664747269676,-0.6050635293997605,-0.12435777721078256,0.4485418263561483,0.09417291433310024,-0.4397755150297113,0.7821430023276118,-0.06903133726091613,-0.6206736355972626,0.4470866002977665
0.050007277337537445,0.31212069926427205,0.021843640930596212,-0.7788932863322565,1.2065525100974779,-1.007907977818533,0.8171593743395927,0.177454652927628,-0.2853212458080243,-0.32704410076147394,-1.043455940093678,0.4470866002977665
0.050007277337537445,-0.2443783831354927,0.7165659481569395,0.9345714605737753,0.16497054611709994,0.06859839918014449,0.40681570784942134,0.8172664123956246,1.0490090643615215,0.18898142623964168,-0.1133348702015644,0.4470866002977665
0.8294146947237335,-0.5623778587925017,-0.15183693587598973,2.5735377402230237,-0.24008910654193572,0.5118657308854823,1.442444961372235,1.6076221152678358,-1.0859194319097536,-0.32704410076147394,-0.8743430182951124,0.4470866002977665
0.27269511087645076,0.07362109252151577,0.19552421773718215,-0.8782245760079684,-1.1080740765255834,-0.12137331440785742,-0.21846987918322083,-1.4032567528167947,-0.48547079233345813,0.016972917239269796,1.8314637304819472,0.4470866002977665
-1.1747758071264842,-0.8008774655352581,-0.6728786662957469,0.7359088812223515,-0.8766114178632773,-0.5646406461131952,0.1918737873069506,0.177454652927628,1.0490090643615215,0.7050069532407564,0.22489097339556824,0.4470866002977665
0.1613511941069936,-0.8008774655352581,0.10868392933388919,-0.6795619966565444,-0.6451487592009714,-0.1846972189371914,0.40681570784942134,-0.34944914898716567,-0.15188821479106943,0.5329984442403845,-0.5361171746979798,0.4470866002977665
-0.28402447297083205,-0.9598772033637624,0.4560450829470606,-0.9527230432647524,-1.281671070522313,2.0316394395894974,0.44589605703896146,-1.026896894306216,0.31512739376827115,-0.24103984626128802,0.309447434294851,0.4470866002977665
-0.5067123065097453,-0.16487851422124092,0.021843640930596212,-0.8037261087511844,-0.7608800885321242,-0.43799283705452724,-0.8046751170263229,-1.279057999508284,0.31512739376827115,1.5650494982426149,0.6476732778919837,0.4470866002977665
0.7180707779542764,-1.0393770722780147,0.4560450829470606,-0.6298963518186885,0.04923921678594718,0.4485418263561483,0.05509256514356011,0.7796304265445708,2.5167724055480254,-0.4130483552616594,-0.28244779200013,0.4470866002977665
-0.5067123065097453,-1.1983768101065189,0.28236450614047515,-0.8782245760079684,-1.1080740765255834,-0.12137331440785742,0.2504943110912608,-1.0720600773274886,0.7154264868191358,1.135028225741686,0.7322297387912664,0.4470866002977665
-0.17268055620137587,-0.9598772033637624,0.10868392933388919,0.5248298906614635,-1.6867307231813489,1.4617242988254917,1.3252039138036145,-0.16126921973185535,0.18169436275131629,-1.1870866457633324,0.3940038951941338,0.4470866002977665
-1.1747758071264842,-0.40337812096399717,-0.5860383778924542,-0.6298963518186885,-0.12435777721078256,-0.24802112346652536,0.23095413649649071,-0.5978466556041452,2.716921952073456,1.9090665162433584,0.5631168169927009,0.4470866002977665
-0.8407440568181148,-0.8008774655352581,-0.41235780108586817,2.0272156470066074,0.10710488145152376,1.7783438214721616,0.5826772792023519,1.4269693831827865,0.5819934558021809,-0.4130483552616594,-1.3816817836908106,0.4470866002977665
-1.5088075574348547,-0.40337812096399717,1.6718091205931613,1.6050576658848315,-1.1080740765255834,-0.3746689325251933,-0.5311126726995419,0.13229146990639698,0.048261331734361396,-0.15503559176110207,-0.1133348702015644,0.4470866002977665
-1.1747758071264842,-0.16487851422124092,-1.2807606851187971,0.7359088812223515,-0.24008910654193572,1.0817808716494879,1.501065485156545,0.4484337510552648,-0.08517169928259348,-1.2730909002635182,-1.043455940093678,0.4470866002977665
-0.7294001400486586,1.266119126235298,-2.670205299571484,-0.8782245760079684,0.39643320477940625,-0.24802112346652536,-1.703523148385746,-0.650537035795637,1.516024672920865,-0.24103984626128802,1.4086814259855318,-2.2367031338760426
0.050007277337537445,-0.40337812096399717,-0.41235780108586817,1.4560607313712637,-0.5294174298698182,0.3852179218268143,1.2470432154245341,1.483423361959367,1.64945770393782,0.6190026987405703,-0.28244779200013,0.4470866002977665
0.49538294441536407,-0.32387825204974496,1.4981285437865755,-0.9527230432647524,-0.06649211254520598,-0.881260168759865,0.23095413649649071,-0.9516249226041085,-0.21860473029954836,-0.15503559176110207,0.8167861996905492,0.4470866002977665
-0.952087973587572,1.9021180775493158,-1.3676009735220902,1.2077325071819836,-0.9923427471944305,-0.7546123597011971,0.09417291433310024,0.6667224689914097,0.9155760333445666,-0.32704410076147394,-0.36700425289941424,0.4470866002977665
-0.5067123065097453,-1.0393770722780147,0.28236450614047515,-0.8285589311701125,-0.47155176520424164,0.7651613490028182,0.5435969300128118,-1.026896894306216,0.6487099713106569,0.7050069532407564,0.7322297387912664,0.4470866002977665
-1.2861197238959414,0.5506203060070287,-0.41235780108586817,-0.9527230432647524,0.570030198776136,-0.6912884551718631,0.38727553325465125,-0.4585935079552381,0.31512739376827115,-0.6710611187622172,-0.7897865573958297,0.4470866002977665
-1.0634318903570281,-0.6418777277067537,0.28236450614047515,-0.9030573984268965,-1.3395367351878895,-0.5013167415838612,-0.17938952999368069,-1.6253090693380283,0.9155760333445666,-1.1870866457633324,1.7469072695826628,0.4470866002977665
0.050007277337537445,-0.6418777277067537,0.19552421773718215,0.21441961042486346,-0.47155176520424164,-0.3746689325251933,0.309114834875571,0.403270568033992,-0.21860473029954836,0.6190026987405703,-0.9588994791943952,0.4470866002977665
-0.061336639431918714,-0.7213775966210059,1.5849688321898683,0.5124134794519994,0.8593585221040185,1.208428680708156,0.9344004219082132,0.6667224689914097,2.1164733124971606,-0.06903133726091613,-0.28244779200013,0.4470866002977665
-0.6180562232792015,-0.40337812096399717,-0.8465592431023328,0.5372463018709274,-0.47155176520424164,0.2585701127681464,0.8171593743395927,0.629086483140356,1.1157255798700003,0.6190026987405703,-0.6206736355972626,0.4470866002977665
0.3840390276459069,0.7096200438355332,-0.06499664747269676,-0.8037261087511844,1.8430748214188195,0.13192230370947847,-0.8046751170263229,1.118354299204096,1.2491586108869552,1.221032480241872,-0.9588994791943952,-2.2367031338760426
-0.952087973587572,0.31212069926427205,-0.5860383778924542,-0.6547291742376166,-0.8187457531977007,-0.3746689325251933,0.2504943110912608,-1.2527128094125382,0.7821430023276118,0.7050069532407564,1.1550120432876818,0.4470866002977665
0.1613511941069936,0.39162056817852425,-0.5860383778924542,-0.7788932863322565,-1.3395367351878895,0.06859839918014449,-0.3552511013466113,-1.365620766965741,0.7821430023276118,0.7050069532407564,1.8314637304819472,0.4470866002977665
-0.061336639431918714,-0.8803773344495102,0.890246524963525,-0.9527230432647524,0.6857615281072887,0.32189401729748035,-0.3161707521570712,-0.28546797304036603,-1.5529350404690943,-1.0150781367629604,-1.212568861892245,0.4470866002977665
0.1613511941069936,2.379117291034828,-2.4965247227648977,-0.6050635293997605,1.9009404860843961,-0.881260168759865,-0.6483537202681623,1.3253522213848914,1.716174219446296,0.7910112077409422,-0.7897865573958297,-2.2367031338760426
1.3861342785710153,0.4711204370927765,0.4560450829470606,-0.9775558656836805,-0.8187457531977007,-0.881260168759865,-0.5311126726995419,-1.2527128094125382,-1.2193524629267085,-1.6171079182642616,0.901342660589832,0.4470866002977665
-0.952087973587572,-0.8803773344495102,-1.1939203967155043,-0.8285589311701125,-0.008626447879629403,0.9551330625908201,0.1723336127121805,-1.1021688660083233,0.515276940293702,-0.6710611187622172,0.6476732778919837,0.4470866002977665
0.27269511087645076,-0.40337812096399717,-0.5860383778924542,0.5124134794519994,-1.4552680645190428,-0.7546123597011971,0.1918737873069506,-0.8161353735402901,-0.552187307841934,-0.15503559176110207,1.8314637304819472,0.4470866002977665
-1.3974636406653975,-0.2443783831354927,0.36920479454376764,-0.9278902208458244,0.2228362107826765,0.5118657308854823,0.40681570784942134,-1.0720600773274886,1.449308157412386,1.5650494982426149,0.5631168169927009,0.4470866002977665
-0.952087973587572,0.5506203060070287,0.977086813366818,0.01575703107343951,-1.8603277171780783,0.005274494650810516,-0.14030918080414057,-1.4521835344231562,-0.48547079233345813,-1.7031121727644476,1.4932378868848144,0.4470866002977665
0.050007277337537445,-1.1983768101065189,-0.06499664747269676,-0.5802307069808325,-0.2979547712075123,0.19524620823881242,-0.5897331964838521,-1.3016395910189413,-2.2868167110623476,-0.32704410076147394,0.4785603560934166,0.4470866002977665
-0.7294001400486586,0.23262083035002024,-0.23867722427928223,2.424540805709455,-0.06649211254520598,1.145104776178822,1.5206056597513151,1.4194421860125674,0.048261331734361396,-0.4130483552616594,-0.9588994791943952,0.4470866002977665
-0.5067123065097453,0.31212069926427205,0.6297256597536466,0.6117447691277116,-0.703014423866548,-0.6912884551718631,1.481525310561775,1.2011534680764224,1.64945770393782,-0.24103984626128802,-1.2971253227915278,0.4470866002977665
1.163446445032103,0.23262083035002024,-0.49919808948916117,0.36341654493843156,-0.7608800885321242,0.4485418263561483,-0.3357109267518412,-0.9215161339232322,-2.0866671645369137,-2.3911462087659343,1.3241249650862474,0.4470866002977665
-0.061336639431918714,-0.6418777277067537,0.28236450614047515,-0.23257119311584049,-0.06649211254520598,-0.43799283705452724,0.15279343811741045,0.177454652927628,-0.15188821479106943,0.10297717173945574,-0.7897865573958297,0.4470866002977665
-0.061336639431918714,0.07362109252151577,-0.3255175126825752,2.7473674971555195,-0.8187457531977007,1.7150199169428277,1.2665833900193042,2.0517267483103447,0.7821430023276118,0.7910112077409422,-1.3816817836908106,0.4470866002977665
0.9407586114931897,2.0611178153778194,0.021843640930596212,-0.7788932863322565,1.2065525100974779,-0.31134502799585934,-0.0035279586407500917,0.8737203911722051,0.448560424785226,0.18898142623964168,-1.1280124009929609,-2.2367031338760426
-0.6180562232792015,0.153120961435768,-0.5860383778924542,1.2077325071819836,-0.41368610053866506,-0.12137331440785742,-0.21846987918322083,0.629086483140356,0.448560424785226,-0.32704410076147394,-0.45156071379869706,0.4470866002977665
0.6067268611848202,-0.8008774655352581,-0.15183693587598973,-0.8533917535890405,-0.12435777721078256,0.2585701127681464,-0.257550228372761,-1.0156060985508664,-0.48547079233345813,-0.49905260976184534,0.5631168169927009,0.4470866002977665
-1.9541832245126805,-0.5623778587925017,1.237607678576697,-0.28223683795369653,-1.2238054058567367,-0.6279645506425292,0.15279343811741045,-0.7258090074977445,2.1831898280056365,-0.15503559176110207,0.4785603560934166,0.4470866002977665
-0.3953683897402892,-0.4828779898782494,-0.06499664747269676,-0.8285589311701125,-0.12435777721078256,0.06859839918014449,0.27003448568603083,-0.34944914898716567,1.3158751263954314,0.016972917239269796,-0.45156071379869706,0.4470866002977665
0.6067268611848202,0.7096200438355332,-1.1070801083122115,-0.8285589311701125,1.785209156753243,-0.43799283705452724,-1.2150187835164943,0.9678103557998812,0.7821430023276118,0.6190026987405703,-1.043455940093678,-2.2367031338760426
0.6067268611848202,0.5506203060070287,-0.15183693587598973,1.9278843573308952,0.10710488145152376,-0.3746689325251933,1.7355475802937859,1.7581660586720924,0.18169436275131629,0.7050069532407564,-1.1280124009929609,0.4470866002977665
0.9407586114931897,-0.8803773344495102,-0.23867722427928223,1.3070637968576952,0.33856754011382967,2.981498007529507,1.2861235646140743,1.1559902850551498,-0.552187307841934,-0.4130483552616594,-0.5361171746979798,0.4470866002977665
-0.6180562232792015,0.5506203060070287,-1.454441261925383,-0.6795619966565444,-0.5872830945353948,-1.007907977818533,-1.8598445451439065,0.4559609482254839,1.449308157412386,1.221032480241872,0.3940038951941338,-2.2367031338760426
-0.8407440568181148,-0.16487851422124092,-0.6728786662957469,1.8533858900741116,-0.008626447879629403,0.13192230370947847,1.5792261835356254,0.8247936095658437,-0.7523368543673679,0.4469941897401995,-0.6206736355972626,0.4470866002977665
0.1613511941069936,1.266119126235298,-0.15183693587598973,2.4493736281283836,-1.3974023998534661,-0.5646406461131952,0.42635588244419137,0.4710153425658803,-0.685620338858889,-0.24103984626128802,1.1550120432876818,0.4470866002977665
-2.399558891590507,-0.16487851422124092,-0.6728786662957469,-0.9527230432647524,-0.24008910654193572,0.4485418263561483,1.168882517045454,-1.7645622169869355,0.3818439092767471,-1.4450994092638898,1.070455582388399,0.4470866002977665
-0.8407440568181148,-0.08537864530698869,-0.9333995315056256,0.4130821897762874,-0.18222344187635914,0.7018374444734842,0.9734807710977532,0.177454652927628,0.9155760333445666,-0.49905260976184534,-0.19789133110084717,0.4470866002977665
2.3882295294961247,0.4711204370927765,0.10868392933388919,-0.7043948190754724,0.917224186769595,-1.7044709276412067,-2.055246291091607,0.6893040605020252,0.515276940293702,2.5110962977446603,0.4785603560934166,-2.2367031338760426
-0.17268055620137587,0.07362109252151577,0.10868392933388919,0.9345714605737753,-1.1080740765255834,0.005274494650810516,-0.2966305775623011,-0.9290433310934513,-1.4862185249606181,-1.4450994092638898,1.4086814259855318,0.4470866002977665
-0.8407440568181148,-0.40337812096399717,0.5428853713503535,0.5372463018709274,-0.06649211254520598,1.4617242988254917,1.5792261835356254,0.4898333354914072,-0.21860473029954836,-0.24103984626128802,-0.9588994791943952,0.4470866002977665
-0.061336639431918714,-0.9598772033637624,-0.23867722427928223,0.01575703107343951,0.570030198776136,-1.071231882347867,0.5045165808232717,0.4785425397360994,0.448560424785226,-1.2730909002635182,-1.2971253227915278,0.4470866002977665
0.49538294441536407,-0.9598772033637624,-0.06499664747269676,-0.8782245760079684,0.5121645341105594,0.13192230370947847,0.2895746602808009,-0.34944914898716567,-0.685620338858889,-0.06903133726091613,-0.8743430182951124,0.4470866002977665
-1.1747758071264842,0.23262083035002024,-0.06499664747269676,-0.28223683795369653,-0.7608800885321242,1.6516960124134936,0.2895746602808009,-1.4183111471571912,-0.8857698853843228,-1.4450994092638898,1.1550120432876818,0.4470866002977665
2.4995734462655808,-1.1983768101065189,1.5849688321898683,-0.7292276414944004,-0.24008910654193572,-0.8179362642305311,-0.257550228372761,0.4559609482254839,-0.8190533698758439,0.18898142623964168,-0.36700425289941424,0.4470866002977665
1.831509945648842,1.3853689296066762,-0.15183693587598973,-0.20773837069691256,-1.281671070522313,-0.7546123597011971,-0.3747912759413814,-0.8010809791998519,-1.4195020094521422,-1.1010823912631464,1.4932378868848144,0.4470866002977665
-0.6180562232792015,-0.005878776392736454,0.8034062365602325,0.31375090010057555,-0.47155176520424164,0.9551330625908201,0.9539405965029832,0.5161785255871532,-0.48547079233345813,-0.4130483552616594,-1.1280124009929609,0.4470866002977665
1.0521025282626468,-0.40337812096399717,0.890246524963525,2.5362885065946315,-0.47155176520424164,0.4485418263561483,1.8723288024571763,1.3818062001615137,-1.753084586994528,0.7910112077409422,-0.5361171746979798,0.4470866002977665
1.831509945648842,1.7431183397208114,-0.7597189546990398,-0.7292276414944004,3.0003881147303506,-1.5144992140532048,-1.8207641959543663,1.0430823275019885,-0.15188821479106943,0.4469941897401995,-0.36700425289941424,-2.2367031338760426
1.3861342785710153,0.9481196505782894,-0.15183693587598973,-0.8285589311701125,1.9009404860843961,-0.24802112346652536,-1.4690410532485052,0.7909212222998786,0.18169436275131629,0.2749856807398276,-0.28244779200013,-2.2367031338760426
-2.0655271412821374,-1.5958761546777798,0.10868392933388919,-0.8285589311701125,-1.16593974119116,-1.1978796914065348,-0.5897331964838521,-1.4484199358380676,2.3166228590225915,0.10297717173945574,1.3241249650862474,0.4470866002977665
-0.17268055620137587,-1.1188769411922665,0.28236450614047515,-0.7292276414944004,-0.47155176520424164,0.4485418263561483,-0.17938952999368069,-1.4785287245189023,0.11497784724284033,-0.49905260976184534,1.9160201913812298,0.4470866002977665
0.050007277337537445,2.6971167666918374,-2.4965247227648977,-0.7043948190754724,1.0329555161007482,-1.4511753095238709,-1.8598445451439065,1.231262256757257,1.64945770393782,1.3930409892422437,-0.9588994791943952,-2.2367031338760426
0.27269511087645076,-0.5623778587925017,0.8034062365602325,-0.8782245760079684,-0.18222344187635914,0.005274494650810516,-0.277090402967531,-0.9516249226041085,-2.2868167110623476,-1.1010823912631464,0.14033451249628545,0.4470866002977665
-0.061336639431918714,0.153120961435768,-0.23867722427928223,-0.9030573984268965,0.16497054611709994,0.3852179218268143,1.3056637392088444,-0.4623571065403268,0.31512739376827115,0.7910112077409422,-0.28244779200013,0.4470866002977665
0.7180707779542764,1.981617946463568,-1.628121838731969,1.3567294416955515,2.768925456068044,-0.5646406461131952,1.1102619932611437,1.6452581011188896,0.6487099713106569,-0.49905260976184534,-1.2971253227915278,0.4470866002977665
-2.1768710580515935,-0.08537864530698869,0.19552421773718215,-0.30706966037262445,-1.050208411860007,1.4617242988254917,1.0321012948820634,-1.967796540582642,0.9155760333445666,-1.7891164272646334,2.000576652280513,0.4470866002977665
0.6067268611848202,-0.7213775966210059,-0.15183693587598973,-0.033908613764416534,0.10710488145152376,0.13192230370947847,-0.6483537202681623,0.02691070952341317,-0.552187307841934,-0.7570653732624032,-0.6206736355972626,0.4470866002977665
0.7180707779542764,-0.005878776392736454,1.5849688321898683,2.1017141142633915,0.8014928574384419,1.208428680708156,1.3838244375879247,1.8710740162252537,-0.01845518377411456,0.18898142623964168,-1.3816817836908106,0.4470866002977665
-0.6180562232792015,-0.6418777277067537,-0.41235780108586817,0.7855745260602074,0.33856754011382967,1.018456967120154,1.188422691640224,0.5538145114382068,-0.685620338858889,-0.15503559176110207,-1.043455940093678,0.4470866002977665
-0.28402447297083205,1.8226182086350635,-1.5412815503286759,-0.7292276414944004,1.6116121627565132,-1.007907977818533,-1.6449026246014358,1.2688982426083109,2.5834889210565013,1.135028225741686,-0.7052300964965453,-2.2367031338760426
-0.17268055620137587,0.23262083035002024,-0.3255175126825752,0.06542267591129555,0.6857615281072887,-1.071231882347867,0.9539405965029832,-0.5301018810722569,0.31512739376827115,0.5329984442403845,0.8167861996905492,0.4470866002977665
0.1613511941069936,2.220117553206324,-2.670205299571484,-0.7043948190754724,2.479597132740161,-1.3878514049945367,-2.074786465686377,0.3581073850127192,1.3158751263954314,0.36098993524001355,0.7322297387912664,-2.2367031338760426
-0.6180562232792015,1.5046187329780547,-0.9333995315056256,-0.6298963518186885,0.6278958634417122,-0.7546123597011971,-0.15984935539891063,-0.29675876879567376,-0.2853212458080243,-0.9290738822627745,-1.212568861892245,0.4470866002977665
-1.2861197238959414,-0.8803773344495102,-1.2807606851187971,-0.8782245760079684,-0.3558204358730885,0.8284852535321521,-0.4138716251309215,-1.8097254000082081,0.048261331734361396,-1.1870866457633324,1.3241249650862474,0.4470866002977665
0.3840390276459069,-0.6418777277067537,0.28236450614047515,1.0835683950873436,0.2228362107826765,-0.7546123597011971,-0.6678938948629324,0.6817768633318061,-1.2193524629267085,0.4469941897401995,-0.5361171746979798,0.4470866002977665
0.49538294441536407,-1.0393770722780147,-0.5860383778924542,-0.8782245760079684,-0.06649211254520598,-0.6279645506425292,-0.277090402967531,-0.03707046642338649,1.9830402814802057,1.135028225741686,-0.1133348702015644,0.4470866002977665
-0.5067123065097453,-0.08537864530698869,-0.23867722427928223,1.6174740770942952,-0.41368610053866506,-0.12137331440785742,-0.21846987918322083,0.09465548405530148,-1.619651555977573,-1.7891164272646334,0.22489097339556824,0.4470866002977665
-0.3953683897402892,-0.40337812096399717,1.8454896973997472,0.8104073484791353,-0.06649211254520598,1.335076489766824,1.3838244375879247,0.5575781100233372,-0.4187542768249792,-0.32704410076147394,-0.9588994791943952,0.4470866002977665
0.49538294441536407,-0.8008774655352581,-0.3255175126825752,0.5869119467087834,-0.9923427471944305,0.6385135399441502,0.46543623163373155,-0.27417717728505825,-0.48547079233345813,-1.1010823912631464,0.9858991214891163,0.4470866002977665
2.610917363035039,0.39162056817852425,0.7165659481569395,-0.8533917535890405,1.8430748214188195,0.6385135399441502,-1.2736393073008045,0.9753375529700584,1.64945770393782,1.9090665162433584,0.22489097339556824,-2.2367031338760426
-0.6180562232792015,-0.7213775966210059,0.10868392933388919,0.7359088812223515,-1.1080740765255834,0.19524620823881242,0.07463273973833018,0.3279985963318846,1.1824420953784764,-1.0150781367629604,-0.36700425289941424,0.4470866002977665
-0.28402447297083205,-0.8803773344495102,-0.5860383778924542,0.3882493673573595,-0.24008910654193572,-0.1846972189371914,-0.39433145053615143,-0.16879641690207445,-0.685620338858889,-1.5311036637640756,-0.36700425289941424,0.4470866002977665
-1.2861197238959414,-0.2443783831354927,0.36920479454376764,-0.6547291742376166,0.2807018754482531,0.32189401729748035,-0.12076900620937049,-0.5752650640935297,0.3818439092767471,-0.06903133726091613,-0.36700425289941424,0.4470866002977665
-2.28821497482105,0.19287089589289413,-1.454441261925383,-0.9030573984268965,-0.703014423866548,2.4115828667655013,0.9344004219082132,-0.6806458244764717,1.64945770393782,-0.4130483552616594,-0.14152035716796346,0.4470866002977665
-0.8407440568181148,-0.4828779898782494,1.4112882553832824,1.6547233107226873,-0.008626447879629403,1.9683155350601635,1.755087754888556,1.0807183133530422,-0.21860473029954836,-0.06903133726091613,-0.9588994791943952,0.4470866002977665
-0.952087973587572,-0.7213775966210059,-0.49919808948916117,1.7788874228173273,-0.7608800885321242,1.4617242988254917,0.2895746602808009,0.33176219491697323,-0.08517169928259348,-0.9290738822627745,0.055778051597001166,0.4470866002977665
0.3840390276459069,-0.7213775966210059,-0.41235780108586817,-0.8533917535890405,-0.47155176520424164,0.06859839918014449,1.0125611202872935,-0.74839059900836,0.31512739376827115,-0.24103984626128802,0.4785603560934166,0.4470866002977665
-0.061336639431918714,1.107119388406794,-1.7149621271352617,-0.6298963518186885,-0.2979547712075123,-1.5778231185825387,-2.113866814875917,-0.14621482539145894,0.515276940293702,1.221032480241872,0.6476732778919837,-2.2367031338760426
-0.7294001400486586,0.4711204370927765,0.5428853713503535,-0.8533917535890405,-1.3974023998534661,-1.1978796914065348,-0.863295640810633,-1.9452149490720265,-1.8865176180114829,-1.0150781367629604,1.4086814259855318,0.4470866002977665
-0.3953683897402892,1.5046187329780547,-0.41235780108586817,1.5802248434659036,-1.1080740765255834,0.06859839918014449,-0.19892970458845077,-0.34192195181694657,0.31512739376827115,2.3390877887442882,1.9160201913812298,0.4470866002977665
-0.8407440568181148,1.0276195194925417,0.7165659481569395,-0.6050635293997605,1.6694778274220898,-1.5778231185825387,-2.074786465686377,0.6102684902148292,1.9163237659717267,1.5650494982426149,0.309447434294851,-2.2367031338760426
-0.7294001400486586,-0.8008774655352581,-0.15183693587598973,1.6795561331416153,-0.008626447879629403,1.145104776178822,0.5240567554180418,0.3355257935021037,-0.01845518377411456,-1.1010823912631464,0.14033451249628545,0.4470866002977665
1.0521025282626468,2.6971167666918374,-2.5833650111681905,-0.6050635293997605,1.7273434920876665,-0.881260168759865,-1.6058222754118956,0.8925383840977319,0.7821430023276118,1.9950707707435444,0.901342660589832,-2.2367031338760426
-0.3953683897402892,0.07362109252151577,0.19552421773718215,-0.6050635293997605,0.2228362107826765,0.5751896354148163,1.755087754888556,-0.28923157162545465,-0.48547079233345813,0.7910112077409422,-0.5361171746979798,0.4470866002977665
-1.5088075574348547,-0.8803773344495102,0.4560450829470606,-0.6050635293997605,-0.008626447879629403,-0.944584073289199,0.09417291433310024,-0.417193923519054,1.782890734954775,-0.15503559176110207,-0.5361171746979798,0.4470866002977665
0.8294146947237335,-0.2443783831354927,0.19552421773718215,0.43791501219521556,-0.6451487592009714,0.06859839918014449,0.6803781521762022,0.4409065538850457,1.1157255798700003,0.9630197167413141,0.055778051597001166,0.4470866002977665
-0.17268055620137587,0.6301201749212809,0.36920479454376764,1.6547233107226873,-0.24008910654193572,1.6516960124134936,1.9504895008362566,1.4382601789380942,-1.0192029164012777,0.18898142623964168,-1.1280124009929609,0.4470866002977665
1.3861342785710153,1.5046187329780547,0.36920479454376764,-0.5057322397240485,1.6694778274220898,-0.6279645506425292,0.13325326352264039,1.3818062001615137,0.048261331734361396,0.9630197167413141,-1.043455940093678,-2.2367031338760426
-0.061336639431918714,-0.6418777277067537,0.8034062365602325,0.6365775915466395,-0.47155176520424164,1.208428680708156,0.602217453797122,-0.4623571065403268,-0.7523368543673679,-2.0471291907651907,0.6476732778919837,0.4470866002977665
-0.3953683897402892,-0.7213775966210059,0.5428853713503535,-0.8285589311701125,-0.47155176520424164,0.005274494650810516,-0.3747912759413814,-1.444656337252937,-0.48547079233345813,1.307036734742058,1.1550120432876818,0.4470866002977665
1.163446445032103,-0.6418777277067537,-0.23867722427928223,-0.5553978845619044,-0.008626447879629403,1.145104776178822,0.8757798981239029,0.4785425397360994,0.24841087825979224,1.8230622617431727,-0.9588994791943952,0.4470866002977665
-0.17268055620137587,-0.7213775966210059,-0.5860383778924542,-0.0090757913454884,2.5374627974057375,-0.05804940987852345,0.05509256514356011,0.4409065538850457,-1.2860689784351873,-0.4130483552616594,-1.7199076272879432,0.4470866002977665
-1.5088075574348547,-1.1983768101065189,-0.3255175126825752,-0.8782245760079684,-0.24008910654193572,1.3984003942961578,0.9344004219082132,-0.8010809791998519,0.3818439092767471,-1.1870866457633324,-0.45156071379869706,0.4470866002977665
-0.061336639431918714,-0.40337812096399717,0.6297256597536466,1.3815622641144794,-0.24008910654193572,0.13192230370947847,0.36773535865988116,0.46725174398079167,-1.0859194319097536,-0.06903133726091613,-0.28244779200013,0.4470866002977665
0.1613511941069936,-0.40337812096399717,0.10868392933388919,0.23925243284379158,-0.6451487592009714,0.5118657308854823,-0.45295197432046164,-0.19890520558295086,0.5819934558021809,-0.9290738822627745,0.8167861996905492,0.4470866002977665
-0.3953683897402892,0.5506203060070287,0.4560450829470606,1.0587355726684153,0.7436271927728654,0.7018374444734842,1.8332484532676363,1.3818062001615137,0.5819934558021809,0.4469941897401995,-1.043455940093678,0.4470866002977665
-0.6180562232792015,0.153120961435768,-0.23867722427928223,-0.23257119311584049,-0.47155176520424164,-0.43799283705452724,-0.7655947678367827,-1.365620766965741,0.24841087825979224,1.135028225741686,1.66235080868338,0.4470866002977665
1.163446445032103,0.8686197816640372,0.4560450829470606,0.01575703107343951,-0.6451487592009714,0.19524620823881242,-0.3747912759413814,-0.7258090074977445,-0.6189038233504129,0.5329984442403845,1.4086814259855318,0.4470866002977665
-0.17268055620137587,1.1866192573210461,-0.41235780108586817,-0.5553978845619044,-0.3558204358730885,-0.1846972189371914,-0.7265144186472425,-1.0494784858168313,1.0490090643615215,0.016972917239269796,1.1550120432876818,0.4470866002977665
1.0521025282626468,0.23262083035002024,0.977086813366818,-0.7292276414944004,2.190268809412278,-1.4511753095238709,-1.9770855927125268,0.5763961029488641,0.8488595178360907,0.7910112077409422,0.6476732778919837,-2.2367031338760426
-0.6180562232792015,-0.005878776392736454,-0.41235780108586817,2.0520484694255354,-0.12435777721078256,1.6516960124134936,1.6573868819147057,1.34417021431046,-0.3520377613165032,-0.8430696277625891,-0.8743430182951124,0.4470866002977665
-0.17268055620137587,-0.7213775966210059,0.10868392933388919,0.23925243284379158,0.33856754011382967,0.5751896354148163,0.6217576283918921,-0.04836126217869424,-0.15188821479106943,0.5329984442403845,0.14033451249628545,0.4470866002977665
0.6067268611848202,-0.5623778587925017,-0.15183693587598973,-0.9527230432647524,-0.12435777721078256,0.19524620823881242,-0.7069742440524726,-1.4032567528167947,-1.2193524629267085,-1.0150781367629604,0.6899515083416243,0.4470866002977665
0.27269511087645076,-1.1188769411922665,0.890246524963525,-0.8285589311701125,0.2228362107826765,-0.43799283705452724,0.11371308892787031,-0.6204282471147607,-0.21860473029954836,-0.15503559176110207,0.14033451249628545,0.4470866002977665
-0.061336639431918714,2.1406176842920717,2.366531427819504,0.8104073484791353,-0.9344770825288539,-0.12137331440785742,0.9539405965029832,-0.4435391136147999,0.3818439092767471,-0.5850568642620313,1.3241249650862474,0.4470866002977665
0.49538294441536407,-1.0393770722780147,-0.15183693587598973,-0.8782245760079684,-0.3558204358730885,0.19524620823881242,-0.3747912759413814,-0.03330686783829783,2.1164733124971606,0.7910112077409422,-0.1133348702015644,0.4470866002977665
-0.6180562232792015,-1.277876679020771,1.150767390173404,-0.9278902208458244,-0.2979547712075123,2.284935057706833,0.5826772792023519,-1.2150768235614844,-0.552187307841934,1.9090665162433584,0.4785603560934166,0.4470866002977665
1.3861342785710153,-0.005878776392736454,1.0639271017701109,0.5124134794519994,-0.06649211254520598,-0.8179362642305311,-0.6483537202681623,0.8850111869275546,0.048261331734361396,1.135028225741686,-0.028778409302281614,0.4470866002977665
0.49538294441536407,-1.1983768101065189,0.10868392933388919,-0.8782245760079684,0.9750898514351717,-0.5013167415838612,0.38727553325465125,-0.974206514114724,-1.0859194319097536,-0.32704410076147394,0.6476732778919837,0.4470866002977665
-0.6180562232792015,-0.5623778587925017,-0.15183693587598973,1.6050576658848315,0.16497054611709994,0.06859839918014449,0.895320072718673,1.0807183133530422,0.5819934558021809,-0.49905260976184534,-0.9588994791943952,0.4470866002977665
0.3840390276459069,-0.8803773344495102,-0.41235780108586817,-0.8285589311701125,-0.47155176520424164,0.32189401729748035,0.05509256514356011,-0.582792261263707,0.7821430023276118,-0.5850568642620313,0.14033451249628545,0.4470866002977665
0.49538294441536407,0.6301201749212809,1.4981285437865755,-0.7292276414944004,1.9588061507499728,-1.071231882347867,-1.0391572121635637,1.231262256757257,0.7821430023276118,0.36098993524001355,-1.212568861892245,-2.2367031338760426
1.3861342785710153,-0.32387825204974496,0.7165659481569395,0.7110760588034234,-0.5294174298698182,1.145104776178822,1.7160074056990158,1.3818062001615137,0.5819934558021809,0.016972917239269796,-0.9588994791943952,0.4470866002977665
1.6088221121099298,-0.8803773344495102,0.6297256597536466,1.7043889555605436,0.39643320477940625,1.2717525852374898,0.9734807710977532,2.435613803991101,0.7821430023276118,2.683104806745031,-1.4662382445900934,0.4470866002977665
1.6088221121099298,2.5778669633204587,0.4560450829470606,-0.7292276414944004,2.363865803409008,-1.007907977818533,-1.2736393073008045,1.3253522213848914,0.5819934558021809,0.5329984442403845,-0.19789133110084717,-2.2367031338760426
-0.17268055620137587,-0.7213775966210059,0.5428853713503535,2.5487049178040952,0.16497054611709994,2.348258962236167,1.1298021678559138,2.0404359525549953,1.1824420953784764,2.9411175702455887,-1.1280124009929609,0.4470866002977665
1.3861342785710153,-0.7213775966210059,0.4560450829470606,0.4627478346141434,-0.8187457531977007,-1.1978796914065348,-0.5897331964838521,0.177454652927628,-1.4195020094521422,-1.1010823912631464,-0.1133348702015644,0.4470866002977665
0.7180707779542764,1.5841186018923068,-0.5860383778924542,-0.6298963518186885,2.479597132740161,-1.4511753095238709,-1.6058222754118956,1.5323501435657285,1.64945770393782,1.307036734742058,-0.8743430182951124,-2.2367031338760426
1.163446445032103,-0.2443783831354927,1.150767390173404,-0.7788932863322565,1.9009404860843961,-0.1846972189371914,-1.0196170375687936,0.40703416661908065,0.9155760333445666,1.307036734742058,0.4785603560934166,-2.2367031338760426
-0.5067123065097453,-0.2443783831354927,0.28236450614047515,1.2325653296009116,-0.5872830945353948,-0.05804940987852345,0.2504943110912608,0.5538145114382068,-0.7523368543673679,-0.5850568642620313,-0.7052300964965453,0.4470866002977665
-0.28402447297083205,-1.0393770722780147,-0.23867722427928223,1.3070637968576952,-0.5294174298698182,-0.12137331440785742,-0.10122883161460043,0.2865990118957005,-0.7523368543673679,-0.49905260976184534,0.22489097339556824,0.4470866002977665
-0.061336639431918714,0.153120961435768,0.021843640930596212,0.6862432363844956,-0.47155176520424164,-0.12137331440785742,0.2895746602808009,-0.6279554442849798,-0.7523368543673679,0.5329984442403845,1.4086814259855318,0.4470866002977665
-0.7294001400486586,0.39162056817852425,-1.0202398199089184,-0.4312337724672644,1.5537464980909366,-1.007907977818533,-1.5862821008171255,0.629086483140356,2.2499063435141156,0.10297717173945574,1.7469072695826628,-2.2367031338760426
-0.061336639431918714,0.153120961435768,-0.41235780108586817,0.01575703107343951,-1.2238054058567367,0.9551330625908201,0.44589605703896146,-0.5752650640935297,0.18169436275131629,-0.6710611187622172,0.4785603560934166,0.4470866002977665
0.9407586114931897,1.5046187329780547,-0.06499664747269676,-0.7540604639133285,1.5537464980909366,-1.4511753095238709,-1.9184650689282168,0.7419944406935172,0.5819934558021809,0.4469941897401995,-0.19789133110084717,-2.2367031338760426
0.27269511087645076,-0.8803773344495102,-0.06499664747269676,-0.7292276414944004,-0.5294174298698182,0.7651613490028182,1.3252039138036145,-1.0645328801572695,0.515276940293702,-0.8430696277625891,1.1550120432876818,0.4470866002977665
0.050007277337537445,-0.7213775966210059,-0.15183693587598973,0.9842371054116316,0.10710488145152376,-0.43799283705452724,-0.5897331964838521,0.6140320887999178,0.448560424785226,-0.4130483552616594,-0.7052300964965453,0.4470866002977665
1.2747903618015592,-0.2443783831354927,0.28236450614047515,-0.9030573984268965,-0.7608800885321242,-1.261203595935869,0.11371308892787031,-0.6053738527743643,-0.552187307841934,-0.06903133726091613,-0.7052300964965453,0.4470866002977665
0.050007277337537445,-0.9598772033637624,0.19552421773718215,0.33858372251950347,-0.9344770825288539,0.7018374444734842,0.13325326352264039,-0.7935537820296328,0.5819934558021809,-1.1010823912631464,1.3241249650862474,0.4470866002977665
0.6067268611848202,0.153120961435768,-0.23867722427928223,-0.0090757913454884,-0.3558204358730885,-0.6279645506425292,0.6803781521762022,-0.02954326925316739,0.9155760333445666,0.5329984442403845,0.22489097339556824,0.4470866002977665
-2.1768710580515935,-0.5623778587925017,0.28236450614047515,-0.9527230432647524,-0.8187457531977007,1.145104776178822,0.7389986759605125,-2.3291020047528246,0.6487099713106569,-1.6171079182642616,2.0851331131797957,0.4470866002977665
-0.3953683897402892,-0.5623778587925017,-0.7597189546990398,1.8285530676551836,0.16497054611709994,0.2585701127681464,0.5045165808232717,1.065663919012604,-0.8190533698758439,1.3930409892422437,-1.043455940093678,0.4470866002977665
0.27269511087645076,-0.5623778587925017,0.4560450829470606,-0.7292276414944004,-1.1080740765255834,-0.6279645506425292,-1.1173179105426438,-1.192495232050869,-0.6189038233504129,1.0490239712415002,1.5777943477840972,0.4470866002977665
0.49538294441536407,-0.8803773344495102,0.4560450829470606,-0.9278902208458244,-0.5872830945353948,0.8284852535321521,-0.17938952999368069,-0.4999930923913805,0.9155760333445666,-1.4450994092638898,-0.6206736355972626,0.4470866002977665
-0.952087973587572,-0.5623778587925017,-0.3255175126825752,1.2077325071819836,0.8014928574384419,0.13192230370947847,0.6217576283918921,1.005446341650935,0.5819934558021809,-0.32704410076147394,-0.9588994791943952,0.4470866002977665
0.7180707779542764,-0.6418777277067537,0.8034062365602325,0.06542267591129555,1.0329555161007482,-1.071231882347867,-0.570193021889082,0.3581073850127192,-0.3520377613165032,2.5110962977446603,-0.7897865573958297,0.4470866002977665
-1.1747758071264842,0.4711204370927765,-0.06499664747269676,-0.8533917535890405,-0.8766114178632773,0.2585701127681464,-0.49203232351000176,-1.531219104710394,0.9155760333445666,0.4469941897401995,1.1550120432876818,0.4470866002977665
0.27269511087645076,-0.16487851422124092,0.8034062365602325,0.6614104139655674,-1.3974023998534661,1.5883721078841597,1.1102619932611437,-0.4247211206892731,-1.2193524629267085,-1.6171079182642616,0.7322297387912664,0.4470866002977665
-0.6180562232792015,-0.2443783831354927,-1.1939203967155043,0.8352401708980637,-0.3558204358730885,1.9049916305308296,1.4619851359670049,0.6930676590871556,-0.01845518377411456,-0.4130483552616594,-1.043455940093678,0.4470866002977665
-0.28402447297083205,0.5506203060070287,-0.41235780108586817,1.1456504511346637,-0.703014423866548,0.2585701127681464,-0.570193021889082,-0.7634449933487982,-1.619651555977573,-1.1870866457633324,1.4932378868848144,0.4470866002977665
2.9449491133434074,0.789119912749785,0.5428853713503535,-0.6547291742376166,2.479597132740161,-1.3245275004652028,-1.8989248943334467,1.4796597633742365,0.11497784724284033,0.4469941897401995,-0.1133348702015644,-2.2367031338760426
0.1613511941069936,-1.0393770722780147,-0.41235780108586817,-0.9030573984268965,-0.41368610053866506,-0.6912884551718631,-0.9609965137844834,-0.4999930923913805,-1.2193524629267085,1.9950707707435444,-0.6206736355972626,0.4470866002977665
-0.17268055620137587,2.538117028863333,-1.628121838731969,-0.28223683795369653,2.9425224500647738,-0.944584073289199,0.11371308892787031,1.118354299204096,0.3818439092767471,0.8770154622411283,-0.9588994791943952,-2.2367031338760426
-0.6180562232792015,-0.5623778587925017,-0.7597189546990398,-0.8533917535890405,-0.5872830945353948,0.4485418263561483,0.7194585013657424,-0.19890520558295086,1.2491586108869552,0.36098993524001355,-0.6206736355972626,0.4470866002977665
-0.952087973587572,0.5506203060070287,-0.9333995315056256,0.4130821897762874,-0.8766114178632773,-0.3746689325251933,0.32865500947034104,-0.04836126217869424,0.515276940293702,1.5650494982426149,-0.19789133110084717,0.4470866002977665
-0.7294001400486586,-0.32387825204974496,-0.49919808948916117,0.21441961042486346,-0.5872830945353948,1.335076489766824,0.6803781521762022,0.403270568033992,0.3818439092767471,-1.1010823912631464,-1.043455940093678,0.4470866002977665
-0.6180562232792015,-0.2443783831354927,-0.15183693587598973,-0.8285589311701125,0.2228362107826765,0.19524620823881242,0.13325326352264039,-0.3870851348382194,1.716174219446296,0.4469941897401995,-0.1133348702015644,0.4470866002977665
1.2747903618015592,-0.8803773344495102,1.5849688321898683,0.7855745260602074,0.16497054611709994,1.2717525852374898,1.6573868819147057,0.5538145114382068,-0.8190533698758439,0.10297717173945574,0.309447434294851,0.4470866002977665
1.942853862418298,0.153120961435768,0.6297256597536466,-0.40640095004833654,0.8593585221040185,-1.3245275004652028,-1.9770855927125268,0.2828354133106118,0.515276940293702,1.9090665162433584,1.1550120432876818,-2.2367031338760426
0.6067268611848202,2.379117291034828,-0.41235780108586817,-0.7540604639133285,1.4380151687597835,-0.43799283705452724,-0.6288135456733922,0.8247936095658437,0.515276940293702,0.18898142623964168,-0.7052300964965453,-2.2367031338760426
0.050007277337537445,-0.8803773344495102,0.5428853713503535,-0.7292276414944004,-1.050208411860007,-0.31134502799585934,0.309114834875571,-0.27417717728505825,0.3818439092767471,0.8770154622411283,-0.36700425289941424,0.4470866002977665
0.7180707779542764,-0.005878776392736454,0.28236450614047515,-0.6050635293997605,1.9588061507499728,-0.31134502799585934,-1.6644427991962059,-0.13868762822123984,-0.01845518377411456,0.7050069532407564,1.5777943477840972,-2.2367031338760426
-0.28402447297083205,1.34561899514955,-1.9754829923451402,-0.7043948190754724,0.917224186769595,-0.8179362642305311,-1.683982973790976,0.5989776944594796,0.7154264868191358,1.135028225741686,-0.7897865573958297,-2.2367031338760426
-0.28402447297083205,-0.8008774655352581,0.977086813366818,1.0339027502494873,0.04923921678594718,0.005274494650810516,0.5826772792023519,0.5161785255871532,-0.685620338858889,1.9950707707435444,-0.6206736355972626,0.4470866002977665
-1.3974636406653975,-0.005878776392736454,-0.15183693587598973,0.5869119467087834,0.10710488145152376,0.13192230370947847,0.44589605703896146,-0.22901399426378546,0.5819934558021809,-0.06903133726091613,0.36581840822773476,0.4470866002977665
-0.17268055620137587,0.07362109252151577,-0.06499664747269676,-0.9775558656836805,0.04923921678594718,-0.5646406461131952,-0.14030918080414057,-0.390848733423308,0.11497784724284033,0.8770154622411283,-0.36700425289941424,0.4470866002977665
0.27269511087645076,-0.08537864530698869,-0.06499664747269676,0.7855745260602074,0.10710488145152376,0.5751896354148163,1.3252039138036145,0.9753375529700584,-0.48547079233345813,-0.15503559176110207,-1.2971253227915278,0.4470866002977665
0.6067268611848202,0.23262083035002024,0.36920479454376764,0.2640852552627195,-0.8187457531977007,-1.1978796914065348,0.11371308892787031,-0.5752650640935297,-0.4187542768249792,-1.0150781367629604,1.1550120432876818,0.4470866002977665
-0.28402447297083205,0.8686197816640372,1.3244479669799898,1.1828996847630553,0.33856754011382967,2.284935057706833,2.2240519451630374,1.7130028756508198,0.048261331734361396,-0.06903133726091613,-1.3816817836908106,0.4470866002977665
-0.6180562232792015,0.23262083035002024,1.150767390173404,0.8104073484791353,-0.2979547712075123,1.4617242988254917,1.5792261835356254,0.595214095874391,-0.2853212458080243,-0.24103984626128802,-0.9588994791943952,0.4470866002977665
-0.5067123065097453,0.7096200438355332,0.021843640930596212,-0.35673530521048047,-0.12435777721078256,-0.5646406461131952,0.5240567554180418,-1.3882023584763565,-0.48547079233345813,-1.7031121727644476,1.1550120432876818,0.4470866002977665
0.8294146947237335,-0.40337812096399717,0.021843640930596212,-0.9030573984268965,-0.2979547712075123,1.018456967120154,0.6803781521762022,-0.08599724802974795,1.3158751263954314,-0.06903133726091613,-0.45156071379869706,0.4470866002977665
0.1613511941069936,-0.40337812096399717,0.021843640930596212,-0.6795619966565444,-0.24008910654193572,-0.12137331440785742,0.15279343811741045,-0.08599724802974795,0.7821430023276118,1.135028225741686,0.22489097339556824,0.4470866002977665
1.3861342785710153,0.23262083035002024,0.5428853713503535,-0.7540604639133285,0.5121645341105594,0.7651613490028182,-0.9023759900001732,0.05701949820424777,0.048261331734361396,2.597100552244846,1.1550120432876818,-2.2367031338760426
0.050007277337537445,-0.32387825204974496,-0.15183693587598973,-0.2574040155347685,0.6278958634417122,-0.1846972189371914,1.5401458343460852,0.8172664123956246,2.1164733124971606,0.7050069532407564,-0.28244779200013,0.4470866002977665
2.2768856127266686,-0.005878776392736454,1.5849688321898683,0.4875806570330716,-0.8187457531977007,-0.31134502799585934,-0.570193021889082,-0.08599724802974795,-1.5529350404690943,-1.4450994092638898,0.7322297387912664,0.4470866002977665
0.49538294441536407,-0.005878776392736454,1.4981285437865755,2.3003766936148153,-0.3558204358730885,1.9683155350601635,1.6378467073199356,1.6452581011188896,-1.0859194319097536,0.7050069532407564,-1.043455940093678,0.4470866002977665
0.050007277337537445,-0.6418777277067537,0.10868392933388919,-0.7788932863322565,-0.008626447879629403,-0.3746689325251933,-0.14030918080414057,-0.9139889367530131,-0.7523368543673679,-0.32704410076147394,0.3940038951941338,0.4470866002977665
0.9407586114931897,-0.8803773344495102,0.10868392933388919,0.01575703107343951,-1.8603277171780783,0.005274494650810516,-0.3747912759413814,-0.7784993876892364,-1.5529350404690943,-1.0150781367629604,0.309447434294851,0.4470866002977665
0.050007277337537445,2.379117291034828,-0.41235780108586817,-0.8037261087511844,0.16497054611709994,-0.3746689325251933,0.7976191997448226,0.2527266246297772,0.9155760333445666,0.7910112077409422,-0.028778409302281614,0.4470866002977665
0.1613511941069936,0.23262083035002024,0.10868392933388919,-0.7292276414944004,0.16497054611709994,-0.12137331440785742,0.1918737873069506,-0.14621482539145894,0.515276940293702,-0.06903133726091613,-0.19789133110084717,0.4470866002977665
0.7180707779542764,-0.08537864530698869,-0.7597189546990398,1.3070637968576952,0.04923921678594718,1.6516960124134936,1.3838244375879247,1.005446341650935,-0.9524864008927987,-0.9290738822627745,-1.1280124009929609,0.4470866002977665
-0.061336639431918714,0.789119912749785,0.021843640930596212,-0.7292276414944004,1.785209156753243,-0.6279645506425292,-1.3518000056798847,1.0355551303317694,1.64945770393782,0.36098993524001355,-0.9588994791943952,-2.2367031338760426
-1.3974636406653975,-0.40337812096399717,-0.06499664747269676,-0.7788932863322565,-0.5294174298698182,-0.05804940987852345,-0.2966305775623011,-1.497346717444429,1.716174219446296,0.10297717173945574,1.5777943477840972,0.4470866002977665
1.942853862418298,2.538117028863333,-0.23867722427928223,-0.5553978845619044,2.768925456068044,-0.881260168759865,-1.0000768629740235,1.283952636948749,0.24841087825979224,1.0490239712415002,-0.36700425289941424,-2.2367031338760426
1.2747903618015592,-1.5163762857635275,0.6297256597536466,-1.0023886881026083,-0.8187457531977007,0.32189401729748035,-0.6678938948629324,-1.3806751613061374,-2.820548835130167,0.36098993524001355,1.1550120432876818,0.4470866002977665
-0.952087973587572,0.153120961435768,-0.06499664747269676,-0.4808994173051205,-0.703014423866548,-0.05804940987852345,0.07463273973833018,-1.7720894141571546,0.5819934558021809,-0.9290738822627745,2.0851331131797957,0.4470866002977665
-0.061336639431918714,-0.4828779898782494,0.8034062365602325,-0.9030573984268965,-0.5872830945353948,-0.5646406461131952,-0.3747912759413814,-1.4408927386678485,-1.2860689784351873,-1.0150781367629604,0.6476732778919837,0.4470866002977665
-0.952087973587572,-0.32387825204974496,0.10868392933388919,0.31375090010057555,-0.008626447879629403,1.018456967120154,0.7976191997448226,-0.4209575221041844,-0.01845518377411456,0.7910112077409422,0.309447434294851,0.4470866002977665
-0.17268055620137587,-1.357376547935023,-1.1070801083122115,-0.8782245760079684,-0.06649211254520598,-0.05804940987852345,-0.5897331964838521,-0.861298556561563,0.31512739376827115,0.2749856807398276,0.4785603560934166,0.4470866002977665
-0.8407440568181148,-0.32387825204974496,-0.41235780108586817,1.7788874228173273,-0.12435777721078256,0.7651613490028182,0.13325326352264039,0.4409065538850457,-0.4187542768249792,-1.1870866457633324,0.14033451249628545,0.4470866002977665
-0.6180562232792015,-0.5623778587925017,-0.41235780108586817,0.8104073484791353,0.33856754011382967,1.018456967120154,1.2079628662349942,0.5462873142680295,-0.685620338858889,-0.06903133726091613,-0.9588994791943952,0.4470866002977665
-0.3953683897402892,-0.5623778587925017,-0.23867722427928223,-0.7788932863322565,-1.16593974119116,0.5118657308854823,0.23095413649649071,-0.7935537820296328,0.7821430023276118,-0.4130483552616594,0.6476732778919837,0.4470866002977665
0.27269511087645076,2.2996174221205763,-0.9333995315056256,1.2325653296009116,1.2644181747630545,-0.6279645506425292,1.0516414694768335,1.1936262709062033,-1.2860689784351873,0.2749856807398276,-1.2971253227915278,0.4470866002977665
-0.8407440568181148,0.07362109252151577,1.6718091205931613,0.3882493673573595,-0.008626447879629403,1.9049916305308296,1.2861235646140743,0.3279985963318846,-0.21860473029954836,-0.49905260976184534,-0.8743430182951124,0.4470866002977665
0.7180707779542764,-0.16487851422124092,-0.41235780108586817,0.3882493673573595,-0.3558204358730885,0.06859839918014449,0.7780790251500526,0.177454652927628,-0.552187307841934,-0.32704410076147394,0.055778051597001166,0.4470866002977665
-1.5088075574348547,0.07362109252151577,0.19552421773718215,0.6117447691277116,-0.6451487592009714,-0.3746689325251933,-0.49203232351000176,-0.4698843037105459,0.18169436275131629,-0.15503559176110207,0.3940038951941338,0.4470866002977665
-1.1747758071264842,0.39162056817852425,-2.322844145958312,0.18958678800593554,-0.12435777721078256,-0.6279645506425292,-0.6483537202681623,-0.19890520558295086,-0.01845518377411456,0.016972917239269796,-0.36700425289941424,0.4470866002977665
-0.28402447297083205,-1.635626089134906,0.10868392933388919,1.8533858900741116,0.16497054611709994,0.19524620823881242,-0.277090402967531,1.5323501435657285,2.1164733124971606,-0.49905260976184534,-1.212568861892245,0.4470866002977665
-1.0634318903570281,1.0276195194925417,-0.41235780108586817,-0.45606659488619244,0.2807018754482531,1.6516960124134936,0.15279343811741045,-1.5462734990507905,-0.01845518377411456,-1.0150781367629604,1.7469072695826628,0.4470866002977665
-0.6180562232792015,-0.8008774655352581,0.28236450614047515,2.7597839083649838,-0.47155176520424164,1.5883721078841597,0.42635588244419137,1.0731911161828231,-0.7523368543673679,-1.1010823912631464,-0.028778409302281614,0.4470866002977665
-0.17268055620137587,0.5506203060070287,-0.15183693587598973,1.2325653296009116,-0.6451487592009714,0.5751896354148163,0.5045165808232717,-0.25159558577440094,-0.7523368543673679,-1.1870866457633324,0.7322297387912664,0.4470866002977665
0.1613511941069936,-1.1188769411922665,0.6297256597536466,0.6117447691277116,0.2228362107826765,1.145104776178822,1.2079628662349942,0.7043584548424634,0.8488595178360907,0.10297717173945574,-0.8743430182951124,0.4470866002977665
-1.0634318903570281,-0.2443783831354927,-0.3255175126825752,-0.20773837069691256,-0.12435777721078256,1.208428680708156,0.5240567554180418,-1.0043153027955587,0.31512739376827115,0.4469941897401995,0.8167861996905492,0.4470866002977665
-0.8407440568181148,-0.7213775966210059,-0.23867722427928223,-0.6795619966565444,-0.47155176520424164,-0.43799283705452724,0.09417291433310024,-0.8387169650509056,-0.21860473029954836,-0.24103984626128802,-0.1133348702015644,0.4470866002977665
2.0541977791877564,-0.32387825204974496,-0.49919808948916117,0.01575703107343951,-1.3974023998534661,1.335076489766824,-0.4138716251309215,-0.5376290782424342,-2.3535332265708235,-0.15503559176110207,0.6476732778919837,0.4470866002977665
0.27269511087645076,2.2996174221205763,-2.322844145958312,-0.6050635293997605,1.6116121627565132,-0.8179362642305311,-0.6288135456733922,1.3253522213848914,2.0497567969886816,0.36098993524001355,-0.9588994791943952,-2.2367031338760426
1.0521025282626468,-0.005878776392736454,-0.7597189546990398,2.0768812918444635,-0.008626447879629403,0.9551330625908201,1.7941681040780961,2.066781142650741,1.64945770393782,0.7050069532407564,-0.5361171746979798,0.4470866002977665
0.1613511941069936,0.153120961435768,2.887573158239262,2.0520484694255354,0.4542988694449828,-1.1978796914065348,-0.2966305775623011,1.231262256757257,-1.1526359474182326,-1.0150781367629604,-1.212568861892245,0.4470866002977665
1.0521025282626468,-0.7213775966210059,-0.5860383778924542,-0.08357425860227258,-0.24008910654193572,0.5118657308854823,0.7585388505552826,-0.4623571065403268,-1.5529350404690943,-1.961124936265005,0.7322297387912664,0.4470866002977665
-1.0634318903570281,2.8561165045203416,-2.062323280748433,-0.9278902208458244,0.6857615281072887,-1.3878514049945367,-0.2380100537779909,-0.31181316313611196,-0.7523368543673679,-1.3590951547637042,-1.6353511663886604,0.4470866002977665
-0.5067123065097453,0.789119912749785,-0.5860383778924542,2.2507110487769593,-0.008626447879629403,-0.43799283705452724,-0.14030918080414057,1.6076221152678358,1.449308157412386,0.18898142623964168,-0.7052300964965453,0.4470866002977665
-0.17268055620137587,-0.8803773344495102,-0.3255175126825752,-0.9278902208458244,-0.8187457531977007,-0.7546123597011971,-1.0196170375687936,-1.4032567528167947,-0.552187307841934,-1.1870866457633324,0.901342660589832,0.4470866002977665
0.050007277337537445,0.07362109252151577,-0.5860383778924542,0.31375090010057555,-0.008626447879629403,0.005274494650810516,2.1068108975944173,0.6667224689914097,0.048261331734361396,0.9630197167413141,-1.043455940093678,0.4470866002977665
0.27269511087645076,0.789119912749785,-0.06499664747269676,-0.7043948190754724,2.0166718154155494,0.2585701127681464,-0.9414563391897133,1.1559902850551498,1.449308157412386,0.10297717173945574,-1.043455940093678,-2.2367031338760426
-0.061336639431918714,-0.32387825204974496,-0.49919808948916117,0.6365775915466395,-1.050208411860007,-0.8179362642305311,-0.06214848242506029,-1.0419512886466122,-0.8857698853843228,-1.1010823912631464,2.000576652280513,0.4470866002977665
0.050007277337537445,-1.277876679020771,-0.06499664747269676,2.0768812918444635,0.04923921678594718,0.9551330625908201,-0.0035279586407500917,1.1710446793955878,-0.15188821479106943,-1.2730909002635182,-0.9588994791943952,0.4470866002977665
1.3861342785710153,0.4711204370927765,2.887573158239262,2.2258782263580317,-0.2979547712075123,-0.5646406461131952,0.9930209456925233,1.807092840278454,-1.5529350404690943,2.5110962977446603,-1.1280124009929609,0.4470866002977665
-0.17268055620137587,0.07362109252151577,0.28236450614047515,-0.9278902208458244,-0.24008910654193572,-1.071231882347867,-1.0391572121635637,-0.7634449933487982,-1.1526359474182326,-0.32704410076147394,-0.028778409302281614,0.4470866002977665
2.0541977791877564,1.34561899514955,0.890246524963525,-0.40640095004833654,2.5374627974057375,-0.31134502799585934,-1.3322598310851146,1.6076221152678358,0.5819934558021809,0.18898142623964168,-0.1133348702015644,-2.2367031338760426
-1.0634318903570281,-0.16487851422124092,-0.49919808948916117,-0.8782245760079684,-0.8766114178632773,-0.05804940987852345,-0.12076900620937049,-2.2538300330506753,-0.9524864008927987,-0.6710611187622172,2.1696895740790785,0.4470866002977665
-1.0634318903570281,2.220117553206324,-2.670205299571484,-1.0272215105215365,-0.6451487592009714,-0.05804940987852345,-0.49203232351000176,-1.3580935697955219,-0.8190533698758439,-0.9290738822627745,0.22489097339556824,0.4470866002977665
-0.3953683897402892,-0.005878776392736454,-0.23867722427928223,-0.8782245760079684,-0.7608800885321242,-0.1846972189371914,-0.257550228372761,-2.0957588924762414,-1.4862185249606181,-0.9290738822627745,2.1696895740790785,0.4470866002977665
-1.1747758071264842,-0.32387825204974496,-0.15183693587598973,1.6050576658848315,-0.703014423866548,0.005274494650810516,-0.10122883161460043,0.3656345821829383,0.8488595178360907,-0.24103984626128802,-0.1133348702015644,0.4470866002977665
2.610917363035039,0.9481196505782894,1.150767390173404,-0.7540604639133285,2.1324031447467027,-1.3878514049945367,-1.9184650689282168,1.1860990737359842,0.3818439092767471,0.36098993524001355,-0.9588994791943952,-2.2367031338760426
1.3861342785710153,0.8686197816640372,-0.15183693587598973,-0.20773837069691256,-1.050208411860007,0.005274494650810516,-0.39433145053615143,-1.0645328801572695,-1.4862185249606181,-1.6171079182642616,1.8314637304819472,0.4470866002977665
-0.3953683897402892,2.617616897777585,-0.23867722427928223,-0.1332399034401284,-0.9344770825288539,-0.7546123597011971,-0.824215291621093,-1.3430391754550837,-0.7523368543673679,0.9630197167413141,1.9160201913812298,0.4470866002977665
-0.7294001400486586,-0.7213775966210059,0.28236450614047515,0.01575703107343951,-0.9344770825288539,0.32189401729748035,-0.5311126726995419,-1.4333655414976294,0.31512739376827115,-1.2730909002635182,2.4233589567769283,0.4470866002977665
0.3840390276459069,-0.08537864530698869,0.977086813366818,0.5993283579182475,-1.3395367351878895,1.2717525852374898,1.0711816440716035,-0.4247211206892731,-1.2193524629267085,-1.6171079182642616,0.6476732778919837,0.4470866002977665
-0.28402447297083205,0.31212069926427205,0.10868392933388919,1.0090699278305595,-0.9344770825288539,-0.12137331440785742,-0.14030918080414057,-0.7709721905190173,-0.6189038233504129,1.221032480241872,1.9160201913812298,0.4470866002977665
2.0541977791877564,1.107119388406794,1.0639271017701109,-0.8782245760079684,1.6116121627565132,-1.1978796914065348,-1.9380052435229866,0.595214095874391,-0.08517169928259348,2.0810750252437304,-0.36700425289941424,-2.2367031338760426
1.7201660288793859,-0.4828779898782494,-0.3255175126825752,-0.058741436183344445,-0.9923427471944305,0.005274494650810516,-0.550652847294312,-0.650537035795637,-1.4195020094521422,-1.5311036637640756,1.1550120432876818,0.4470866002977665
0.49538294441536407,2.5778669633204587,-1.8018024155385546,-0.6298963518186885,1.8430748214188195,-0.944584073289199,-1.703523148385746,1.2914798341189682,2.3833393745310705,1.5650494982426149,0.14033451249628545,-2.2367031338760426
0.7180707779542764,-0.7213775966210059,0.28236450614047515,1.1828996847630553,-0.7608800885321242,-0.31134502799585934,0.44589605703896146,0.9678103557998812,-0.9524864008927987,-0.15503559176110207,-0.7052300964965453,0.4470866002977665
0.27269511087645076,-0.5623778587925017,-0.3255175126825752,-0.8782245760079684,-0.5872830945353948,0.005274494650810516,0.035552390548790044,-0.4623571065403268,-0.48547079233345813,-0.4130483552616594,-0.28244779200013,0.4470866002977665
-0.3953683897402892,-0.005878776392736454,0.5428853713503535,0.31375090010057555,0.2228362107826765,-1.134555786877201,0.8562397235291329,0.7871576237147899,0.11497784724284033,-1.0150781367629604,-1.5507947054893763,0.4470866002977665
1.942853862418298,2.498367094406207,-1.2807606851187971,-0.7292276414944004,3.058253779395927,-1.134555786877201,-1.3908803548694249,0.8549023982466782,-0.552187307841934,0.5329984442403845,0.309447434294851,-2.2367031338760426
-0.5067123065097453,0.153120961435768,-0.23867722427928223,0.2889180776816474,-1.7445963878469255,0.6385135399441502,-0.3357109267518412,-1.019369697135997,0.11497784724284033,-1.6171079182642616,1.3241249650862474,0.4470866002977665
0.7180707779542764,-0.8803773344495102,0.28236450614047515,-0.7788932863322565,-0.41368610053866506,0.7018374444734842,0.5435969300128118,-0.2177231985084777,0.8488595178360907,1.307036734742058,0.3940038951941338,0.4470866002977665
1.163446445032103,1.107119388406794,-0.6728786662957469,-0.6795619966565444,2.653194126736891,-0.944584073289199,-1.7816838467648262,0.8549023982466782,-0.08517169928259348,-0.15503559176110207,-0.36700425289941424,-2.2367031338760426
1.4974781953404734,-0.7213775966210059,0.6297256597536466,2.4493736281283836,0.33856754011382967,0.06859839918014449,0.11371308892787031,2.3603418322889937,-0.01845518377411456,-0.06903133726091613,-0.7897865573958297,0.4470866002977665
-2.1768710580515935,-0.6021277932496277,-0.3255175126825752,1.6919725443510794,-1.050208411860007,0.19524620823881242,-0.042608307830290224,0.5538145114382068,-1.0192029164012777,-0.06903133726091613,-1.043455940093678,0.4470866002977665
1.163446445032103,-1.1983768101065189,0.4560450829470606,-0.8533917535890405,-0.8766114178632773,-1.071231882347867,0.035552390548790044,0.06454669537446688,-0.15188821479106943,-1.0150781367629604,-0.28244779200013,0.4470866002977665
0.6067268611848202,0.8686197816640372,0.021843640930596212,-0.8285589311701125,1.8430748214188195,-1.007907977818533,-1.5276615770328152,1.457078171863621,0.5819934558021809,1.135028225741686,-1.3816817836908106,-2.2367031338760426
0.7180707779542764,-0.32387825204974496,0.977086813366818,-0.5802307069808325,-0.24008910654193572,-0.12137331440785742,-0.19892970458845077,-1.026896894306216,0.5819934558021809,0.016972917239269796,1.7469072695826628,0.4470866002977665
-1.7314953909737671,1.1866192573210461,-1.3676009735220902,-0.7043948190754724,-1.281671070522313,-0.12137331440785742,0.1918737873069506,-1.655417858018863,1.1157255798700003,2.2530835342441025,2.3388024958776454,0.4470866002977665
-1.1747758071264842,-0.08537864530698869,-0.06499664747269676,-0.7292276414944004,-1.050208411860007,0.4485418263561483,0.42635588244419137,-1.8849973717103157,1.2491586108869552,-0.8430696277625891,1.9160201913812298,0.4470866002977665
-0.5067123065097453,-1.1188769411922665,2.019170274206333,0.8849058157359195,1.9588061507499728,2.094963344118831,0.8366995489343628,0.7419944406935172,-2.2201001955538686,-1.0150781367629604,-1.5507947054893763,0.4470866002977665
1.7201660288793859,-0.5623778587925017,0.7165659481569395,1.3567294416955515,-0.24008910654193572,-0.6912884551718631,0.42635588244419137,1.3065342284593644,-0.15188821479106943,0.18898142623964168,-0.5361171746979798,0.4470866002977665
-1.6201514742043108,-1.357376547935023,-0.3255175126825752,-0.08357425860227258,-1.1080740765255834,-0.5646406461131952,-0.3161707521570712,0.3656345821829383,0.7821430023276118,-0.5850568642620313,-1.3816817836908106,0.4470866002977665
-0.8407440568181148,0.39162056817852425,-0.5860383778924542,-0.6795619966565444,2.7110597914024677,-0.7546123597011971,-1.5276615770328152,0.2527266246297772,2.3166228590225915,0.5329984442403845,0.901342660589832,-2.2367031338760426
-0.28402447297083205,-0.08537864530698869,-0.15183693587598973,-0.5305650621429765,-1.3395367351878895,0.3852179218268143,-0.257550228372761,-0.8801165494870897,0.5819934558021809,1.0490239712415002,0.5631168169927009,0.4470866002977665
2.1655416959572125,-0.5623778587925017,0.7165659481569395,-0.8285589311701125,1.4958808334253602,-1.7677948321705406,-2.1529471640654574,1.1484630878849307,-0.685620338858889,0.7050069532407564,-0.9588994791943952,-2.2367031338760426
0.1613511941069936,-1.0393770722780147,0.7165659481569395,2.3748751608715994,0.16497054611709994,1.0817808716494879,0.6999183267709723,2.085599135576268,0.8488595178360907,2.3390877887442882,-1.2971253227915278,0.4470866002977665
-0.5067123065097453,0.4711204370927765,0.19552421773718215,-0.2574040155347685,-1.2238054058567367,0.5751896354148163,0.1918737873069506,-1.2527128094125382,0.3818439092767471,-1.0150781367629604,1.7469072695826628,0.4470866002977665
-0.17268055620137587,0.07362109252151577,0.28236450614047515,0.2640852552627195,0.10710488145152376,-1.6411470231118728,0.1723336127121805,0.5161785255871532,-0.21860473029954836,-0.9290738822627745,-1.2971253227915278,0.4470866002977665
2.610917363035039,0.7096200438355332,1.5849688321898683,-0.6050635293997605,2.1324031447467027,0.4485418263561483,0.42635588244419137,1.457078171863621,-0.01845518377411456,0.36098993524001355,-1.043455940093678,-2.2367031338760426
0.1613511941069936,-1.0393770722780147,1.5849688321898683,-0.9030573984268965,-0.8766114178632773,-1.1978796914065348,-0.9414563391897133,-1.2075496263912653,-1.1526359474182326,0.18898142623964168,0.5631168169927009,0.4470866002977665
-1.1747758071264842,-0.40337812096399717,-0.06499664747269676,-0.9775558656836805,-0.703014423866548,0.4485418263561483,-0.12076900620937049,-0.4247211206892731,2.3833393745310705,-0.24103984626128802,-1.043455940093678,0.4470866002977665
0.3840390276459069,-0.40337812096399717,0.10868392933388919,-0.9278902208458244,-0.41368610053866506,-0.12137331440785742,-0.5115724981047718,-1.5613278933912287,-1.0192029164012777,-0.49905260976184534,1.1550120432876818,0.4470866002977665
-1.1747758071264842,-0.40337812096399717,0.8034062365602325,-0.9030573984268965,-0.06649211254520598,-1.1978796914065348,0.36773535865988116,0.21509063877872348,1.516024672920865,0.18898142623964168,-0.19789133110084717,0.4470866002977665
-0.17268055620137587,1.34561899514955,-1.9754829923451402,-0.7788932863322565,1.4958808334253602,0.5751896354148163,-1.0977777359478738,0.5124149270020645,-0.685620338858889,-0.15503559176110207,-0.8743430182951124,-2.2367031338760426
0.9407586114931897,1.9021180775493158,-2.670205299571484,-0.8037261087511844,1.2644181747630545,-1.5144992140532048,-2.016165941902067,1.0016827430658044,0.24841087825979224,1.135028225741686,-1.043455940093678,-2.2367031338760426
-0.6180562232792015,-0.4828779898782494,0.890246524963525,0.9097386381548473,-0.3558204358730885,1.6516960124134936,1.0321012948820634,0.9678103557998812,-1.4862185249606181,-0.5850568642620313,-1.2971253227915278,0.4470866002977665
-2.0655271412821374,-0.8008774655352581,-0.23867722427928223,-0.8782245760079684,-0.06649211254520598,1.0817808716494879,0.5435969300128118,-0.8462441622211248,1.8496072504632508,-0.15503559176110207,-0.19789133110084717,0.4470866002977665
0.27269511087645076,-0.5623778587925017,0.28236450614047515,-0.9527230432647524,-0.18222344187635914,-1.7677948321705406,-1.0977777359478738,-0.9892609084551622,0.048261331734361396,0.016972917239269796,0.6476732778919837,0.4470866002977665
-1.5088075574348547,-0.2443783831354927,-0.3255175126825752,-0.2574040155347685,-0.2979547712075123,1.335076489766824,0.7389986759605125,-0.7182818103275254,0.8488595178360907,-0.5850568642620313,0.055778051597001166,0.4470866002977665
0.9407586114931897,1.0673694539496679,2.192850851012919,-0.9775558656836805,-0.47155176520424164,-1.4511753095238709,-0.7069742440524726,-0.04836126217869424,0.18169436275131629,-0.6710611187622172,0.14033451249628545,0.4470866002977665
-1.0634318903570281,0.8686197816640372,0.890246524963525,1.8533858900741116,-0.9344770825288539,1.208428680708156,1.149342342450684,0.8624295954168973,-0.552187307841934,0.7910112077409422,-0.7897865573958297,0.4470866002977665
-1.3974636406653975,-0.7213775966210059,0.19552421773718215,-0.7540604639133285,-0.703014423866548,0.3852179218268143,-0.19892970458845077,-1.6855266466996977,0.24841087825979224,0.6190026987405703,1.4932378868848144,0.4470866002977665
0.3840390276459069,0.5506203060070287,-0.8465592431023328,-0.7292276414944004,1.8430748214188195,-1.5144992140532048,-1.6644427991962059,0.8172664123956246,0.7154264868191358,-0.32704410076147394,-0.9588994791943952,-2.2367031338760426
2.3882295294961247,0.7096200438355332,2.279691139416211,-0.08357425860227258,1.8430748214188195,-1.5778231185825387,-1.9575454181177567,0.9753375529700584,0.3818439092767471,0.5329984442403845,1.5777943477840972,-2.2367031338760426
-0.952087973587572,-1.277876679020771,0.36920479454376764,2.6977018523176635,-0.3558204358730885,1.5250482033548258,0.7389986759605125,0.9377015671190048,0.11497784724284033,-1.1870866457633324,-0.028778409302281614,0.4470866002977665
-0.17268055620137587,-1.0393770722780147,0.5428853713503535,-0.8285589311701125,0.39643320477940625,1.018456967120154,0.6608379775814321,-0.19890520558295086,-0.9524864008927987,-0.49905260976184534,-1.2971253227915278,0.4470866002977665
-0.5067123065097453,-0.08537864530698869,-0.15183693587598973,-0.6671455854470805,-0.6451487592009714,-1.4511753095238709,1.755087754888556,-0.08599724802974795,-0.21860473029954836,0.9630197167413141,-0.6206736355972626,0.4470866002977665
-0.952087973587572,-0.4828779898782494,1.4981285437865755,2.6977018523176635,0.2228362107826765,-0.3746689325251933,-0.5115724981047718,1.46460536903384,-1.0192029164012777,-0.49905260976184534,-1.212568861892245,0.4470866002977665
1.3861342785710153,1.0276195194925417,-0.5860383778924542,-0.6547291742376166,0.8593585221040185,-1.3245275004652028,-1.8012240213595963,0.8285572081509323,0.18169436275131629,0.18898142623964168,-0.36700425289941424,-2.2367031338760426
0.050007277337537445,-0.08537864530698869,-0.3255175126825752,-0.8533917535890405,1.6116121627565132,-0.43799283705452724,0.4849764062285016,-0.18385081124251265,-0.8190533698758439,0.10297717173945574,-0.45156071379869706,0.4470866002977665
-1.0634318903570281,-0.08537864530698869,0.19552421773718215,-0.7043948190754724,-0.3558204358730885,0.005274494650810516,0.13325326352264039,-1.6140182735827207,0.6487099713106569,-0.7570653732624032,1.5777943477840972,0.4470866002977665
-1.0634318903570281,-0.8008774655352581,-0.5860383778924542,1.7788874228173273,0.10710488145152376,1.5250482033548258,0.8562397235291329,1.1559902850551498,0.7821430023276118,-1.0150781367629604,-1.043455940093678,0.4470866002977665
1.163446445032103,-0.08537864530698869,0.4560450829470606,1.5057263762091195,-0.8187457531977007,-1.4511753095238709,-0.9805366883792535,-0.14621482539145894,-1.1526359474182326,-0.8430696277625891,1.3241249650862474,0.4470866002977665
-0.7294001400486586,-0.2443783831354927,1.4112882553832824,1.5553920210469754,-0.47155176520424164,1.9049916305308296,1.2275030408297642,0.7495216378637363,-0.685620338858889,0.016972917239269796,-0.9588994791943952,0.4470866002977665
-0.3953683897402892,-0.5623778587925017,-0.3255175126825752,-0.8782245760079684,0.5121645341105594,0.13192230370947847,0.6217576283918921,-0.19890520558295086,-0.01845518377411456,0.4469941897401995,-0.9588994791943952,0.4470866002977665
-0.28402447297083205,2.8561165045203416,-2.4965247227648977,-0.7540604639133285,0.7436271927728654,-0.31134502799585934,-1.5276615770328152,0.36187098359784964,1.1157255798700003,2.683104806745031,0.22489097339556824,-2.2367031338760426
-0.7294001400486586,-1.1188769411922665,0.977086813366818,-0.5305650621429765,-1.16593974119116,0.8918091580614861,-0.257550228372761,-1.1774408377104308,0.31512739376827115,-0.6710611187622172,0.9858991214891163,0.4470866002977665
-0.061336639431918714,-0.08537864530698869,-0.8465592431023328,0.5620791242898555,-0.18222344187635914,1.4617242988254917,1.3642842629931546,0.7608124336190439,-0.01845518377411456,-0.24103984626128802,-1.043455940093678,0.4470866002977665
-0.3953683897402892,-0.9598772033637624,-0.49919808948916117,-0.9278902208458244,0.2228362107826765,0.19524620823881242,1.188422691640224,-0.15374202256167804,0.515276940293702,-0.7570653732624032,-1.043455940093678,0.4470866002977665
1.3861342785710153,2.379117291034828,1.237607678576697,0.1150883207491516,-1.050208411860007,-1.007907977818533,-0.042608307830290224,0.5538145114382068,-0.552187307841934,-1.4450994092638898,-0.8743430182951124,0.4470866002977665
1.0521025282626468,-1.0393770722780147,0.5428853713503535,-0.9278902208458244,-0.47155176520424164,-0.944584073289199,-0.8828358154054031,-0.7258090074977445,-0.2853212458080243,1.0490239712415002,0.14033451249628545,0.4470866002977665
0.49538294441536407,2.7766166356060893,-2.670205299571484,-0.7788932863322565,1.5537464980909366,-1.134555786877201,-1.5667419262223554,1.457078171863621,1.9163237659717267,0.4469941897401995,-1.043455940093678,-2.2367031338760426
-0.952087973587572,-0.8008774655352581,-0.06499664747269676,0.33858372251950347,-0.5294174298698182,1.018456967120154,0.309114834875571,-1.2226040207317035,0.31512739376827115,-1.7031121727644476,1.7469072695826628,0.4470866002977665
2.0541977791877564,1.6636184708065591,0.28236450614047515,-0.5553978845619044,2.248134474077855,-0.43799283705452724,0.035552390548790044,1.6076221152678358,0.24841087825979224,0.8770154622411283,-0.9588994791943952,-2.2367031338760426
-0.5067123065097453,1.34561899514955,-2.4965247227648977,-1.0023886881026083,-0.2979547712075123,0.06859839918014449,-0.4138716251309215,-0.6279554442849798,-0.552187307841934,-0.32704410076147394,-0.7052300964965453,0.4470866002977665
-0.28402447297083205,1.5046187329780547,0.6297256597536466,0.6365775915466395,-0.12435777721078256,-0.31134502799585934,1.0711816440716035,1.012973538821112,0.6487099713106569,0.2749856807398276,-0.8743430182951124,0.4470866002977665
-0.3953683897402892,2.1406176842920717,-0.06499664747269676,0.04058985349236742,0.5121645341105594,-0.05804940987852345,0.05509256514356011,0.3656345821829383,0.11497784724284033,-1.1010823912631464,-1.3816817836908106,0.4470866002977665
0.3840390276459069,-0.32387825204974496,-0.06499664747269676,-0.9030573984268965,-0.47155176520424164,-0.31134502799585934,-0.7069742440524726,-0.6430098386254179,0.3818439092767471,0.18898142623964168,0.055778051597001166,0.4470866002977665
0.3840390276459069,-0.5623778587925017,0.890246524963525,2.1513797591012476,0.10710488145152376,0.6385135399441502,1.1298021678559138,1.8334380303742,0.9822925488530455,-0.6710611187622172,-0.7897865573958297,0.4470866002977665
1.7201660288793859,-1.0393770722780147,1.7586494089964544,-0.7913096975417204,1.3222838394286303,0.8918091580614861,-0.6288135456733922,0.4935969340765376,0.7154264868191358,2.1670792797439162,0.9858991214891163,-2.2367031338760426
-0.17268055620137587,-0.8008774655352581,-0.3255175126825752,-0.7043948190754724,-1.050208411860007,-0.31134502799585934,0.36773535865988116,-1.4785287245189023,-0.4187542768249792,0.8770154622411283,1.66235080868338,0.4470866002977665
0.6067268611848202,-0.08537864530698869,-0.8465592431023328,0.40066577856682345,-1.281671070522313,0.13192230370947847,0.44589605703896146,-0.5602106697530915,-2.019950649028438,-1.3590951547637042,0.3940038951941338,0.4470866002977665
0.1613511941069936,-0.32387825204974496,-0.5860383778924542,1.9030515349119674,-0.24008910654193572,1.0817808716494879,-0.042608307830290224,1.2538438482679144,-1.2193524629267085,0.4469941897401995,-0.5361171746979798,0.4470866002977665
-0.8407440568181148,-0.8008774655352581,-1.1070801083122115,1.6547233107226873,-0.24008910654193572,1.9049916305308296,0.6803781521762022,0.9866283487254079,-0.552187307841934,0.10297717173945574,-1.043455940093678,0.4470866002977665
1.3861342785710153,-1.1188769411922665,0.10868392933388919,-0.8533917535890405,0.10710488145152376,-0.881260168759865,-0.3747912759413814,0.02691070952341317,-0.552187307841934,0.6190026987405703,-0.9588994791943952,0.4470866002977665
-1.0634318903570281,0.31212069926427205,1.7586494089964544,-0.9278902208458244,-1.1080740765255834,-1.3245275004652028,-0.3552511013466113,-1.365620766965741,1.582741188429341,-0.7570653732624032,1.070455582388399,0.4470866002977665
0.1613511941069936,-0.8008774655352581,-0.3255175126825752,0.9097386381548473,0.4542988694449828,-0.31134502799585934,-0.17938952999368069,0.629086483140356,-1.8198011025030039,0.10297717173945574,-0.9588994791943952,0.4470866002977665
0.7180707779542764,-0.9598772033637624,0.977086813366818,-0.8533917535890405,-0.24008910654193572,-1.5778231185825387,-0.12076900620937049,-0.9516249226041085,-1.2193524629267085,1.9950707707435444,1.8314637304819472,0.4470866002977665
0.1613511941069936,-0.8803773344495102,0.5428853713503535,-0.8533917535890405,0.04923921678594718,-0.1846972189371914,0.1723336127121805,-0.6279554442849798,-0.48547079233345813,0.10297717173945574,0.14033451249628545,0.4470866002977665
-0.17268055620137587,-0.32387825204974496,0.10868392933388919,-0.8533917535890405,-0.24008910654193572,-0.7546123597011971,0.42635588244419137,-0.6881730216466908,-0.8190533698758439,-0.6710611187622172,-0.6206736355972626,0.4470866002977665
-0.3953683897402892,-0.6418777277067537,0.10868392933388919,-0.8533917535890405,-0.41368610053866506,-1.4511753095238709,-0.9414563391897133,-1.6704722523593012,-0.01845518377411456,-1.0150781367629604,1.7469072695826628,0.4470866002977665
1.0521025282626468,-0.4828779898782494,0.36920479454376764,0.43791501219521556,-0.5294174298698182,-0.5646406461131952,-1.0977777359478738,-0.11610603671062433,-1.9532341335199588,-0.15503559176110207,0.055778051597001166,0.4470866002977665
2.0541977791877564,2.2996174221205763,-0.15183693587598973,-0.6795619966565444,2.8846567853991973,-1.6411470231118728,-2.055246291091607,1.8334380303742,0.9155760333445666,-0.15503559176110207,-1.2971253227915278,-2.2367031338760426
1.7201660288793859,0.4711204370927765,0.10868392933388919,-0.7788932863322565,1.0329555161007482,-0.31134502799585934,-1.3518000056798847,0.23767223028933898,1.0490090643615215,1.8230622617431727,0.9858991214891163,-2.2367031338760426
2.0541977791877564,0.153120961435768,0.890246524963525,0.23925243284379158,1.4380151687597835,-1.5144992140532048,-2.0943266402811473,0.9979191444807157,0.515276940293702,0.9630197167413141,1.2395685041869646,-2.2367031338760426
-0.8407440568181148,-0.2443783831354927,-0.23867722427928223,-0.15807272585905652,-1.281671070522313,-0.5646406461131952,-0.2966305775623011,-1.854888583029481,-1.619651555977573,1.135028225741686,2.0851331131797957,0.4470866002977665
-0.7294001400486586,-0.4828779898782494,1.150767390173404,-0.8037261087511844,-1.3974023998534661,0.32189401729748035,-0.08168865701983036,-1.723162632550793,-0.2853212458080243,-0.9290738822627745,1.5777943477840972,0.4470866002977665
-0.6180562232792015,-1.1983768101065189,-0.23867722427928223,-0.6795619966565444,-0.3558204358730885,0.13192230370947847,-0.5311126726995419,-0.9516249226041085,0.5819934558021809,-0.6710611187622172,0.3940038951941338,0.4470866002977665
-0.3953683897402892,2.1406176842920717,-2.4965247227648977,-0.6298963518186885,1.2065525100974779,-0.7546123597011971,-1.5667419262223554,-0.02201607208294829,1.0490090643615215,1.307036734742058,1.66235080868338,-2.2367031338760426
-1.1747758071264842,-0.8803773344495102,-0.6728786662957469,-0.8533917535890405,-0.6451487592009714,0.4485418263561483,-0.5311126726995419,-1.3994931542316644,0.9155760333445666,-0.15503559176110207,1.1550120432876818,0.4470866002977665
1.0521025282626468,0.789119912749785,0.5428853713503535,-0.10840708102120049,-1.050208411860007,0.5751896354148163,-0.12076900620937049,-0.7258090074977445,-0.3520377613165032,0.2749856807398276,1.4932378868848144,0.4470866002977665
0.9407586114931897,0.07362109252151577,0.19552421773718215,1.3567294416955515,-0.9923427471944305,1.018456967120154,1.442444961372235,1.1258814963743151,-1.0192029164012777,0.6190026987405703,-0.8743430182951124,0.4470866002977665
1.163446445032103,0.8686197816640372,-1.1939203967155043,-0.7292276414944004,1.4380151687597835,-1.5778231185825387,-1.996625767307297,1.231262256757257,0.448560424785226,0.8770154622411283,-1.212568861892245,-2.2367031338760426
0.1613511941069936,-0.5623778587925017,0.28236450614047515,-0.9278902208458244,-0.18222344187635914,-1.5778231185825387,0.23095413649649071,-0.9817337112849431,-0.4187542768249792,-0.4130483552616594,0.4785603560934166,0.4470866002977665
-0.3953683897402892,0.7096200438355332,1.3244479669799898,0.31375090010057555,0.4542988694449828,0.7018374444734842,2.3608331673264282,1.0807183133530422,1.8496072504632508,0.7910112077409422,-0.6206736355972626,0.4470866002977665
-0.3953683897402892,-0.2443783831354927,-1.8886427039418476,1.4808935537901915,0.16497054611709994,0.3852179218268143,0.21141396190172065,0.6516680746509715,-1.9532341335199588,0.9630197167413141,-0.9588994791943952,0.4470866002977665
0.49538294441536407,-0.5623778587925017,-0.41235780108586817,-0.8285589311701125,0.570030198776136,1.3984003942961578,0.5826772792023519,-0.12363323388080165,-0.2853212458080243,-0.06903133726091613,-0.6206736355972626,0.4470866002977665
-0.28402447297083205,-0.2443783831354927,0.28236450614047515,0.9842371054116316,-0.008626447879629403,0.06859839918014449,-0.17938952999368069,0.23390863170425033,0.18169436275131629,0.2749856807398276,0.309447434294851,0.4470866002977665
1.163446445032103,-0.5623778587925017,0.19552421773718215,-0.9278902208458244,-0.24008910654193572,-0.1846972189371914,-0.3747912759413814,-1.3468027740402142,-1.2860689784351873,-0.6710611187622172,1.5777943477840972,0.4470866002977665
-1.0634318903570281,0.39162056817852425,-2.1491635691517263,-0.8782245760079684,1.0329555161007482,-0.24802112346652536,0.15279343811741045,-0.19890520558295086,0.24841087825979224,0.36098993524001355,-1.1280124009929609,0.4470866002977665
0.7180707779542764,0.6301201749212809,0.021843640930596212,-0.6547291742376166,1.9588061507499728,-0.5013167415838612,-0.9609965137844834,1.6076221152678358,1.9830402814802057,1.221032480241872,-0.7897865573958297,-2.2367031338760426
1.0521025282626468,-1.0393770722780147,0.5428853713503535,-0.4808994173051205,0.7436271927728654,-0.3746689325251933,1.1298021678559138,0.403270568033992,-0.01845518377411456,0.016972917239269796,-0.5361171746979798,0.4470866002977665
-1.2861197238959414,-0.08537864530698869,-1.8886427039418476,0.33858372251950347,-0.3558204358730885,0.32189401729748035,0.34819518406511113,-0.04083406500847514,-0.48547079233345813,-0.24103984626128802,-0.7897865573958297,0.4470866002977665
-1.0634318903570281,0.07362109252151577,-0.06499664747269676,-0.7540604639133285,-0.8766114178632773,0.6385135399441502,0.42635588244419137,-1.8097254000082081,0.448560424785226,-0.7570653732624032,1.8314637304819472,0.4470866002977665
0.1613511941069936,1.7431183397208114,-0.5860383778924542,-1.0272215105215365,-1.1080740765255834,-0.12137331440785742,-0.6678938948629324,-0.34944914898716567,-0.4187542768249792,-1.6171079182642616,-1.2971253227915278,0.4470866002977665
-0.6180562232792015,-0.16487851422124092,-1.1070801083122115,2.4990392729662396,-0.47155176520424164,-0.6279645506425292,-0.08168865701983036,1.2914798341189682,-0.552187307841934,-0.06903133726091613,-1.212568861892245,0.4470866002977665
0.49538294441536407,-0.08537864530698869,1.5849688321898683,0.8104073484791353,0.39643320477940625,1.145104776178822,1.3252039138036145,1.3065342284593644,1.9830402814802057,0.6190026987405703,-0.7897865573958297,0.4470866002977665
-0.3953683897402892,0.23262083035002024,0.28236450614047515,-0.5802307069808325,0.16497054611709994,0.6068515876794832,1.755087754888556,-0.29675876879567376,-0.48547079233345813,0.8770154622411283,-0.5361171746979798,0.4470866002977665
-0.3953683897402892,0.31212069926427205,-0.15183693587598973,2.3500423384526714,-0.24008910654193572,1.4617242988254917,1.1102619932611437,1.946345987927361,-0.3520377613165032,0.6190026987405703,-1.4662382445900934,0.4470866002977665
-0.28402447297083205,1.0276195194925417,-0.7597189546990398,-0.15807272585905652,-0.9344770825288539,-0.7546123597011971,-0.4138716251309215,-1.4220747457423215,0.24841087825979224,0.18898142623964168,1.8314637304819472,0.4470866002977665
-1.2861197238959414,-0.6418777277067537,0.021843640930596212,-0.10840708102120049,-0.12435777721078256,0.7018374444734842,0.07463273973833018,-0.25912278294462004,0.5819934558021809,1.135028225741686,0.14033451249628545,0.4470866002977665
0.49538294441536407,-0.9598772033637624,1.5849688321898683,1.0835683950873436,-1.050208411860007,-0.31134502799585934,0.23095413649649071,0.02691070952341317,-1.5529350404690943,-1.6171079182642616,0.309447434294851,0.4470866002977665
0.8294146947237335,1.1866192573210461,-1.1070801083122115,-0.40640095004833654,0.33856754011382967,-0.8179362642305311,0.44589605703896146,-0.0031980791574214382,-0.685620338858889,0.016972917239269796,0.14033451249628545,0.4470866002977665
-0.8407440568181148,-0.08537864530698869,0.10868392933388919,-0.9030573984268965,0.33856754011382967,-0.24802112346652536,1.2275030408297642,-0.47741150088076495,0.515276940293702,-0.6710611187622172,-0.45156071379869706,0.4470866002977665
0.3840390276459069,-0.8008774655352581,-0.15183693587598973,-0.8285589311701125,-0.8187457531977007,-0.12137331440785742,-0.042608307830290224,-0.8387169650509056,0.515276940293702,-0.06903133726091613,0.309447434294851,0.4470866002977665
-0.28402447297083205,-0.7213775966210059,0.7165659481569395,1.3070637968576952,-0.5872830945353948,1.8416677260014955,0.5631371046075818,1.2500802496827839,-0.3520377613165032,0.2749856807398276,-0.5361171746979798,0.4470866002977665
-0.7294001400486586,0.07362109252151577,-0.41235780108586817,1.7540546003983994,0.04923921678594718,2.0316394395894974,0.9734807710977532,0.8172664123956246,-0.552187307841934,0.36098993524001355,-0.6206736355972626,0.4470866002977665
0.8294146947237335,-0.4828779898782494,1.0639271017701109,-0.10840708102120049,0.8014928574384419,-0.6912884551718631,-0.10122883161460043,1.005446341650935,1.0490090643615215,-0.06903133726091613,-0.6206736355972626,0.4470866002977665
-0.6180562232792015,-0.32387825204974496,-1.1939203967155043,0.8600729933169916,-0.24008910654193572,1.8416677260014955,1.5206056597513151,0.6968312576722443,-0.08517169928259348,-0.32704410076147394,-1.043455940093678,0.4470866002977665
1.4974781953404734,0.39162056817852425,2.279691139416211,2.4990392729662396,0.2228362107826765,0.2585701127681464,2.653935786247979,2.3227058464379398,-1.9532341335199588,1.135028225741686,-1.7199076272879432,0.4470866002977665
-0.17268055620137587,-0.2443783831354927,0.4560450829470606,-0.8285589311701125,-0.47155176520424164,-0.3746689325251933,-0.6483537202681623,-0.5752650640935297,0.048261331734361396,1.307036734742058,-0.28244779200013,0.4470866002977665
-0.28402447297083205,-0.7213775966210059,0.5428853713503535,-0.8285589311701125,-1.16593974119116,-0.43799283705452724,-0.3552511013466113,-0.9892609084551622,0.448560424785226,0.7050069532407564,0.8167861996905492,0.4470866002977665
0.1613511941069936,-0.4828779898782494,-0.23867722427928223,-0.8285589311701125,0.2228362107826765,0.9551330625908201,0.9539405965029832,-0.4999930923913805,-1.1526359474182326,-0.8430696277625891,-0.1133348702015644,0.4470866002977665
-0.17268055620137587,-0.2443783831354927,0.4560450829470606,0.5124134794519994,-0.2979547712075123,1.8416677260014955,1.6964672311042457,0.6140320887999178,-0.4187542768249792,-0.15503559176110207,-0.8743430182951124,0.4470866002977665
-1.7314953909737671,0.8288698472069111,-1.0202398199089184,-0.8285589311701125,-0.5294174298698182,-0.24802112346652536,-0.6288135456733922,-0.48117509946585363,2.1164733124971606,-0.8430696277625891,-0.5361171746979798,0.4470866002977665
-0.061336639431918714,1.4251188640638024,-1.8018024155385546,-0.6547291742376166,1.4958808334253602,-1.1978796914065348,-1.762143672170056,0.7419944406935172,1.3158751263954314,0.6190026987405703,-0.36700425289941424,-2.2367031338760426
-0.7294001400486586,-0.32387825204974496,1.5849688321898683,-0.9278902208458244,0.8593585221040185,0.2585701127681464,-0.550652847294312,-1.0645328801572695,1.0490090643615215,-0.7570653732624032,1.3241249650862474,0.4470866002977665
-0.3953683897402892,1.107119388406794,1.0639271017701109,0.5620791242898555,0.917224186769595,0.005274494650810516,1.2861235646140743,0.5538145114382068,-0.685620338858889,-0.5850568642620313,-1.043455940093678,0.4470866002977665
2.610917363035039,1.5046187329780547,0.4560450829470606,-0.7788932863322565,2.074537480081126,-1.5778231185825387,-2.016165941902067,1.1710446793955878,0.31512739376827115,2.2530835342441025,0.14033451249628545,-2.2367031338760426
-0.17268055620137587,2.220117553206324,-1.8018024155385546,-0.8037261087511844,0.8593585221040185,0.19524620823881242,-1.3127196564903445,0.7043584548424634,1.2491586108869552,1.3930409892422437,-0.7897865573958297,-2.2367031338760426
-0.6180562232792015,1.0276195194925417,-0.41235780108586817,-0.7292276414944004,0.33856754011382967,-0.6912884551718631,1.168882517045454,0.4785425397360994,2.3833393745310705,0.5329984442403845,-0.5361171746979798,0.4470866002977665
0.49538294441536407,-1.1188769411922665,-0.15183693587598973,-0.8782245760079684,-0.06649211254520598,-0.5013167415838612,-0.257550228372761,-0.010725276327640537,1.9830402814802057,1.221032480241872,-0.19789133110084717,0.4470866002977665
0.1613511941069936,1.981617946463568,-1.454441261925383,-0.8285589311701125,1.7273434920876665,-1.5144992140532048,-1.996625767307297,0.7495216378637363,0.31512739376827115,0.9630197167413141,-1.1280124009929609,-2.2367031338760426
0.050007277337537445,1.981617946463568,-1.5412815503286759,-0.8285589311701125,1.6694778274220898,-0.3746689325251933,-1.5276615770328152,0.8887747855126433,0.7821430023276118,0.7050069532407564,-1.212568861892245,-2.2367031338760426
0.8294146947237335,-0.2443783831354927,-0.15183693587598973,0.4875806570330716,-0.41368610053866506,-0.12137331440785742,0.8366995489343628,0.4785425397360994,1.449308157412386,0.7910112077409422,-0.1133348702015644,0.4470866002977665
-0.5067123065097453,-0.16487851422124092,0.977086813366818,1.4063950865334074,-0.3558204358730885,2.2216111531774994,1.5987663581303955,1.058136721842385,0.11497784724284033,0.18898142623964168,-0.9588994791943952,0.4470866002977665
-0.5067123065097453,-0.16487851422124092,1.8454896973997472,-0.8037261087511844,-0.8187457531977007,0.6385135399441502,1.422904786777465,-0.6392462400403294,0.18169436275131629,0.7050069532407564,-0.19789133110084717,0.4470866002977665
0.6067268611848202,-0.5623778587925017,1.5849688321898683,1.1084012175062716,-0.008626447879629403,1.208428680708156,0.5631371046075818,0.8549023982466782,-0.3520377613165032,0.7050069532407564,-0.1133348702015644,0.4470866002977665
0.8294146947237335,-0.4828779898782494,1.5849688321898683,-0.6050635293997605,-0.06649211254520598,0.005274494650810516,0.9539405965029832,-0.5301018810722569,-1.0192029164012777,0.5329984442403845,-0.028778409302281614,0.4470866002977665
-1.0634318903570281,-1.5958761546777798,1.4112882553832824,1.4063950865334074,0.2228362107826765,2.4115828667655013,0.5435969300128118,0.7043584548424634,-2.0866671645369137,-1.4450994092638898,-1.1280124009929609,0.4470866002977665
1.3861342785710153,1.6636184708065591,0.28236450614047515,-0.9278902208458244,-0.3558204358730885,-0.8179362642305311,0.9148602473134431,-0.10105164237018614,0.11497784724284033,-1.0150781367629604,-0.028778409302281614,0.4470866002977665
-0.8407440568181148,-0.8803773344495102,-0.49919808948916117,2.4990392729662396,0.39643320477940625,-1.4511753095238709,-0.0035279586407500917,1.4081513902572178,-0.21860473029954836,0.18898142623964168,-0.8743430182951124,0.4470866002977665
-1.1747758071264842,2.6971167666918374,-0.6728786662957469,0.01575703107343951,-0.7608800885321242,-0.6912884551718631,0.15279343811741045,-1.4183111471571912,1.582741188429341,-0.24103984626128802,1.8314637304819472,0.4470866002977665
-0.3953683897402892,-0.9598772033637624,0.36920479454376764,-0.8533917535890405,-0.6451487592009714,0.3852179218268143,-0.257550228372761,-1.455947133008245,-0.2853212458080243,1.4790452437424297,1.1550120432876818,0.4470866002977665
-1.1747758071264842,-0.5623778587925017,-0.41235780108586817,1.8285530676551836,0.2807018754482531,0.19524620823881242,0.27003448568603083,1.231262256757257,0.7821430023276118,-0.49905260976184534,-0.9588994791943952,0.4470866002977665
1.831509945648842,-1.1188769411922665,-0.23867722427928223,-0.5553978845619044,-0.06649211254520598,0.4485418263561483,0.5826772792023519,-0.1048152409552748,-0.8190533698758439,0.4469941897401995,0.14033451249628545,0.4470866002977665
-1.0634318903570281,-0.16487851422124092,0.890246524963525,1.4560607313712637,-0.008626447879629403,1.5250482033548258,0.5631371046075818,-0.08599724802974795,-0.8857698853843228,0.7050069532407564,0.28126194732845194,0.4470866002977665
0.7180707779542764,0.789119912749785,0.19552421773718215,-0.6050635293997605,1.7273434920876665,-1.5778231185825387,-1.8989248943334467,0.6667224689914097,0.515276940293702,0.6190026987405703,0.4785603560934166,-2.2367031338760426
-1.5088075574348547,0.31212069926427205,0.8034062365602325,0.33858372251950347,-1.5131337291846192,-0.5013167415838612,1.0516414694768335,-0.650537035795637,2.1164733124971606,-0.06903133726091613,0.8167861996905492,0.4470866002977665
-0.3953683897402892,-0.32387825204974496,0.890246524963525,-0.9030573984268965,0.2228362107826765,-0.944584073289199,0.42635588244419137,0.4409065538850457,1.3158751263954314,-0.32704410076147394,-0.5361171746979798,0.4470866002977665
1.0521025282626468,-0.8803773344495102,1.5849688321898683,-0.8285589311701125,0.2807018754482531,-1.007907977818533,0.46543623163373155,-0.34944914898716567,-0.4187542768249792,-0.32704410076147394,-0.1133348702015644,0.4470866002977665
0.3840390276459069,-0.9598772033637624,-0.3255175126825752,2.2258782263580317,0.5121645341105594,0.8918091580614861,0.6803781521762022,1.5586953336614744,-1.8865176180114829,-0.8430696277625891,-1.5507947054893763,0.4470866002977665
-0.17268055620137587,-0.6418777277067537,-0.06499664747269676,-0.8037261087511844,-0.2979547712075123,-0.7546123597011971,-0.49203232351000176,-0.6994638174019986,-0.3520377613165032,-0.4130483552616594,0.055778051597001166,0.4470866002977665
0.27269511087645076,-0.4828779898782494,0.5428853713503535,-0.6050635293997605,0.8593585221040185,-1.261203595935869,-1.5472017516275853,0.17369105434253934,1.9830402814802057,2.5110962977446603,1.4932378868848144,-2.2367031338760426
-0.3953683897402892,-0.32387825204974496,1.5849688321898683,0.7110760588034234,0.04923921678594718,1.9683155350601635,1.8918689770519463,0.7419944406935172,-0.3520377613165032,-0.49905260976184534,-1.043455940093678,0.4470866002977665
0.27269511087645076,-1.1983768101065189,-0.41235780108586817,0.5372463018709274,0.33856754011382967,0.6385135399441502,2.028650199215337,1.005446341650935,1.0490090643615215,0.36098993524001355,-0.45156071379869706,0.4470866002977665
-0.3953683897402892,-0.32387825204974496,-0.06499664747269676,-0.7540604639133285,-1.3395367351878895,-1.071231882347867,0.6412978029866622,-0.4247211206892731,0.448560424785226,0.9630197167413141,-0.1133348702015644,0.4470866002977665
0.7180707779542764,-0.16487851422124092,-0.15183693587598973,-0.1332399034401284,0.16497054611709994,-0.31134502799585934,0.5045165808232717,-0.010725276327640537,-0.4187542768249792,-1.0150781367629604,-0.36700425289941424,0.4470866002977665
0.050007277337537445,-1.4368764168492754,0.5428853713503535,1.9651335909592873,-0.3558204358730885,0.32189401729748035,-0.2966305775623011,0.7081220534275521,-1.1526359474182326,0.36098993524001355,0.055778051597001166,0.4470866002977665
0.7180707779542764,-0.20462844867836705,0.10868392933388919,2.3997079832905275,0.8593585221040185,0.06859839918014449,1.5792261835356254,1.5323501435657285,-1.4862185249606181,-0.49905260976184534,-1.212568861892245,0.4470866002977665
0.1613511941069936,-0.32387825204974496,2.54021200462609,-0.7043948190754724,1.4958808334253602,-0.881260168759865,-1.8598445451439065,1.5850405237572205,1.0490090643615215,1.8230622617431727,-0.028778409302281614,-2.2367031338760426
0.050007277337537445,-1.277876679020771,0.28236450614047515,-0.8782245760079684,-0.5294174298698182,-0.6279645506425292,1.1102619932611437,-0.4623571065403268,0.6487099713106569,0.9630197167413141,0.14033451249628545,0.4470866002977665
-0.28402447297083205,-0.6418777277067537,-1.1939203967155043,-0.9030573984268965,0.7436271927728654,-1.071231882347867,-0.39433145053615143,-0.5376290782424342,-1.0192029164012777,0.36098993524001355,-0.9588994791943952,0.4470866002977665
-0.3953683897402892,0.23262083035002024,-1.1070801083122115,0.36341654493843156,1.9588061507499728,1.018456967120154,2.341292992731658,1.1936262709062033,1.3158751263954314,-0.24103984626128802,-1.212568861892245,0.4470866002977665
-1.1747758071264842,-0.5623778587925017,-0.06499664747269676,-0.7292276414944004,-0.8766114178632773,-0.1846972189371914,-0.550652847294312,-0.6317190428701103,1.1157255798700003,1.5650494982426149,0.22489097339556824,0.4470866002977665
-0.17268055620137587,0.789119912749785,0.021843640930596212,0.9594042829927036,2.074537480081126,-0.31134502799585934,-1.4690410532485052,1.622676509608274,1.0490090643615215,1.135028225741686,-0.45156071379869706,-2.2367031338760426
1.2747903618015592,-0.32387825204974496,0.890246524963525,-0.8658081647985044,-0.8766114178632773,-1.261203595935869,-1.1173179105426438,-1.1774408377104308,-1.5529350404690943,0.4469941897401995,1.1550120432876818,0.4470866002977665
-0.7294001400486586,-0.7213775966210059,-0.7597189546990398,0.16475396558700742,-0.5294174298698182,0.005274494650810516,0.15279343811741045,-0.3645035433276039,-0.685620338858889,-0.4130483552616594,-0.19789133110084717,0.4470866002977665
0.6067268611848202,0.07362109252151577,1.5849688321898683,-0.8037261087511844,-0.9923427471944305,0.8284852535321521,-0.21846987918322083,-1.2527128094125382,-1.0192029164012777,-0.4130483552616594,1.5777943477840972,0.4470866002977665
-0.28402447297083205,-1.0393770722780147,0.5428853713503535,-0.9030573984268965,-1.2238054058567367,0.7018374444734842,0.09417291433310024,-1.7081082382103547,0.11497784724284033,-1.1870866457633324,1.8314637304819472,0.4470866002977665
-0.6180562232792015,-1.5163762857635275,-0.06499664747269676,-0.9527230432647524,-0.9923427471944305,0.3852179218268143,-0.5115724981047718,-1.531219104710394,-1.4195020094521422,0.4469941897401995,0.901342660589832,0.4470866002977665
0.27269511087645076,-1.357376547935023,0.36920479454376764,-0.9278902208458244,-0.703014423866548,-1.007907977818533,-0.9219161645949433,-0.04836126217869424,1.582741188429341,-1.0150781367629604,-0.6206736355972626,0.4470866002977665
-0.8407440568181148,-1.277876679020771,-0.3255175126825752,-0.8782245760079684,-0.41368610053866506,1.2717525852374898,-0.06214848242506029,-1.139804851859377,0.3818439092767471,-1.1010823912631464,0.4785603560934166,0.4470866002977665
-1.5088075574348547,1.5046187329780547,-1.8886427039418476,-0.6547291742376166,0.04923921678594718,-0.881260168759865,-0.4138716251309215,-0.08599724802974795,2.716921952073456,1.0490239712415002,2.000576652280513,-2.2367031338760426
-1.0634318903570281,0.5506203060070287,-0.41235780108586817,-0.35673530521048047,-0.7608800885321242,0.4485418263561483,-0.17938952999368069,-1.960269343412423,-0.2853212458080243,-0.32704410076147394,2.507915417676211,0.4470866002977665
0.9407586114931897,2.0611178153778194,-1.8886427039418476,-0.6547291742376166,0.9750898514351717,0.19524620823881242,-1.4690410532485052,0.09089188547021282,1.582741188429341,1.9950707707435444,1.7469072695826628,-2.2367031338760426
-0.17268055620137587,-0.9598772033637624,0.4560450829470606,-0.7540604639133285,-0.7608800885321242,-0.05804940987852345,-0.4724921489152317,-0.8387169650509056,-0.48547079233345813,0.2749856807398276,0.14033451249628545,0.4470866002977665
0.1613511941069936,-1.277876679020771,0.28236450614047515,0.09025549833022346,-0.8187457531977007,0.13192230370947847,-0.3161707521570712,0.5161785255871532,0.9822925488530455,0.10297717173945574,-1.1280124009929609,0.4470866002977665
2.3882295294961247,2.7766166356060893,-1.3676009735220902,-0.4312337724672644,2.8267911207336205,-1.3878514049945367,-1.1954786089217242,2.1947434945443405,0.3818439092767471,0.2749856807398276,-0.8743430182951124,-2.2367031338760426
2.0541977791877564,-0.6418777277067537,0.36920479454376764,1.4312279089523352,-0.47155176520424164,-0.31134502799585934,1.2275030408297642,1.6828940869699434,-1.9532341335199588,-0.15503559176110207,-1.2971253227915278,0.4470866002977665
-0.5067123065097453,-0.40337812096399717,1.0639271017701109,0.9842371054116316,2.0166718154155494,1.208428680708156,0.9930209456925233,0.9678103557998812,-2.4869662575877785,-0.06903133726091613,-1.3816817836908106,0.4470866002977665
1.0521025282626468,0.153120961435768,0.890246524963525,-0.8533917535890405,0.4542988694449828,-1.5778231185825387,-1.6644427991962059,0.011856315182974973,0.448560424785226,1.7370580072429866,0.309447434294851,-2.2367031338760426
-0.3953683897402892,0.6301201749212809,-0.23867722427928223,1.0587355726684153,-0.703014423866548,-1.3245275004652028,-0.550652847294312,-0.7032274159870872,-1.0192029164012777,-1.3590951547637042,1.2395685041869646,0.4470866002977665
0.050007277337537445,-0.8803773344495102,0.36920479454376764,0.9594042829927036,-0.6451487592009714,0.005274494650810516,-0.3357109267518412,-0.018252473497859634,-0.6189038233504129,-0.15503559176110207,0.309447434294851,0.4470866002977665
-0.17268055620137587,-0.40337812096399717,0.19552421773718215,-0.8533917535890405,-0.06649211254520598,0.8284852535321521,0.9148602473134431,-0.4247211206892731,-0.685620338858889,-0.5850568642620313,-0.1133348702015644,0.4470866002977665
0.49538294441536407,-0.08537864530698869,-0.06499664747269676,0.06542267591129555,0.2807018754482531,0.8918091580614861,0.8366995489343628,0.06454669537446688,-0.685620338858889,-0.49905260976184534,-0.28244779200013,0.4470866002977665
0.7180707779542764,0.789119912749785,1.5849688321898683,-0.7292276414944004,2.3060001387434315,-0.944584073289199,-1.5081214024380454,1.5323501435657285,1.716174219446296,1.135028225741686,-1.2971253227915278,-2.2367031338760426
1.163446445032103,0.9481196505782894,0.4560450829470606,-0.6547291742376166,1.5537464980909366,-1.3245275004652028,-1.410420529464195,1.3818062001615137,0.7821430023276118,-0.4130483552616594,-1.043455940093678,-2.2367031338760426
-0.952087973587572,0.7096200438355332,-1.2807606851187971,-0.7788932863322565,1.2065525100974779,-1.261203595935869,-1.8598445451439065,0.5914504972893023,1.3158751263954314,1.9950707707435444,-0.45156071379869706,-2.2367031338760426
0.7180707779542764,-0.32387825204974496,-0.5860383778924542,-0.28223683795369653,0.570030198776136,-0.7546123597011971,-0.10122883161460043,0.7043584548424634,-0.48547079233345813,-0.49905260976184534,-1.4662382445900934,0.4470866002977665
0.27269511087645076,-0.6418777277067537,0.7165659481569395,2.3003766936148153,0.570030198776136,1.145104776178822,1.4033646121826948,1.4947141577146748,-1.619651555977573,-0.24103984626128802,-1.3816817836908106,0.4470866002977665
1.7201660288793859,-0.08537864530698869,-0.23867722427928223,-0.45606659488619244,0.33856754011382967,1.4617242988254917,1.0516414694768335,0.5651053071935563,-0.08517169928259348,-0.6710611187622172,-1.043455940093678,0.4470866002977665
-0.061336639431918714,-0.08537864530698869,0.19552421773718215,-0.20773837069691256,-0.7608800885321242,-0.31134502799585934,0.6803781521762022,-0.5376290782424342,0.18169436275131629,2.425092043244474,1.4086814259855318,0.4470866002977665
0.49538294441536407,-1.277876679020771,0.977086813366818,-0.8037261087511844,-0.18222344187635914,1.145104776178822,0.6608379775814321,-0.7258090074977445,-1.4862185249606181,0.7910112077409422,-0.19789133110084717,0.4470866002977665
0.050007277337537445,-0.08537864530698869,0.10868392933388919,0.36341654493843156,-0.8187457531977007,-0.1846972189371914,-0.45295197432046164,-0.5752650640935297,0.048261331734361396,-0.5850568642620313,0.9858991214891163,0.4470866002977665
0.3840390276459069,0.07362109252151577,0.28236450614047515,0.4130821897762874,-0.9344770825288539,-0.43799283705452724,-0.15984935539891063,0.42208856095951885,-0.01845518377411456,-0.4130483552616594,-0.7052300964965453,0.4470866002977665
-0.17268055620137587,-0.40337812096399717,-0.41235780108586817,-0.7292276414944004,-1.6867307231813489,-0.46965478931919424,-0.9414563391897133,-1.324221182529557,-0.4187542768249792,-0.32704410076147394,0.9858991214891163,0.4470866002977665
0.050007277337537445,-0.7213775966210059,0.7165659481569395,-0.7043948190754724,0.39643320477940625,0.5118657308854823,1.5206056597513151,0.4409065538850457,1.9830402814802057,0.2749856807398276,-0.36700425289941424,0.4470866002977665
0.27269511087645076,0.6301201749212809,2.800732869835969,1.5057263762091195,-0.24008910654193572,1.5250482033548258,0.6999183267709723,1.3065342284593644,-0.8857698853843228,-0.5850568642620313,-1.6353511663886604,0.4470866002977665
0.6067268611848202,-0.40337812096399717,0.6297256597536466,0.18958678800593554,-1.5709993938501956,-0.5013167415838612,0.09417291433310024,-0.20643240275312816,-0.6189038233504129,0.9630197167413141,0.3940038951941338,0.4470866002977665
-0.28402447297083205,-1.357376547935023,1.3244479669799898,-0.8285589311701125,-0.703014423866548,-1.007907977818533,-0.550652847294312,-0.48493869805098405,0.9822925488530455,-0.15503559176110207,0.22489097339556824,0.4470866002977665
0.050007277337537445,1.7431183397208114,1.0639271017701109,0.2889180776816474,-1.1080740765255834,-1.5778231185825387,-0.863295640810633,-1.034424091476435,-0.9524864008927987,-0.06903133726091613,1.5777943477840972,0.4470866002977665
-1.3974636406653975,-1.277876679020771,1.4112882553832824,1.6050576658848315,-0.7608800885321242,1.145104776178822,0.15279343811741045,0.23767223028933898,-1.2860689784351873,-1.4450994092638898,-0.1133348702015644,0.4470866002977665
-0.28402447297083205,-0.5623778587925017,0.5428853713503535,1.5802248434659036,-0.2979547712075123,2.094963344118831,1.0321012948820634,0.900065581267951,-0.9524864008927987,0.18898142623964168,-0.6206736355972626,0.4470866002977665
2.4995734462655808,-0.6418777277067537,0.36920479454376764,1.4312279089523352,-0.6451487592009714,0.19524620823881242,0.4849764062285016,1.5699861294167823,-0.8857698853843228,-1.6171079182642616,-0.7897865573958297,0.4470866002977665
1.4974781953404734,-1.1188769411922665,0.021843640930596212,-0.8533917535890405,0.04923921678594718,1.0817808716494879,0.6412978029866622,0.10218268122552057,-0.685620338858889,0.6190026987405703,-1.043455940093678,0.4470866002977665
0.27269511087645076,-0.8803773344495102,-0.49919808948916117,-0.10840708102120049,-0.24008910654193572,0.005274494650810516,-0.21846987918322083,0.3656345821829383,0.048261331734361396,-1.2730909002635182,-1.043455940093678,0.4470866002977665
1.4974781953404734,-0.2443783831354927,0.8034062365602325,0.7110760588034234,-0.41368610053866506,0.4485418263561483,1.442444961372235,1.3818062001615137,0.7821430023276118,0.016972917239269796,-0.8743430182951124,0.4470866002977665
-0.952087973587572,-0.8803773344495102,0.28236450614047515,1.1332340399251994,-0.41368610053866506,0.4485418263561483,1.5792261835356254,0.403270568033992,-0.552187307841934,-0.5850568642620313,-0.45156071379869706,0.4470866002977665
0.1613511941069936,0.07362109252151577,0.28236450614047515,2.3748751608715994,-0.5294174298698182,0.9551330625908201,0.5826772792023519,0.403270568033992,1.0490090643615215,-0.06903133726091613,1.5777943477840972,0.4470866002977665
0.050007277337537445,-1.357376547935023,0.890246524963525,-1.0023886881026083,-0.6451487592009714,-0.5646406461131952,-0.49203232351000176,-0.9516249226041085,0.18169436275131629,-0.6710611187622172,0.22489097339556824,0.4470866002977665
-1.1747758071264842,0.7096200438355332,0.10868392933388919,0.2640852552627195,-0.8187457531977007,1.208428680708156,0.13325326352264039,-0.7258090074977445,1.9163237659717267,0.6190026987405703,1.5777943477840972,0.4470866002977665
-0.6180562232792015,-0.7213775966210059,0.10868392933388919,0.5620791242898555,-1.16593974119116,-1.007907977818533,-0.7265144186472425,-0.34944914898716567,-0.6189038233504129,0.36098993524001355,0.22489097339556824,0.4470866002977665
0.9407586114931897,2.617616897777585,-2.670205299571484,-0.7540604639133285,1.380149504094207,-0.24802112346652536,-1.2736393073008045,0.8549023982466782,0.5819934558021809,1.0490239712415002,0.309447434294851,-2.2367031338760426
-0.5067123065097453,-0.40337812096399717,0.28236450614047515,-0.8782245760079684,-0.47155176520424164,-0.3746689325251933,1.2470432154245341,-0.6655914301360335,0.448560424785226,-0.4130483552616594,0.055778051597001166,0.4470866002977665
2.0541977791877564,0.153120961435768,1.150767390173404,0.35100013372896743,-1.3974023998534661,-1.3878514049945367,-0.6483537202681623,-0.8387169650509056,-1.753084586994528,-0.9290738822627745,1.66235080868338,0.4470866002977665
0.050007277337537445,-1.1983768101065189,0.10868392933388919,-0.9527230432647524,-0.9344770825288539,-0.12137331440785742,-0.7851349424315528,-1.5839094849018442,0.048261331734361396,-1.2730909002635182,1.2395685041869646,0.4470866002977665
0.7180707779542764,0.153120961435768,0.4560450829470606,-0.7043948190754724,-0.8187457531977007,-0.31134502799585934,1.0125611202872935,0.177454652927628,1.3158751263954314,-0.24103984626128802,-0.1133348702015644,0.4470866002977665
-0.17268055620137587,-1.5163762857635275,0.021843640930596212,0.06542267591129555,-0.18222344187635914,-0.12137331440785742,-0.0035279586407500917,0.10218268122552057,1.2491586108869552,-0.4130483552616594,-0.7052300964965453,0.4470866002977665
1.4974781953404734,-1.1983768101065189,1.4981285437865755,-0.8037261087511844,0.5121645341105594,0.005274494650810516,-0.43341179972569155,0.13981866707657428,-0.48547079233345813,-0.8430696277625891,-0.28244779200013,0.4470866002977665
-1.5088075574348547,-0.005878776392736454,0.5428853713503535,-0.8782245760079684,1.4958808334253602,-1.1978796914065348,-0.4724921489152317,0.5538145114382068,0.6487099713106569,0.6190026987405703,-1.212568861892245,-2.2367031338760426
-0.7294001400486586,-0.4828779898782494,1.150767390173404,1.6547233107226873,-0.41368610053866506,1.0817808716494879,1.4619851359670049,1.0807183133530422,-0.2853212458080243,0.10297717173945574,-0.9588994791943952,0.4470866002977665
0.3840390276459069,0.7096200438355332,-0.41235780108586817,0.12750473195861556,-1.8603277171780783,-0.31134502799585934,-0.5897331964838521,-1.662945055189082,-2.5536827730962575,0.2749856807398276,2.1696895740790785,0.4470866002977665
-1.1747758071264842,-0.16487851422124092,-0.49919808948916117,1.7540546003983994,0.5121645341105594,1.0817808716494879,2.028650199215337,1.5699861294167823,0.048261331734361396,-0.8430696277625891,-1.3816817836908106,0.4470866002977665
-2.1768710580515935,-0.16487851422124092,2.019170274206333,0.18958678800593554,-0.7608800885321242,1.4617242988254917,0.6803781521762022,-1.5688550905614478,0.31512739376827115,-1.4450994092638898,1.9160201913812298,0.4470866002977665
-0.3953683897402892,-0.40337812096399717,1.3244479669799898,0.7110760588034234,-0.06649211254520598,1.0817808716494879,1.2861235646140743,0.7043584548424634,-0.15188821479106943,0.2749856807398276,-1.2971253227915278,0.4470866002977665
1.3861342785710153,-1.277876679020771,1.4981285437865755,-0.5553978845619044,0.2228362107826765,-0.43799283705452724,1.3642842629931546,0.403270568033992,1.8496072504632508,-0.49905260976184534,0.22489097339556824,0.4470866002977665
-0.3953683897402892,-0.7213775966210059,0.4560450829470606,0.13992114316807952,-1.1080740765255834,-0.05804940987852345,-0.2966305775623011,-0.7032274159870872,-0.15188821479106943,-0.32704410076147394,0.9858991214891163,0.4470866002977665
0.7180707779542764,-0.6418777277067537,-0.41235780108586817,2.5735377402230237,1.0908211807663248,0.06859839918014449,0.895320072718673,1.7581660586720924,-1.2860689784351873,-0.5850568642620313,-1.212568861892245,0.4470866002977665
1.0521025282626468,-0.16487851422124092,0.4560450829470606,1.5305591986280473,-0.8766114178632773,0.7651613490028182,1.7160074056990158,1.118354299204096,-0.552187307841934,-0.4130483552616594,-0.28244779200013,0.4470866002977665
-1.9541832245126805,1.5046187329780547,-1.1070801083122115,-0.7292276414944004,-0.703014423866548,-0.5013167415838612,0.1723336127121805,-1.6704722523593012,0.9155760333445666,2.2530835342441025,2.3388024958776454,0.4470866002977665
1.0521025282626468,-0.2443783831354927,0.890246524963525,-0.7292276414944004,-0.24008910654193572,1.208428680708156,0.6217576283918921,-0.19890520558295086,1.516024672920865,-0.15503559176110207,0.055778051597001166,0.4470866002977665
-0.3953683897402892,-0.7213775966210059,1.9323299858030403,2.523872095385167,0.2228362107826765,-0.5646406461131952,0.309114834875571,1.7581660586720924,-1.8865176180114829,-1.3590951547637042,-1.043455940093678,0.4470866002977665
1.2747903618015592,1.8623681430921897,-1.1070801083122115,-0.7540604639133285,1.8430748214188195,-1.134555786877201,-1.6644427991962059,1.231262256757257,0.515276940293702,0.7050069532407564,-1.3816817836908106,-2.2367031338760426
0.3840390276459069,0.153120961435768,-0.7597189546990398,-0.8782245760079684,-0.41368610053866506,0.5751896354148163,1.1102619932611437,-0.3983759305935271,-0.552187307841934,-0.24103984626128802,-0.6206736355972626,0.4470866002977665
-0.061336639431918714,1.4251188640638024,-0.5860383778924542,-0.9278902208458244,0.04923921678594718,-1.134555786877201,0.09417291433310024,-0.27417717728505825,-0.3520377613165032,0.016972917239269796,-1.043455940093678,0.4470866002977665
-0.17268055620137587,-1.4368764168492754,0.7165659481569395,-0.8782245760079684,-0.8187457531977007,-0.7546123597011971,-0.3552511013466113,-1.0231332957210855,0.048261331734361396,0.7910112077409422,0.5631168169927009,0.4470866002977665
1.2747903618015592,1.5046187329780547,1.4112882553832824,-0.9527230432647524,-0.6451487592009714,-0.5013167415838612,0.11371308892787031,-0.04836126217869424,-0.08517169928259348,-0.7570653732624032,0.22489097339556824,0.4470866002977665
0.49538294441536407,-0.8803773344495102,0.36920479454376764,-0.7043948190754724,-0.5872830945353948,-0.05804940987852345,-0.08168865701983036,0.3656345821829383,1.782890734954775,2.2530835342441025,-0.28244779200013,0.4470866002977665
0.49538294441536407,-0.8803773344495102,-0.15183693587598973,-0.8037261087511844,-0.06649211254520598,-0.944584073289199,-0.39433145053615143,-0.5639742683381801,0.3818439092767471,-0.49905260976184534,-0.028778409302281614,0.4470866002977665
2.4995734462655808,-1.357376547935023,0.5428853713503535,-0.9527230432647524,-0.8187457531977007,0.32189401729748035,-0.7069742440524726,-0.9666793169445049,-1.1526359474182326,0.36098993524001355,0.8167861996905492,0.4470866002977665
-0.061336639431918714,-0.8008774655352581,-0.5860383778924542,-0.7788932863322565,-1.5709993938501956,-0.881260168759865,-0.7851349424315528,-1.5086375131997367,-0.48547079233345813,-0.4130483552616594,1.4086814259855318,0.4470866002977665
-2.399558891590507,0.23262083035002024,-2.670205299571484,0.3882493673573595,-1.16593974119116,0.13192230370947847,0.8366995489343628,-0.010725276327640537,0.9155760333445666,0.8770154622411283,-0.6206736355972626,0.4470866002977665
-0.061336639431918714,-0.9598772033637624,0.36920479454376764,0.01575703107343951,1.0908211807663248,0.06859839918014449,0.5826772792023519,0.403270568033992,0.9155760333445666,-0.24103984626128802,-0.7052300964965453,0.4470866002977665
-1.9541832245126805,1.0276195194925417,-2.322844145958312,-0.8782245760079684,-0.703014423866548,0.7651613490028182,-0.02306813323552016,-1.7043446396252662,0.9155760333445666,-1.5311036637640756,1.2395685041869646,0.4470866002977665
-0.17268055620137587,-1.1188769411922665,0.10868392933388919,-0.8782245760079684,-0.47155176520424164,0.2585701127681464,-0.277090402967531,-1.3806751613061374,-0.4187542768249792,1.307036734742058,1.1550120432876818,0.4470866002977665
1.0521025282626468,-0.08537864530698869,2.54021200462609,-0.7664768751227924,-0.008626447879629403,-1.134555786877201,-0.277090402967531,-0.23277759284887412,0.11497784724284033,-0.15503559176110207,1.028177351938757,0.4470866002977665
-0.17268055620137587,-0.40337812096399717,1.3244479669799898,0.8352401708980637,-0.6451487592009714,1.145104776178822,1.0321012948820634,0.7833940251296595,-0.3520377613165032,-0.32704410076147394,-1.1280124009929609,0.4470866002977665
0.3840390276459069,-0.9598772033637624,-0.3255175126825752,-0.8285589311701125,-1.2238054058567367,0.2585701127681464,0.309114834875571,-0.5451562754126533,1.0490090643615215,0.2749856807398276,0.309447434294851,0.4470866002977665
-0.17268055620137587,-1.0393770722780147,-0.06499664747269676,1.9527171797498237,0.8014928574384419,-0.7546123597011971,0.9930209456925233,1.5624589322465632,-1.4862185249606181,0.10297717173945574,-1.3816817836908106,0.4470866002977665
0.050007277337537445,0.39162056817852425,-0.06499664747269676,0.01575703107343951,-0.47155176520424164,0.5751896354148163,0.44589605703896146,-0.8274261692955979,0.7154264868191358,-0.7570653732624032,1.3241249650862474,0.4470866002977665
0.050007277337537445,0.9481196505782894,-2.4965247227648977,-0.7540604639133285,1.8430748214188195,-1.007907977818533,-1.8012240213595963,0.3731617793531574,0.8488595178360907,2.597100552244846,-0.028778409302281614,-2.2367031338760426
-0.952087973587572,-1.1188769411922665,-0.8465592431023328,-0.7540604639133285,2.4217314680745847,0.8284852535321521,0.1918737873069506,-0.5188110853169073,-1.0192029164012777,-0.8430696277625891,-0.7897865573958297,0.4470866002977665
-0.6180562232792015,-0.40337812096399717,-0.5860383778924542,0.36341654493843156,-0.47155176520424164,-0.24802112346652536,0.07463273973833018,-1.365620766965741,-0.01845518377411456,-0.15503559176110207,1.66235080868338,0.4470866002977665
1.831509945648842,1.266119126235298,1.4112882553832824,-0.6298963518186885,1.4958808334253602,-1.5144992140532048,-1.7816838467648262,1.4947141577146748,-0.9524864008927987,-0.4130483552616594,-0.9588994791943952,-2.2367031338760426
-1.2861197238959414,-0.2443783831354927,-1.1070801083122115,-0.9278902208458244,0.570030198776136,-1.5144992140532048,-0.2380100537779909,-0.3946123320084385,0.048261331734361396,0.6190026987405703,-0.9166212487447531,0.4470866002977665
0.1613511941069936,2.617616897777585,1.5849688321898683,-0.7788932863322565,0.10710488145152376,-0.881260168759865,0.15279343811741045,0.2527266246297772,0.5819934558021809,0.6190026987405703,-0.028778409302281614,0.4470866002977665
0.3840390276459069,-0.4828779898782494,0.4560450829470606,-0.7043948190754724,-0.8187457531977007,-0.05804940987852345,1.1102619932611437,-1.1586228447849038,0.18169436275131629,-0.9290738822627745,1.070455582388399,0.4470866002977665
-0.7294001400486586,-0.8008774655352581,0.021843640930596212,-0.9278902208458244,-0.2979547712075123,-0.05804940987852345,-0.06214848242506029,-0.8838801480721784,1.782890734954775,1.4790452437424297,0.309447434294851,0.4470866002977665
-1.0634318903570281,0.5506203060070287,-0.41235780108586817,0.2640852552627195,-0.8187457531977007,0.7018374444734842,0.27003448568603083,-1.026896894306216,1.0490090643615215,-1.1010823912631464,1.4086814259855318,0.4470866002977665
-0.5067123065097453,-0.8008774655352581,0.977086813366818,-0.9527230432647524,0.6278958634417122,0.13192230370947847,-0.3747912759413814,-0.4623571065403268,-0.685620338858889,-1.1010823912631464,-0.7897865573958297,0.4470866002977665
-0.061336639431918714,-0.5623778587925017,0.28236450614047515,-0.058741436183344445,-0.47155176520424164,0.7651613490028182,0.7976191997448226,-0.16126921973185535,-0.15188821479106943,0.7050069532407564,-0.028778409302281614,0.4470866002977665
-0.28402447297083205,-0.9598772033637624,0.7165659481569395,-0.9775558656836805,-0.9344770825288539,-1.071231882347867,-0.9609965137844834,-1.8097254000082081,0.5819934558021809,-1.1010823912631464,2.000576652280513,0.4470866002977665
-1.0634318903570281,-0.8008774655352581,-0.06499664747269676,0.9345714605737753,-0.703014423866548,1.018456967120154,0.13325326352264039,-0.09352444519996704,-0.2853212458080243,-1.0150781367629604,-0.028778409302281614,0.4470866002977665
0.27269511087645076,1.7431183397208114,-1.5412815503286759,-0.7292276414944004,0.570030198776136,-0.8179362642305311,-1.9184650689282168,0.6780132647467175,-0.08517169928259348,1.4790452437424297,-0.6206736355972626,-2.2367031338760426
-0.061336639431918714,-0.7213775966210059,-0.23867722427928223,0.7110760588034234,0.10710488145152376,0.7651613490028182,-0.08168865701983036,-0.25159558577440094,-0.01845518377411456,0.7910112077409422,0.7322297387912664,0.4470866002977665
0.27269511087645076,0.9481196505782894,-0.5860383778924542,0.43791501219521556,0.570030198776136,0.5751896354148163,0.8366995489343628,0.403270568033992,-0.15188821479106943,-0.8430696277625891,-0.6206736355972626,0.4470866002977665
1.942853862418298,-0.005878776392736454,1.3244479669799898,-0.8782245760079684,0.6278958634417122,-1.261203595935869,-1.8598445451439065,1.005446341650935,0.9155760333445666,2.1670792797439162,-0.45156071379869706,-2.2367031338760426
0.49538294441536407,-0.40337812096399717,-0.15183693587598973,-0.30706966037262445,-0.008626447879629403,-1.071231882347867,-0.9219161645949433,-0.9139889367530131,-1.0859194319097536,-0.49905260976184534,0.6476732778919837,0.4470866002977665
0.49538294441536407,-0.2443783831354927,0.8034062365602325,1.7292217779794716,-0.9344770825288539,-1.134555786877201,-0.550652847294312,0.8887747855126433,-1.4195020094521422,-0.4130483552616594,0.14033451249628545,0.4470866002977665
-0.5067123065097453,-0.7213775966210059,-1.0202398199089184,-0.9527230432647524,0.917224186769595,0.32189401729748035,1.3838244375879247,-0.3607399447424734,-1.1526359474182326,-0.06903133726091613,-0.9588994791943952,0.4470866002977665
1.163446445032103,-0.16487851422124092,-0.15183693587598973,2.0520484694255354,-0.12435777721078256,-0.31134502799585934,-0.14030918080414057,1.6452581011188896,0.18169436275131629,-1.1870866457633324,-0.7897865573958297,0.4470866002977665
-0.17268055620137587,-0.6418777277067537,1.4981285437865755,-0.8533917535890405,-0.703014423866548,0.2585701127681464,0.8757798981239029,-0.8688257537317821,-0.2853212458080243,-0.49905260976184534,0.5631168169927009,0.4470866002977665
0.6067268611848202,1.5046187329780547,0.4560450829470606,0.2889180776816474,1.3222838394286303,-0.881260168759865,-0.3552511013466113,1.457078171863621,0.8488595178360907,2.5110962977446603,-0.1133348702015644,-2.2367031338760426
-0.061336639431918714,-0.5623778587925017,0.36920479454376764,-0.9775558656836805,0.2228362107826765,0.2585701127681464,0.5045165808232717,-0.34944914898716567,1.516024672920865,-0.5850568642620313,-0.5361171746979798,0.4470866002977665
0.7180707779542764,0.4711204370927765,0.28236450614047515,-0.4312337724672644,-1.16593974119116,0.7018374444734842,0.8171593743395927,-1.365620766965741,-1.4195020094521422,-1.5311036637640756,1.4932378868848144,0.4470866002977665
0.49538294441536407,-0.8803773344495102,-0.23867722427928223,1.0339027502494873,-0.06649211254520598,-0.12137331440785742,-0.49203232351000176,0.5237057227573723,-0.4187542768249792,-0.32704410076147394,-0.7052300964965453,0.4470866002977665
-0.7294001400486586,0.23262083035002024,0.19552421773718215,-0.08357425860227258,-0.8187457531977007,-0.7546123597011971,-0.7851349424315528,-0.8387169650509056,1.0490090643615215,0.6190026987405703,1.1550120432876818,0.4470866002977665
2.4995734462655808,0.31212069926427205,0.7165659481569395,-1.0023886881026083,-0.3558204358730885,-1.007907977818533,-1.156398259732184,-0.5752650640935297,-1.753084586994528,-1.961124936265005,-0.19789133110084717,0.4470866002977665
1.0521025282626468,2.1406176842920717,-0.6728786662957469,-0.6547291742376166,1.6116121627565132,-0.5013167415838612,-0.5115724981047718,1.1032999048636578,-0.08517169928259348,0.6190026987405703,-0.9588994791943952,-2.2367031338760426
-0.17268055620137587,-1.1188769411922665,0.36920479454376764,-0.7788932863322565,-0.47155176520424164,-0.12137331440785742,-0.7069742440524726,-1.6253090693380283,-2.0866671645369137,0.5329984442403845,1.1550120432876818,0.4470866002977665
0.7180707779542764,-0.005878776392736454,-0.3255175126825752,0.21441961042486346,-0.703014423866548,-0.5013167415838612,-0.21846987918322083,0.02314711093832451,0.7821430023276118,0.2749856807398276,0.309447434294851,0.4470866002977665
-1.3974636406653975,-0.8008774655352581,0.10868392933388919,-0.8285589311701125,-1.050208411860007,0.13192230370947847,0.035552390548790044,-1.3129303867742492,0.7154264868191358,0.10297717173945574,1.070455582388399,0.4470866002977665
1.0521025282626468,-1.0393770722780147,0.8034062365602325,-0.7788932863322565,0.8014928574384419,-1.5144992140532048,-1.9575454181177567,0.06454669537446688,0.3818439092767471,1.6510537527428006,0.3940038951941338,-2.2367031338760426
-0.8407440568181148,0.4711204370927765,-0.7597189546990398,0.8352401708980637,-1.3395367351878895,0.32189401729748035,1.8723288024571763,0.9301743699487857,0.7154264868191358,0.7910112077409422,-0.8743430182951124,0.4470866002977665
-0.8407440568181148,-1.277876679020771,1.3244479669799898,-0.8285589311701125,-0.5294174298698182,0.4485418263561483,0.05509256514356011,-0.34944914898716567,1.0490090643615215,0.016972917239269796,-0.7897865573958297,0.4470866002977665
-0.6180562232792015,0.07362109252151577,1.6718091205931613,1.4312279089523352,-0.06649211254520598,1.6516960124134936,1.6769270565094756,1.0807183133530422,-0.9524864008927987,0.7910112077409422,-1.043455940093678,0.4470866002977665
1.0521025282626468,-0.40337812096399717,0.19552421773718215,1.3318966192766237,-0.5294174298698182,2.664878484882837,1.7941681040780961,1.118354299204096,-1.9532341335199588,-0.15503559176110207,-0.9588994791943952,0.4470866002977665
-0.17268055620137587,-0.32387825204974496,-0.7597189546990398,0.7855745260602074,-0.8187457531977007,1.5250482033548258,1.6183065327251656,0.8172664123956246,-0.21860473029954836,0.10297717173945574,-1.4662382445900934,0.4470866002977665
-0.6180562232792015,0.7096200438355332,-0.49919808948916117,-0.18290554827798444,-0.9344770825288539,-1.007907977818533,-0.570193021889082,-1.523691907540175,0.24841087825979224,0.10297717173945574,2.0851331131797957,0.4470866002977665
-1.3974636406653975,-1.0393770722780147,-0.7597189546990398,-0.18290554827798444,-0.3558204358730885,-0.3746689325251933,-0.17938952999368069,0.02691070952341317,0.8488595178360907,-1.0150781367629604,-1.043455940093678,0.4470866002977665
-1.2861197238959414,0.39162056817852425,0.10868392933388919,-0.8037261087511844,-0.8766114178632773,-0.5646406461131952,-0.4724921489152317,-1.5538006962210096,-1.2860689784351873,-1.1010823912631464,0.4785603560934166,0.4470866002977665
0.49538294441536407,-0.08537864530698869,0.10868392933388919,-0.8037261087511844,-1.050208411860007,-0.5013167415838612,0.15279343811741045,-0.3870851348382194,-0.3520377613165032,1.307036734742058,0.22489097339556824,0.4470866002977665
1.0521025282626468,-0.005878776392736454,0.10868392933388919,-0.7540604639133285,1.0329555161007482,-1.071231882347867,-1.6449026246014358,-0.10857883954040524,1.2491586108869552,0.4469941897401995,1.66235080868338,-2.2367031338760426
-0.7294001400486586,-1.6753760235920319,-0.5860383778924542,0.2640852552627195,-0.5294174298698182,-0.3746689325251933,-0.257550228372761,0.44467015247017616,2.4500558900395464,-0.15503559176110207,-0.1133348702015644,0.4470866002977665
0.7180707779542764,-1.1188769411922665,1.237607678576697,1.5553920210469754,0.33856754011382967,1.5883721078841597,0.32865500947034104,1.1559902850551498,-0.48547079233345813,-0.32704410076147394,-0.5361171746979798,0.4470866002977665
-0.061336639431918714,-0.5623778587925017,0.5428853713503535,0.2889180776816474,-1.2238054058567367,0.4485418263561483,-0.15984935539891063,-1.1548592461998153,-0.21860473029954836,-1.4450994092638898,1.4932378868848144,0.4470866002977665
1.163446445032103,-0.08537864530698869,-0.23867722427928223,0.18958678800593554,-0.24008910654193572,0.005274494650810516,0.07463273973833018,0.3279985963318846,-0.4187542768249792,0.016972917239269796,-0.36700425289941424,0.4470866002977665
0.1613511941069936,0.39162056817852425,-0.06499664747269676,-0.8285589311701125,1.8430748214188195,0.2585701127681464,-0.9805366883792535,1.1296450949594037,1.449308157412386,-0.06903133726091613,-1.043455940093678,-2.2367031338760426
0.1613511941069936,0.9481196505782894,-0.06499664747269676,0.4130821897762874,-1.3395367351878895,-1.007907977818533,0.34819518406511113,-1.0043153027955587,-0.2853212458080243,-0.4130483552616594,1.66235080868338,0.4470866002977665
0.27269511087645076,-1.277876679020771,0.6297256597536466,-0.9278902208458244,-0.5872830945353948,-0.8179362642305311,-0.19892970458845077,-0.8387169650509056,-0.21860473029954836,-0.6710611187622172,0.3940038951941338,0.4470866002977665
1.6088221121099298,0.6301201749212809,-1.8018024155385546,-0.8037261087511844,1.5537464980909366,-1.5778231185825387,-1.8598445451439065,0.7081220534275521,-0.8857698853843228,-0.6710611187622172,-0.7897865573958297,-2.2367031338760426
-0.3953683897402892,-0.8803773344495102,0.10868392933388919,-0.9527230432647524,-0.5294174298698182,-0.3746689325251933,-0.824215291621093,-0.4999930923913805,1.1157255798700003,0.2749856807398276,-0.36700425289941424,0.4470866002977665
-1.0634318903570281,-0.40337812096399717,-0.15183693587598973,-0.9775558656836805,-0.9344770825288539,-0.24802112346652536,-0.4724921489152317,-1.629072667923117,1.0490090643615215,-0.5850568642620313,1.4086814259855318,0.4470866002977665
1.4974781953404734,0.8686197816640372,0.6297256597536466,-0.6050635293997605,2.653194126736891,-0.43799283705452724,-1.175938434326954,1.4947141577146748,0.5819934558021809,1.6510537527428006,0.14033451249628545,-2.2367031338760426
0.49538294441536407,0.153120961435768,-0.41235780108586817,2.6480362074798074,0.04923921678594718,2.284935057706833,1.755087754888556,1.9350551921720534,-1.0859194319097536,1.4790452437424297,-0.9588994791943952,0.4470866002977665
0.3840390276459069,1.4251188640638024,-1.8018024155385546,-0.5802307069808325,1.1486868454319015,-1.7044709276412067,-2.074786465686377,0.6366136803105333,0.515276940293702,-0.32704410076147394,-0.1133348702015644,-2.2367031338760426
-0.6180562232792015,-1.277876679020771,0.8034062365602325,-0.8533917535890405,-0.3558204358730885,-0.5013167415838612,-0.6483537202681623,-1.5839094849018442,-0.7523368543673679,-0.4130483552616594,1.3241249650862474,0.4470866002977665
0.27269511087645076,-1.1983768101065189,-0.15183693587598973,-0.9775558656836805,-0.9923427471944305,0.5751896354148163,0.05509256514356011,-1.636599865093336,-0.685620338858889,-0.9290738822627745,1.2395685041869646,0.4470866002977665
0.3840390276459069,-0.4828779898782494,0.890246524963525,-0.7788932863322565,-0.6451487592009714,1.335076489766824,0.8757798981239029,-1.0645328801572695,0.448560424785226,-1.0150781367629604,1.3241249650862474,0.4470866002977665
-0.28402447297083205,0.8686197816640372,0.7165659481569395,1.7788874228173273,-0.47155176520424164,1.9049916305308296,2.4976143894898186,1.509768552055113,0.5819934558021809,0.6190026987405703,-0.7897865573958297,0.4470866002977665
0.3840390276459069,-0.16487851422124092,-0.06499664747269676,2.0023828245876794,-0.2979547712075123,0.9551330625908201,2.3022126435421177,1.7581660586720924,-1.0859194319097536,-0.8430696277625891,-1.6353511663886604,0.4470866002977665
-0.6180562232792015,-1.1983768101065189,0.5428853713503535,-0.8533917535890405,-0.6451487592009714,-0.24802112346652536,-0.21846987918322083,-0.1800872126573822,1.0490090643615215,-0.06903133726091613,-0.7052300964965453,0.4470866002977665
1.3861342785710153,-0.5623778587925017,1.5849688321898683,1.0835683950873436,-0.5872830945353948,1.335076489766824,0.8366995489343628,0.4785425397360994,-1.3527854939436634,-1.5311036637640756,-0.028778409302281614,0.4470866002977665
1.3861342785710153,2.617616897777585,-0.3255175126825752,-0.7292276414944004,2.7110597914024677,-1.6411470231118728,-0.843755466215863,1.3328794185551105,-0.6189038233504129,0.9630197167413141,-1.2971253227915278,-2.2367031338760426
-0.5067123065097453,-0.5623778587925017,0.10868392933388919,0.6614104139655674,-0.5872830945353948,1.0817808716494879,1.6183065327251656,0.7043584548424634,1.516024672920865,0.2749856807398276,-0.7897865573958297,0.4470866002977665
-1.0634318903570281,2.4188672254919545,-2.322844145958312,-1.0272215105215365,-0.9344770825288539,-1.4511753095238709,-1.3713401802746548,-1.3430391754550837,-0.552187307841934,-0.9290738822627745,0.309447434294851,0.4470866002977665
-0.3953683897402892,-1.4368764168492754,-0.06499664747269676,-0.0090757913454884,0.570030198776136,1.018456967120154,0.21141396190172065,0.2527266246297772,1.9163237659717267,-0.49905260976184534,-0.28244779200013,0.4470866002977665
0.050007277337537445,-1.1188769411922665,0.4560450829470606,0.36341654493843156,0.39643320477940625,0.7018374444734842,0.05509256514356011,-0.28170437445527735,-0.7523368543673679,-0.06903133726091613,0.309447434294851,0.4470866002977665
-1.0634318903570281,-0.005878776392736454,-0.3255175126825752,-0.6547291742376166,-0.3558204358730885,-0.7546123597011971,-0.0035279586407500917,-1.6591814566039933,0.6487099713106569,-0.8430696277625891,1.7469072695826628,0.4470866002977665
2.610917363035039,1.4251188640638024,0.4560450829470606,-0.8037261087511844,1.9009404860843961,-1.7677948321705406,-2.074786465686377,1.1635174822253687,0.31512739376827115,2.3390877887442882,0.22489097339556824,-2.2367031338760426
-0.061336639431918714,2.0611178153778194,-2.670205299571484,-0.5305650621429765,1.9009404860843961,-0.6279645506425292,-1.5472017516275853,0.4710153425658803,1.2491586108869552,0.10297717173945574,0.14033451249628545,-2.2367031338760426
-1.0634318903570281,0.39162056817852425,-1.2807606851187971,0.33858372251950347,-0.703014423866548,0.32189401729748035,1.3838244375879247,0.10218268122552057,-0.3520377613165032,0.9630197167413141,-0.7052300964965453,0.4470866002977665
-0.28402447297083205,-0.8008774655352581,0.4560450829470606,0.8973222269453837,-1.6288650585157722,-0.6912884551718631,-0.6678938948629324,-0.9290433310934513,-0.21860473029954836,-2.4771504632661205,2.3388024958776454,0.4470866002977665
-0.952087973587572,-1.1188769411922665,-0.23867722427928223,-0.10840708102120049,-0.8766114178632773,0.9551330625908201,0.5826772792023519,-0.23654119143400454,1.3825916419039102,-0.15503559176110207,0.22489097339556824,0.4470866002977665
-0.8407440568181148,0.789119912749785,-0.7597189546990398,-0.7540604639133285,-1.4552680645190428,-1.6411470231118728,-1.2540991327060345,-1.7495078226464973,-1.2193524629267085,2.425092043244474,2.000576652280513,0.4470866002977665
-1.2861197238959414,-0.6418777277067537,-0.9333995315056256,-0.7292276414944004,-0.2979547712075123,0.5118657308854823,0.6608379775814321,-0.6279554442849798,-0.08517169928259348,-1.0150781367629604,-0.36700425289941424,0.4470866002977665
-0.6180562232792015,-0.40337812096399717,0.977086813366818,1.1828996847630553,-0.24008910654193572,-0.05804940987852345,0.38727553325465125,0.8549023982466782,-0.2853212458080243,-0.32704410076147394,-1.2971253227915278,0.4470866002977665
-0.8407440568181148,-1.0393770722780147,0.6297256597536466,-0.8533917535890405,-1.16593974119116,0.32189401729748035,-0.06214848242506029,-0.34944914898716567,1.64945770393782,0.2749856807398276,-0.7897865573958297,0.4470866002977665
-0.7294001400486586,-0.40337812096399717,-0.15183693587598973,-0.6795619966565444,-0.2979547712075123,0.2585701127681464,1.0711816440716035,-0.8010809791998519,1.0490090643615215,-0.6710611187622172,0.8167861996905492,0.4470866002977665
-1.9541832245126805,-0.08537864530698869,0.28236450614047515,-0.8533917535890405,-0.5872830945353948,-0.8179362642305311,-0.4724921489152317,-1.696817442455047,2.2499063435141156,-0.24103984626128802,2.000576652280513,0.4470866002977665
-0.7294001400486586,0.9481196505782894,0.10868392933388919,0.9594042829927036,-0.3558204358730885,-0.8179362642305311,-0.277090402967531,-0.8311897678806865,0.3818439092767471,-1.5311036637640756,1.9160201913812298,0.4470866002977665
0.1613511941069936,-0.4828779898782494,0.7165659481569395,-0.7043948190754724,-0.703014423866548,-0.05804940987852345,0.07463273973833018,-1.1774408377104308,0.3818439092767471,-0.6710611187622172,1.3241249650862474,0.4470866002977665
-1.1747758071264842,-1.5163762857635275,-0.3255175126825752,-0.033908613764416534,-1.050208411860007,0.5751896354148163,-0.19892970458845077,-0.6279554442849798,2.1831898280056365,1.4790452437424297,1.2395685041869646,0.4470866002977665
-0.7294001400486586,-0.2443783831354927,-0.15183693587598973,0.4627478346141434,0.16497054611709994,0.5751896354148163,0.44589605703896146,-0.07094285368935153,1.3825916419039102,0.7050069532407564,0.309447434294851,0.4470866002977665
1.163446445032103,-0.8803773344495102,1.150767390173404,-0.9775558656836805,0.5121645341105594,-0.43799283705452724,-0.17938952999368069,-0.8838801480721784,-0.8857698853843228,-1.6171079182642616,0.4785603560934166,0.4470866002977665
0.1613511941069936,-0.2443783831354927,-0.41235780108586817,-0.7540604639133285,0.04923921678594718,-1.1978796914065348,-0.6678938948629324,-0.19890520558295086,-0.48547079233345813,-1.1010823912631464,-1.043455940093678,0.4470866002977665
2.4995734462655808,0.39162056817852425,0.28236450614047515,-0.8285589311701125,0.8014928574384419,-1.6411470231118728,-2.113866814875917,1.031791531746639,-0.15188821479106943,1.3930409892422437,-0.1133348702015644,-2.2367031338760426
0.3840390276459069,0.39162056817852425,0.28236450614047515,2.4493736281283836,0.5121645341105594,0.9551330625908201,1.0321012948820634,1.3479338128955487,-0.552187307841934,0.5329984442403845,-0.36700425289941424,0.4470866002977665
-1.2861197238959414,-0.2443783831354927,-0.06499664747269676,-0.2574040155347685,-1.281671070522313,0.32189401729748035,-0.2966305775623011,-1.6177818721678092,0.24841087825979224,0.6190026987405703,1.789185500032305,0.4470866002977665
-0.3953683897402892,-1.1188769411922665,-0.41235780108586817,0.6117447691277116,0.2228362107826765,0.8918091580614861,0.15279343811741045,-0.018252473497859634,-0.4187542768249792,-1.1870866457633324,-0.5361171746979798,0.4470866002977665
0.1613511941069936,-1.754875892506284,-0.06499664747269676,0.31375090010057555,-0.9344770825288539,-0.43799283705452724,0.27003448568603083,-0.34944914898716567,-1.5529350404690943,-1.0150781367629604,0.22489097339556824,0.4470866002977665
-2.399558891590507,-0.40337812096399717,-0.6728786662957469,1.4063950865334074,-0.8187457531977007,-0.5013167415838612,-0.17938952999368069,-0.44730271219993034,1.582741188429341,-1.961124936265005,0.7322297387912664,0.4470866002977665
0.7180707779542764,-0.005878776392736454,-0.5860383778924542,-0.7788932863322565,-0.6451487592009714,0.5118657308854823,0.5826772792023519,-0.9892609084551622,-1.1526359474182326,-0.5850568642620313,0.9858991214891163,0.4470866002977665
-0.17268055620137587,-0.16487851422124092,0.28236450614047515,-0.35673530521048047,0.33856754011382967,-0.31134502799585934,1.3447440883983846,0.36187098359784964,1.3158751263954314,0.6190026987405703,-0.19789133110084717,0.4470866002977665
-1.1747758071264842,-0.08537864530698869,-0.6728786662957469,-0.18290554827798444,-0.5872830945353948,0.7018374444734842,-0.02306813323552016,-0.5752650640935297,-0.48547079233345813,-0.06903133726091613,0.309447434294851,0.4470866002977665
0.8294146947237335,0.23262083035002024,-0.06499664747269676,0.7607417036412795,-0.008626447879629403,-0.3746689325251933,1.4033646121826948,0.4409065538850457,-1.6863680714860492,-0.32704410076147394,0.22489097339556824,0.4470866002977665
-0.3953683897402892,-0.40337812096399717,-0.3255175126825752,1.7043889555605436,-0.008626447879629403,-0.1846972189371914,-0.15984935539891063,0.8022120180551864,-2.3535332265708235,-0.15503559176110207,-0.7897865573958297,0.4470866002977665
2.722261279804495,-0.2443783831354927,-0.06499664747269676,-0.8285589311701125,-0.18222344187635914,0.32189401729748035,0.36773535865988116,0.5312329199275914,-0.7523368543673679,-0.15503559176110207,-1.1280124009929609,0.4470866002977665
-0.17268055620137587,2.617616897777585,-1.9754829923451402,1.1828996847630553,0.8014928574384419,-0.31134502799585934,0.42635588244419137,1.231262256757257,0.9822925488530455,-0.4130483552616594,-1.4662382445900934,0.4470866002977665
1.0521025282626468,0.153120961435768,-0.41235780108586817,-0.9278902208458244,-0.24008910654193572,-0.5013167415838612,-0.3357109267518412,-0.27417717728505825,-0.21860473029954836,0.2749856807398276,-0.1133348702015644,0.4470866002977665
-0.7294001400486586,-0.16487851422124092,-0.23867722427928223,-0.058741436183344445,0.6278958634417122,-0.1846972189371914,-0.7655947678367827,-1.3430391754550837,0.11497784724284033,0.4469941897401995,1.7469072695826628,0.4470866002977665
-1.5088075574348547,0.07362109252151577,0.10868392933388919,0.8352401708980637,-0.2979547712075123,0.06859839918014449,-0.2966305775623011,-0.47741150088076495,0.11497784724284033,-0.32704410076147394,0.4785603560934166,0.4470866002977665
-0.7294001400486586,0.31212069926427205,-0.06499664747269676,0.18958678800593554,-0.7608800885321242,-1.4511753095238709,-0.45295197432046164,-0.4623571065403268,0.31512739376827115,-0.8430696277625891,0.309447434294851,0.4470866002977665
0.7180707779542764,-0.40337812096399717,0.4560450829470606,-0.8285589311701125,-0.9344770825288539,-1.5778231185825387,-0.277090402967531,-0.34944914898716567,-0.48547079233345813,-0.9290738822627745,-0.19789133110084717,0.4470866002977665
0.27269511087645076,0.7096200438355332,-0.5860383778924542,0.8849058157359195,0.39643320477940625,0.8918091580614861,0.602217453797122,0.8774839897573355,-0.15188821479106943,0.10297717173945574,-1.212568861892245,0.4470866002977665
0.27269511087645076,-0.5623778587925017,-0.3255175126825752,1.6050576658848315,-0.8187457531977007,0.5751896354148163,1.0516414694768335,1.4307329817678751,-0.15188821479106943,-0.5850568642620313,-1.3816817836908106,0.4470866002977665
2.1655416959572125,-0.8008774655352581,0.28236450614047515,0.5372463018709274,-0.6451487592009714,0.13192230370947847,0.5826772792023519,0.8549023982466782,-0.8190533698758439,-0.49905260976184534,-0.7897865573958297,0.4470866002977665
1.3861342785710153,-0.40337812096399717,0.19552421773718215,-0.5802307069808325,0.2807018754482531,-1.261203595935869,-0.9609965137844834,0.03443790669363227,-2.2201001955538686,-0.15503559176110207,-0.9588994791943952,0.4470866002977665
1.831509945648842,0.153120961435768,0.28236450614047515,1.7043889555605436,0.6278958634417122,0.7018374444734842,2.341292992731658,1.840965227544419,-0.3520377613165032,0.10297717173945574,-0.5361171746979798,0.4470866002977665
-0.7294001400486586,-0.2443783831354927,-0.7597189546990398,1.1332340399251994,-0.47155176520424164,-0.05804940987852345,-0.17938952999368069,-0.20643240275312816,-1.1526359474182326,-1.7031121727644476,0.14033451249628545,0.4470866002977665
-0.061336639431918714,0.7096200438355332,-0.5860383778924542,-0.6050635293997605,2.0166718154155494,-0.05804940987852345,-1.4690410532485052,0.7419944406935172,0.24841087825979224,0.6190026987405703,-0.5361171746979798,-2.2367031338760426
0.7180707779542764,2.8561165045203416,-1.454441261925383,-0.8533917535890405,1.4958808334253602,-0.3746689325251933,0.9344004219082132,-0.08599724802974795,-1.1526359474182326,0.016972917239269796,-1.1280124009929609,0.4470866002977665
-0.28402447297083205,-1.0393770722780147,-0.5860383778924542,1.3318966192766237,0.5121645341105594,2.094963344118831,1.2665833900193042,0.47477894115101077,-0.685620338858889,-0.06903133726091613,-0.028778409302281614,0.4470866002977665
-0.3953683897402892,-0.2443783831354927,0.28236450614047515,-1.0272215105215365,-0.6451487592009714,0.7018374444734842,-0.02306813323552016,-1.9301605547315883,-1.2860689784351873,-1.1870866457633324,1.5777943477840972,0.4470866002977665
-0.17268055620137587,-0.40337812096399717,-0.5860383778924542,0.7110760588034234,0.2228362107826765,1.4617242988254917,1.8332484532676363,0.8172664123956246,-0.6189038233504129,-0.32704410076147394,-1.4662382445900934,0.4470866002977665
0.27269511087645076,2.379117291034828,-1.9754829923451402,-0.23257119311584049,1.9588061507499728,-0.31134502799585934,-0.2380100537779909,0.9339379685339161,0.18169436275131629,0.016972917239269796,-1.043455940093678,-2.2367031338760426
-1.5088075574348547,-0.1251285797641148,-0.41235780108586817,-0.9527230432647524,-0.7608800885321242,0.5751896354148163,-0.3552511013466113,-0.8989345424126166,1.64945770393782,0.4469941897401995,-0.028778409302281614,0.4470866002977665
0.1613511941069936,-0.4828779898782494,-0.49919808948916117,-0.8285589311701125,-0.12435777721078256,1.208428680708156,1.188422691640224,-0.5376290782424342,-0.15188821479106943,-0.7570653732624032,0.309447434294851,0.4470866002977665
-2.399558891590507,-0.6816276621638797,0.6297256597536466,-0.9278902208458244,1.4958808334253602,1.018456967120154,0.1918737873069506,-0.9817337112849431,0.5819934558021809,-0.9290738822627745,-0.28244779200013,0.4470866002977665
-0.6180562232792015,0.4711204370927765,1.5849688321898683,2.0768812918444635,-0.18222344187635914,1.3984003942961578,2.3999135165159684,1.6076221152678358,-0.552187307841934,-0.24103984626128802,-1.804464088187226,0.4470866002977665
-1.2861197238959414,-0.40337812096399717,-1.1070801083122115,-0.9278902208458244,-0.9923427471944305,0.5751896354148163,-0.12076900620937049,-1.1774408377104308,1.3158751263954314,-0.9290738822627745,0.309447434294851,0.4470866002977665
0.8294146947237335,-0.08537864530698869,-0.6728786662957469,-0.7292276414944004,1.1486868454319015,-0.1846972189371914,0.34819518406511113,-0.04083406500847514,-0.7523368543673679,0.9630197167413141,-0.7052300964965453,0.4470866002977665
-1.6201514742043108,0.19287089589289413,-0.06499664747269676,-0.6050635293997605,1.3222838394286303,-0.24802112346652536,0.15279343811741045,-0.5752650640935297,-0.552187307841934,0.016972917239269796,-0.8743430182951124,0.4470866002977665
-0.7294001400486586,-0.5623778587925017,0.36920479454376764,-0.6547291742376166,-0.5294174298698182,0.7651613490028182,-0.21846987918322083,-1.2677672037529764,0.7821430023276118,-0.5850568642620313,0.9858991214891163,0.4470866002977665
-0.6180562232792015,1.1866192573210461,-1.9754829923451402,-0.0090757913454884,-0.12435777721078256,0.19524620823881242,0.46543623163373155,0.19627264585315485,-0.8190533698758439,0.4469941897401995,-0.5361171746979798,0.4470866002977665
-0.6180562232792015,-0.4828779898782494,0.19552421773718215,-0.8037261087511844,-0.6451487592009714,0.2585701127681464,-0.14030918080414057,-0.861298556561563,0.048261331734361396,1.307036734742058,-0.028778409302281614,0.4470866002977665
0.050007277337537445,-0.5623778587925017,0.10868392933388919,-0.9030573984268965,-0.6451487592009714,0.5118657308854823,0.05509256514356011,-0.7258090074977445,-0.3520377613165032,-0.7570653732624032,0.4785603560934166,0.4470866002977665
-1.1747758071264842,-0.40337812096399717,-0.15183693587598973,0.1150883207491516,-0.12435777721078256,0.19524620823881242,-0.08168865701983036,-0.635482641455199,0.11497784724284033,-0.8430696277625891,0.6476732778919837,0.4470866002977665
0.49538294441536407,2.379117291034828,-2.5833650111681905,-0.7292276414944004,1.4958808334253602,-1.134555786877201,-1.6058222754118956,1.3366430171402408,1.716174219446296,1.221032480241872,-0.7052300964965453,-2.2367031338760426
-0.7294001400486586,-1.277876679020771,-0.06499664747269676,-0.8782245760079684,-1.5131337291846192,0.4485418263561483,-0.39433145053615143,-1.1059324645934119,1.3158751263954314,0.5329984442403845,0.6476732778919837,0.4470866002977665
-0.7294001400486586,0.6301201749212809,-1.9754829923451402,-0.8037261087511844,1.0329555161007482,-1.7677948321705406,-1.9575454181177567,0.5538145114382068,0.7821430023276118,0.6190026987405703,-1.043455940093678,-2.2367031338760426
-0.17268055620137587,-0.8803773344495102,0.6297256597536466,-0.058741436183344445,-0.47155176520424164,-0.24802112346652536,-0.3357109267518412,0.02691070952341317,0.9822925488530455,0.6190026987405703,0.055778051597001166,0.4470866002977665
0.27269511087645076,-1.1188769411922665,0.5428853713503535,0.4875806570330716,0.6278958634417122,1.018456967120154,0.15279343811741045,-0.26664998011483915,-0.9524864008927987,-0.4130483552616594,0.309447434294851,0.4470866002977665
-0.061336639431918714,-0.2443783831354927,-0.3255175126825752,-0.7043948190754724,-0.703014423866548,0.7018374444734842,0.016012215954019974,-0.4999930923913805,1.3158751263954314,-0.15503559176110207,0.14033451249628545,0.4470866002977665
1.163446445032103,-0.4828779898782494,1.5849688321898683,1.0090699278305595,-0.24008910654193572,0.005274494650810516,1.2665833900193042,1.5323501435657285,0.7821430023276118,-0.15503559176110207,-0.5361171746979798,0.4470866002977665
0.1613511941069936,-1.0393770722780147,0.7165659481569395,2.5611213290135595,-0.06649211254520598,0.8918091580614861,0.7389986759605125,2.0818355369911794,0.7821430023276118,2.2530835342441025,-1.2971253227915278,0.4470866002977665
0.3840390276459069,0.8686197816640372,0.6297256597536466,0.4627478346141434,-0.18222344187635914,-0.12137331440785742,0.035552390548790044,-0.5376290782424342,-0.21860473029954836,-1.1870866457633324,1.66235080868338,0.4470866002977665
0.9407586114931897,1.981617946463568,-1.628121838731969,-0.7292276414944004,1.9588061507499728,-1.5144992140532048,-1.8012240213595963,1.1559902850551498,0.9822925488530455,-0.06903133726091613,-1.043455940093678,-2.2367031338760426
0.9407586114931897,-0.5623778587925017,0.10868392933388919,1.8037202452362553,0.33856754011382967,0.7018374444734842,0.34819518406511113,1.6828940869699434,-1.4195020094521422,0.2749856807398276,-1.5507947054893763,0.4470866002977665
-0.5067123065097453,-1.357376547935023,0.19552421773718215,0.6614104139655674,0.10710488145152376,1.3984003942961578,1.3447440883983846,1.005446341650935,0.18169436275131629,-0.15503559176110207,-1.7199076272879432,0.4470866002977665
0.27269511087645076,0.31212069926427205,0.28236450614047515,1.8533858900741116,0.16497054611709994,-1.5778231185825387,-1.6253624500066657,0.177454652927628,-0.6189038233504129,-1.0150781367629604,0.7322297387912664,0.4470866002977665
-1.2861197238959414,2.1406176842920717,-2.670205299571484,-0.8533917535890405,-1.6288650585157722,0.13192230370947847,-0.4724921489152317,-1.7871438084975926,0.448560424785226,-1.1010823912631464,1.4932378868848144,0.4470866002977665
-0.5067123065097453,0.153120961435768,-0.06499664747269676,-0.28223683795369653,-0.703014423866548,0.19524620823881242,-0.6288135456733922,-1.3731479641359183,0.18169436275131629,1.0490239712415002,1.5777943477840972,0.4470866002977665
-1.1747758071264842,-0.2443783831354927,-1.454441261925383,0.9097386381548473,-0.9344770825288539,-0.05804940987852345,0.42635588244419137,0.5613417086084259,0.3818439092767471,-0.5850568642620313,-0.9588994791943952,0.4470866002977665
-0.3953683897402892,-0.6418777277067537,0.10868392933388919,-1.0023886881026083,-0.41368610053866506,-0.3746689325251933,-0.8046751170263229,-0.4999930923913805,1.1157255798700003,0.2749856807398276,-0.36700425289941424,0.4470866002977665
-0.952087973587572,-0.005878776392736454,0.5428853713503535,0.8600729933169916,-0.9923427471944305,2.474906771294835,0.9734807710977532,-0.19890520558295086,1.3158751263954314,-0.9290738822627745,0.901342660589832,0.4470866002977665
-0.17268055620137587,0.4711204370927765,-0.23867722427928223,-0.23257119311584049,-1.050208411860007,-0.12137331440785742,-0.8046751170263229,-1.4785287245189023,0.048261331734361396,-0.4130483552616594,1.4932378868848144,0.4470866002977665
-0.061336639431918714,-0.2443783831354927,0.5428853713503535,1.0339027502494873,-0.6451487592009714,-0.944584073289199,-0.863295640810633,0.3279985963318846,-1.1526359474182326,0.2749856807398276,0.3940038951941338,0.4470866002977665
0.050007277337537445,-0.8803773344495102,-0.06499664747269676,0.2889180776816474,-0.6451487592009714,0.005274494650810516,-0.0035279586407500917,-0.010725276327640537,0.11497784724284033,0.016972917239269796,0.14033451249628545,0.4470866002977665
-0.28402447297083205,1.0276195194925417,0.021843640930596212,-0.7540604639133285,-1.050208411860007,0.6385135399441502,-0.3161707521570712,-1.4785287245189023,0.448560424785226,0.9630197167413141,1.66235080868338,0.4470866002977665
0.49538294441536407,-0.2443783831354927,0.4560450829470606,2.3997079832905275,-0.008626447879629403,0.2585701127681464,0.7976191997448226,1.0807183133530422,-0.552187307841934,0.4469941897401995,-0.028778409302281614,0.4470866002977665
-0.3953683897402892,0.23262083035002024,-0.23867722427928223,-0.9030573984268965,-0.7608800885321242,0.06859839918014449,-0.5897331964838521,-0.8763529509019593,-0.8190533698758439,-0.7570653732624032,0.055778051597001166,0.4470866002977665
-0.3953683897402892,-0.16487851422124092,0.021843640930596212,-0.2574040155347685,-1.2238054058567367,0.5118657308854823,-0.4724921489152317,-1.3468027740402142,0.11497784724284033,0.7910112077409422,1.66235080868338,0.4470866002977665
0.27269511087645076,0.31212069926427205,-0.49919808948916117,0.16475396558700742,-0.9344770825288539,-0.5013167415838612,-0.0035279586407500917,-0.22148679709356636,-1.9532341335199588,1.307036734742058,-0.28244779200013,0.4470866002977665
-0.8407440568181148,-0.2443783831354927,2.279691139416211,-0.9775558656836805,-0.2979547712075123,1.208428680708156,-0.550652847294312,-1.463474330178464,-0.3520377613165032,-1.2730909002635182,0.7322297387912664,0.4470866002977665
-0.3953683897402892,0.153120961435768,0.021843640930596212,-0.9030573984268965,-1.6288650585157722,-0.12137331440785742,-0.6092733710786222,-1.3468027740402142,0.24841087825979224,-0.5850568642620313,1.4932378868848144,0.4470866002977665
0.1613511941069936,2.2996174221205763,-2.5833650111681905,-0.6547291742376166,1.785209156753243,-0.43799283705452724,-1.6253624500066657,0.4559609482254839,1.1824420953784764,0.8770154622411283,0.22489097339556824,-2.2367031338760426
-0.7294001400486586,-0.2443783831354927,-0.06499664747269676,-0.45606659488619244,-0.5294174298698182,-0.43799283705452724,-0.10122883161460043,0.10218268122552057,-1.1526359474182326,-0.6710611187622172,-1.7199076272879432,0.4470866002977665
-0.5067123065097453,0.07362109252151577,-1.628121838731969,1.6298904883037595,-0.8766114178632773,0.2585701127681464,0.8757798981239029,1.3065342284593644,-0.01845518377411456,-1.6171079182642616,-1.3816817836908106,0.4470866002977665
0.8294146947237335,-1.5958761546777798,0.28236450614047515,2.2631274599864235,-0.47155176520424164,0.6385135399441502,-0.12076900620937049,0.9075927784381701,-1.0192029164012777,0.7050069532407564,0.309447434294851,0.4470866002977665
-0.7294001400486586,0.39162056817852425,-0.23867722427928223,-0.6050635293997605,-0.7608800885321242,-0.8179362642305311,-0.9219161645949433,-1.9753237377528612,-0.8190533698758439,-0.32704410076147394,1.8314637304819472,0.4470866002977665
1.163446445032103,0.153120961435768,1.9323299858030403,-0.6050635293997605,2.479597132740161,-0.8179362642305311,-0.7851349424315528,1.3818062001615137,0.9822925488530455,2.5110962977446603,-0.8743430182951124,-2.2367031338760426
0.050007277337537445,-0.2443783831354927,-0.23867722427928223,-0.8782245760079684,-0.5294174298698182,-1.1978796914065348,-0.7265144186472425,-0.8274261692955979,-0.2853212458080243,1.221032480241872,0.3940038951941338,0.4470866002977665
-1.5088075574348547,0.23262083035002024,-0.06499664747269676,0.4875806570330716,-0.5872830945353948,-0.5013167415838612,-0.6092733710786222,-0.47741150088076495,0.18169436275131629,-0.15503559176110207,0.3940038951941338,0.4470866002977665
-0.3953683897402892,0.23262083035002024,-0.5860383778924542,-0.40640095004833654,-0.8187457531977007,-0.12137331440785742,-0.4138716251309215,-1.3618571683806107,-0.8190533698758439,-0.9290738822627745,1.4086814259855318,0.4470866002977665
0.9407586114931897,1.6636184708065591,-0.49919808948916117,-0.7540604639133285,1.9009404860843961,-1.071231882347867,-1.6058222754118956,1.6828940869699434,1.3825916419039102,1.221032480241872,-1.3816817836908106,-2.2367031338760426
-0.17268055620137587,-0.7213775966210059,-0.41235780108586817,-0.9278902208458244,-0.41368610053866506,-0.12137331440785742,1.2079628662349942,-1.087114471667885,-1.2193524629267085,-1.3590951547637042,0.4785603560934166,0.4470866002977665
0.7180707779542764,-0.16487851422124092,0.977086813366818,-0.9030573984268965,-0.7608800885321242,-0.8179362642305311,-0.6678938948629324,-1.1774408377104308,-1.5529350404690943,-1.0150781367629604,0.5631168169927009,0.4470866002977665
0.1613511941069936,0.9481196505782894,2.627052293029383,1.7043889555605436,-0.18222344187635914,1.4617242988254917,0.6803781521762022,1.3065342284593644,-0.7523368543673679,-0.49905260976184534,-1.6353511663886604,0.4470866002977665
-1.2861197238959414,-1.4368764168492754,-0.7597189546990398,1.9278843573308952,0.570030198776136,-0.43799283705452724,1.2275030408297642,0.629086483140356,0.6487099713106569,-0.7570653732624032,0.901342660589832,0.4470866002977665
-0.061336639431918714,-0.9598772033637624,0.36920479454376764,0.4875806570330716,-0.18222344187635914,1.2717525852374898,0.09417291433310024,-0.23654119143400454,-0.8190533698758439,-0.5850568642620313,0.055778051597001166,0.4470866002977665
-0.6180562232792015,-0.40337812096399717,-0.49919808948916117,1.4312279089523352,-0.12435777721078256,2.2216111531774994,1.149342342450684,0.8022120180551864,-0.3520377613165032,0.36098993524001355,-0.6206736355972626,0.4470866002977665
-1.5088075574348547,-0.32387825204974496,0.5428853713503535,-1.0023886881026083,-1.3395367351878895,-1.261203595935869,-1.3908803548694249,-2.061886505210276,0.448560424785226,-1.5311036637640756,2.0851331131797957,0.4470866002977665
0.49538294441536407,-0.005878776392736454,-0.23867722427928223,-0.8285589311701125,0.10710488145152376,0.13192230370947847,0.32865500947034104,-0.3870851348382194,0.5819934558021809,0.4469941897401995,-0.1133348702015644,0.4470866002977665
2.9449491133434074,0.07362109252151577,1.4112882553832824,-0.8782245760079684,0.4542988694449828,-1.3878514049945367,-1.8793847197386766,1.1371722921296228,-0.01845518377411456,2.683104806745031,-0.28244779200013,-2.2367031338760426
-0.8407440568181148,-0.16487851422124092,-0.15183693587598973,0.16475396558700742,-0.12435777721078256,0.2585701127681464,1.1298021678559138,-0.3005223673808042,0.18169436275131629,0.016972917239269796,-0.08514938323516534,0.4470866002977665
1.831509945648842,-0.7213775966210059,0.19552421773718215,-0.9278902208458244,-0.9923427471944305,0.4485418263561483,-0.49203232351000176,-0.5790286626786183,-2.6203992886047334,-1.7031121727644476,-0.28244779200013,0.4470866002977665
-0.8407440568181148,-0.40337812096399717,0.10868392933388919,2.5735377402230237,-0.9923427471944305,2.094963344118831,1.2665833900193042,1.6640760940444164,0.5819934558021809,0.8770154622411283,-1.043455940093678,0.4470866002977665
-0.8407440568181148,-0.005878776392736454,-0.6728786662957469,-0.40640095004833654,0.2228362107826765,0.19524620823881242,-0.14030918080414057,0.13605506849148563,-0.4187542768249792,-0.24103984626128802,-1.8890205490865088,0.4470866002977665
0.3840390276459069,-0.5623778587925017,0.7165659481569395,-0.33190248279155243,-1.3974023998534661,0.2585701127681464,-0.08168865701983036,-0.4247211206892731,-0.3520377613165032,0.016972917239269796,0.22489097339556824,0.4470866002977665
-0.3953683897402892,0.23262083035002024,-0.49919808948916117,-0.033908613764416534,-0.5872830945353948,-0.944584073289199,0.016012215954019974,-0.7333362046679636,0.9155760333445666,1.7370580072429866,1.66235080868338,0.4470866002977665
-0.3953683897402892,-0.4828779898782494,-0.5860383778924542,-0.8037261087511844,-0.008626447879629403,-0.31134502799585934,0.07463273973833018,0.10218268122552057,0.9822925488530455,0.7910112077409422,-0.45156071379869706,0.4470866002977665
-1.1747758071264842,-0.5623778587925017,0.28236450614047515,-0.7292276414944004,-0.6451487592009714,0.5751896354148163,-0.2380100537779909,-1.6742358509443898,-0.21860473029954836,-0.06903133726091613,1.4086814259855318,0.4470866002977665
1.6088221121099298,-1.1188769411922665,0.021843640930596212,0.1150883207491516,0.2228362107826765,1.018456967120154,0.5826772792023519,0.5161785255871532,0.11497784724284033,-1.1010823912631464,-0.7052300964965453,0.4470866002977665
-0.061336639431918714,0.07362109252151577,-1.5412815503286759,0.7110760588034234,-0.3558204358730885,-1.261203595935869,-0.06214848242506029,0.7796304265445708,0.048261331734361396,-1.1870866457633324,-1.212568861892245,0.4470866002977665
-0.5067123065097453,-0.7213775966210059,-0.23867722427928223,-0.30706966037262445,0.6278958634417122,-0.12137331440785742,0.602217453797122,-0.8123717749551597,0.048261331734361396,-0.8430696277625891,1.2395685041869646,0.4470866002977665
-0.28402447297083205,0.07362109252151577,1.150767390173404,-0.6298963518186885,0.7436271927728654,-0.43799283705452724,-1.683982973790976,0.343052990672281,0.448560424785226,2.5110962977446603,0.8167861996905492,-2.2367031338760426
-1.2861197238959414,0.39162056817852425,0.6297256597536466,-1.0023886881026083,-0.6451487592009714,-1.7677948321705406,-0.8828358154054031,-1.3279847811146874,0.3818439092767471,-1.4450994092638898,0.6476732778919837,0.4470866002977665
-1.1747758071264842,-0.9598772033637624,0.5428853713503535,-1.0272215105215365,-1.2238054058567367,-1.7677948321705406,-1.9380052435229866,-1.5914366820720633,-0.8857698853843228,-1.7031121727644476,0.14033451249628545,0.4470866002977665
-0.061336639431918714,-0.16487851422124092,0.10868392933388919,0.21441961042486346,-0.47155176520424164,-0.944584073289199,-0.15984935539891063,-0.34944914898716567,-1.2193524629267085,0.6190026987405703,0.4785603560934166,0.4470866002977665
-0.6180562232792015,-0.7213775966210059,-0.06499664747269676,1.5553920210469754,-0.12435777721078256,1.3984003942961578,0.5631371046075818,0.32423499774675413,-0.08517169928259348,-1.4450994092638898,0.14033451249628545,0.4470866002977665
-1.1747758071264842,-1.4368764168492754,-0.23867722427928223,-0.7540604639133285,0.10710488145152376,-0.6912884551718631,-0.824215291621093,-0.8010809791998519,1.3825916419039102,1.135028225741686,0.14033451249628545,0.4470866002977665
-1.8428393077432244,0.07362109252151577,-1.628121838731969,0.4130821897762874,-0.2979547712075123,-0.5646406461131952,0.40681570784942134,-0.08599724802974795,0.9155760333445666,0.7910112077409422,-0.19789133110084717,0.4470866002977665
-0.28402447297083205,-1.277876679020771,-0.15183693587598973,0.01575703107343951,0.570030198776136,-0.1846972189371914,-0.2966305775623011,0.2527266246297772,1.9830402814802057,-0.5850568642620313,-0.36700425289941424,0.4470866002977665
1.2747903618015592,-0.5623778587925017,-0.41235780108586817,1.5057263762091195,-0.2979547712075123,0.6385135399441502,1.774627929483326,1.065663919012604,-0.7523368543673679,-0.15503559176110207,-0.5361171746979798,0.4470866002977665
0.1613511941069936,2.220117553206324,-2.670205299571484,-0.6795619966565444,1.7273434920876665,-0.31134502799585934,-1.4885812278432753,0.4860697369063185,1.3158751263954314,1.4790452437424297,0.14033451249628545,-2.2367031338760426
-1.0634318903570281,-1.1983768101065189,0.4560450829470606,-0.8285589311701125,-0.3558204358730885,-1.134555786877201,-1.156398259732184,-0.9403341268487589,-0.01845518377411456,0.2749856807398276,0.14033451249628545,0.4470866002977665
0.3840390276459069,-0.16487851422124092,0.5428853713503535,0.8352401708980637,-0.24008910654193572,0.8918091580614861,2.087270722999647,1.005446341650935,-0.685620338858889,-0.32704410076147394,-1.3816817836908106,0.4470866002977665
-0.8407440568181148,-0.2443783831354927,1.237607678576697,0.6365775915466395,-0.18222344187635914,0.9551330625908201,1.6183065327251656,0.6780132647467175,0.24841087825979224,-0.4130483552616594,-1.212568861892245,0.4470866002977665
-0.7294001400486586,2.2996174221205763,1.150767390173404,1.5057263762091195,0.10710488145152376,1.208428680708156,2.438993865705508,1.231262256757257,-0.21860473029954836,0.5329984442403845,-1.1280124009929609,0.4470866002977665
-0.17268055620137587,1.4251188640638024,-0.7597189546990398,-0.6547291742376166,1.3222838394286303,-1.134555786877201,-1.8793847197386766,0.16992745575745066,1.2491586108869552,2.7691090612452167,0.5631168169927009,-2.2367031338760426
-1.5088075574348547,-1.5163762857635275,0.19552421773718215,-0.5057322397240485,-0.24008910654193572,-0.6279645506425292,-0.9219161645949433,-1.8699429773699192,-0.3520377613165032,-1.6171079182642616,1.9160201913812298,0.4470866002977665
1.7201660288793859,1.1866192573210461,0.021843640930596212,-0.6671455854470805,1.7273434920876665,0.06859839918014449,-1.2150187835164943,1.5323501435657285,0.7154264868191358,0.2749856807398276,-0.7052300964965453,-2.2367031338760426
0.3840390276459069,1.5841186018923068,-1.1070801083122115,-0.7043948190754724,1.2644181747630545,-1.1978796914065348,-1.8012240213595963,1.4119149888423483,1.9830402814802057,1.9090665162433584,-0.9588994791943952,-2.2367031338760426
0.49538294441536407,0.07362109252151577,-0.7597189546990398,1.6795561331416153,-0.7608800885321242,0.8284852535321521,0.5826772792023519,0.6968312576722443,-0.8190533698758439,-0.49905260976184534,-0.19789133110084717,0.4470866002977665
-0.6180562232792015,-1.0393770722780147,0.10868392933388919,1.1580668623441275,0.2228362107826765,-0.43799283705452724,-0.5897331964838521,0.8925383840977319,0.8488595178360907,-0.15503559176110207,-1.043455940093678,0.4470866002977665
-1.7314953909737671,-1.1188769411922665,-0.3255175126825752,-0.5553978845619044,0.04923921678594718,-0.1846972189371914,-0.3161707521570712,-0.635482641455199,1.582741188429341,0.36098993524001355,-0.28244779200013,0.4470866002977665
0.1613511941069936,-0.9598772033637624,-0.23867722427928223,-0.33190248279155243,-0.8766114178632773,-0.944584073289199,-0.824215291621093,-0.34944914898716567,-2.0866671645369137,2.3390877887442882,0.6476732778919837,0.4470866002977665
-0.3953683897402892,-0.40337812096399717,-0.8465592431023328,-0.5057322397240485,-1.281671070522313,1.0817808716494879,0.11371308892787031,-1.1435684504444656,-0.01845518377411456,-1.1010823912631464,0.5631168169927009,0.4470866002977665
-0.5067123065097453,0.5506203060070287,-0.41235780108586817,0.06542267591129555,-0.3558204358730885,0.13192230370947847,-0.15984935539891063,-1.2263676193167923,-1.0859194319097536,-0.06903133726091613,1.4086814259855318,0.4470866002977665
1.831509945648842,0.033871158064389666,0.8034062365602325,-0.6795619966565444,1.785209156753243,-1.7677948321705406,-2.2311078624445377,0.4484337510552648,0.31512739376827115,1.3930409892422437,1.070455582388399,-2.2367031338760426
-0.28402447297083205,2.4586171599490805,-0.5860383778924542,-0.9527230432647524,-0.5294174298698182,-1.5778231185825387,-1.136858085137414,-0.19890520558295086,1.2491586108869552,-1.6171079182642616,-0.19789133110084717,0.4470866002977665
0.050007277337537445,2.0611178153778194,-1.8018024155385546,0.8352401708980637,2.653194126736891,-0.5013167415838612,1.3252039138036145,1.231262256757257,1.1824420953784764,-0.32704410076147394,-1.212568861892245,0.4470866002977665
1.6088221121099298,1.981617946463568,-1.9754829923451402,-0.7043948190754724,3.2897164380582327,-0.944584073289199,-1.4885812278432753,0.7043584548424634,-0.6189038233504129,0.10297717173945574,0.309447434294851,-2.2367031338760426
1.163446445032103,0.4711204370927765,0.10868392933388919,-0.8285589311701125,-0.47155176520424164,0.06859839918014449,0.895320072718673,-0.7258090074977445,-1.4862185249606181,0.36098993524001355,0.5631168169927009,0.4470866002977665
-1.2861197238959414,-0.4828779898782494,-0.41235780108586817,2.0272156470066074,0.16497054611709994,0.8284852535321521,0.5435969300128118,1.231262256757257,0.448560424785226,-1.1010823912631464,-1.1280124009929609,0.4470866002977665
-1.3974636406653975,0.6301201749212809,-0.49919808948916117,-0.0090757913454884,-0.8766114178632773,1.145104776178822,-0.14030918080414057,-1.6064910764125016,0.24841087825979224,0.6190026987405703,2.0851331131797957,0.4470866002977665
2.4995734462655808,2.1406176842920717,-0.9333995315056256,-0.4808994173051205,1.9009404860843961,-1.007907977818533,-0.10122883161460043,1.5323501435657285,0.048261331734361396,0.7050069532407564,-0.9588994791943952,-2.2367031338760426
-0.061336639431918714,1.6636184708065591,2.019170274206333,0.7359088812223515,-0.703014423866548,-0.5013167415838612,0.9539405965029832,-0.4736479022956345,0.24841087825979224,-0.32704410076147394,1.3241249650862474,0.4470866002977665
-0.5067123065097453,2.538117028863333,0.19552421773718215,-0.7788932863322565,0.6278958634417122,-0.944584073289199,-1.8012240213595963,0.5199421241722836,0.9155760333445666,1.135028225741686,-0.45156071379869706,-2.2367031338760426
-1.2861197238959414,0.7096200438355332,0.977086813366818,-0.1332399034401284,-0.06649211254520598,0.48020377862081526,2.438993865705508,-0.08599724802974795,0.18169436275131629,0.5329984442403845,-0.8743430182951124,0.4470866002977665
-1.9541832245126805,-0.20462844867836705,-0.15183693587598973,0.0530062647018316,-0.7608800885321242,2.094963344118831,0.34819518406511113,-1.6667086537741707,-0.21860473029954836,-1.4450994092638898,1.4932378868848144,0.4470866002977665
0.3840390276459069,-0.8008774655352581,0.19552421773718215,-0.9775558656836805,-0.6451487592009714,2.2216111531774994,0.46543623163373155,-0.6129010499445834,-0.7523368543673679,0.10297717173945574,-0.36700425289941424,0.4470866002977665
-2.0655271412821374,-1.357376547935023,-0.49919808948916117,-1.0520543329404644,-0.5294174298698182,-1.007907977818533,-0.6092733710786222,-0.7634449933487982,-0.01845518377411456,-0.6710611187622172,-1.212568861892245,0.4470866002977665
-1.5088075574348547,0.8686197816640372,0.28236450614047515,-0.6298963518186885,-1.5131337291846192,0.19524620823881242,-0.45295197432046164,-1.7984346042529005,-0.01845518377411456,-1.1010823912631464,1.8314637304819472,0.4470866002977665
1.6088221121099298,-0.32387825204974496,1.3244479669799898,0.9345714605737753,-0.008626447879629403,0.5118657308854823,1.501065485156545,1.3065342284593644,-0.552187307841934,0.7050069532407564,-0.8743430182951124,0.4470866002977665
0.3840390276459069,-0.8803773344495102,0.5428853713503535,-0.9278902208458244,-0.6451487592009714,1.0817808716494879,-0.02306813323552016,-0.7258090074977445,0.6487099713106569,-0.15503559176110207,0.22489097339556824,0.4470866002977665
2.722261279804495,-1.1983768101065189,-0.06499664747269676,-0.8782245760079684,-0.3558204358730885,-0.31134502799585934,1.0907218186663736,0.5538145114382068,-0.48547079233345813,-0.4130483552616594,-1.2971253227915278,0.4470866002977665
-0.28402447297083205,0.153120961435768,0.28236450614047515,0.6365775915466395,-0.703014423866548,0.5118657308854823,0.07463273973833018,-1.0156060985508664,-1.5529350404690943,-1.6171079182642616,1.4932378868848144,0.4470866002977665
0.1613511941069936,0.153120961435768,-0.06499664747269676,-0.40640095004833654,-0.8187457531977007,-0.05804940987852345,-0.3552511013466113,-1.026896894306216,-0.9524864008927987,-1.7031121727644476,1.4086814259855318,0.4470866002977665
-0.061336639431918714,-0.7213775966210059,0.021843640930596212,0.33858372251950347,-1.1080740765255834,0.6385135399441502,0.21141396190172065,-0.25159558577440094,-0.9524864008927987,-0.15503559176110207,0.14033451249628545,0.4470866002977665
0.49538294441536407,0.39162056817852425,-0.06499664747269676,-0.7788932863322565,1.4958808334253602,-0.881260168759865,-1.8793847197386766,0.09841908264043192,0.11497784724284033,1.6510537527428006,0.6476732778919837,-2.2367031338760426
-1.5088075574348547,-1.4368764168492754,-0.3255175126825752,-0.033908613764416534,-1.16593974119116,-0.5646406461131952,-0.3161707521570712,0.3279985963318846,0.7821430023276118,-0.49905260976184534,-1.212568861892245,0.4470866002977665
-0.952087973587572,0.39162056817852425,2.366531427819504,2.4990392729662396,-0.24008910654193572,0.7018374444734842,-0.10122883161460043,1.457078171863621,-0.48547079233345813,0.016972917239269796,-1.3816817836908106,0.4470866002977665
-0.061336639431918714,0.39162056817852425,-0.49919808948916117,-0.6298963518186885,2.8846567853991973,-1.6411470231118728,-2.0357061164968373,0.9301743699487857,1.2491586108869552,0.7910112077409422,-0.45156071379869706,-2.2367031338760426
-0.17268055620137587,-0.8803773344495102,0.4560450829470606,-0.8285589311701125,-1.16593974119116,-1.5144992140532048,-1.4495008786537351,-0.8198989721253788,-0.08517169928259348,0.7910112077409422,0.22489097339556824,0.4470866002977665
-0.5067123065097453,-1.5561262202206536,-0.15183693587598973,-0.7416440527038645,-0.5872830945353948,2.664878484882837,0.895320072718673,-1.854888583029481,-0.685620338858889,-2.2191376997655627,1.9160201913812298,0.4470866002977665
0.050007277337537445,2.4586171599490805,-1.9754829923451402,-0.7788932863322565,1.6116121627565132,-1.4511753095238709,-1.8793847197386766,1.457078171863621,1.716174219446296,0.18898142623964168,-1.3816817836908106,-2.2367031338760426
-0.061336639431918714,-0.4828779898782494,-0.5860383778924542,-0.33190248279155243,0.5121645341105594,-1.134555786877201,-0.6874340694577025,0.10218268122552057,-1.5529350404690943,-0.24103984626128802,-0.9588994791943952,0.4470866002977665
2.9449491133434074,-0.4828779898782494,2.019170274206333,-0.9030573984268965,-0.47155176520424164,-0.944584073289199,0.7780790251500526,-0.04836126217869424,-1.8865176180114829,-0.6710611187622172,-0.1133348702015644,0.4470866002977665
-0.952087973587572,2.220117553206324,-2.5833650111681905,-0.7043948190754724,0.4542988694449828,-1.6411470231118728,-2.0943266402811473,0.29788980765105,1.9830402814802057,0.4469941897401995,0.6476732778919837,-2.2367031338760426
0.27269511087645076,-0.5623778587925017,-0.23867722427928223,-0.7540604639133285,-0.9344770825288539,-0.05804940987852345,-0.550652847294312,-0.9516249226041085,-0.8190533698758439,-1.0150781367629604,0.22489097339556824,0.4470866002977665
0.050007277337537445,-0.08537864530698869,1.7586494089964544,2.1513797591012476,0.10710488145152376,0.5751896354148163,0.9344004219082132,1.3818062001615137,-1.0192029164012777,0.10297717173945574,-0.8743430182951124,0.4470866002977665
-0.8407440568181148,-1.5163762857635275,0.28236450614047515,-0.8533917535890405,-0.18222344187635914,0.7651613490028182,-0.06214848242506029,-0.010725276327640537,1.3158751263954314,0.016972917239269796,-1.3816817836908106,0.4470866002977665
-0.3953683897402892,-0.8803773344495102,-0.3255175126825752,1.4808935537901915,-0.5872830945353948,-0.12137331440785742,0.1918737873069506,0.3882161736935538,-0.7523368543673679,-0.5850568642620313,-0.1133348702015644,0.4470866002977665
0.050007277337537445,-0.5623778587925017,-0.06499664747269676,-0.18290554827798444,-0.47155176520424164,0.6385135399441502,1.8137082786728662,-0.4623571065403268,0.3818439092767471,-0.15503559176110207,0.9858991214891163,0.4470866002977665
0.3840390276459069,-0.8803773344495102,0.7165659481569395,-0.6547291742376166,-0.008626447879629403,-0.43799283705452724,-0.6483537202681623,-1.3129303867742492,-1.8865176180114829,-1.3590951547637042,1.1550120432876818,0.4470866002977665
-0.8407440568181148,-0.2443783831354927,1.0639271017701109,2.0023828245876794,-0.5294174298698182,2.094963344118831,2.2045117705682675,1.3253522213848914,-0.9524864008927987,-1.1010823912631464,-1.4662382445900934,0.4470866002977665
-0.061336639431918714,0.8686197816640372,-0.9333995315056256,2.5983705626419513,-0.2979547712075123,1.6516960124134936,1.5792261835356254,1.7130028756508198,-0.9524864008927987,0.2749856807398276,-1.043455940093678,0.4470866002977665
-1.0634318903570281,-0.4828779898782494,-0.23867722427928223,0.6862432363844956,0.2807018754482531,0.3852179218268143,0.23095413649649071,0.36187098359784964,-1.0859194319097536,-0.06903133726091613,-1.043455940093678,0.4470866002977665
-1.2861197238959414,-0.32387825204974496,0.8034062365602325,-0.9278902208458244,1.6116121627565132,1.018456967120154,0.1918737873069506,-0.7822629862743251,-0.6189038233504129,-0.49905260976184534,-0.28244779200013,0.4470866002977665
-0.5067123065097453,-0.2443783831354927,0.36920479454376764,1.2077325071819836,1.0908211807663248,1.9049916305308296,1.168882517045454,1.231262256757257,-0.48547079233345813,0.5329984442403845,-1.3816817836908106,0.4470866002977665
2.610917363035039,0.4711204370927765,1.150767390173404,-0.8285589311701125,-0.5872830945353948,-0.6279645506425292,-1.5276615770328152,0.5011241312467567,0.11497784724284033,2.597100552244846,0.14033451249628545,-2.2367031338760426
0.7180707779542764,0.9481196505782894,0.8034062365602325,-0.5553978845619044,1.9588061507499728,-1.5778231185825387,-2.1334069894706875,0.5462873142680295,1.449308157412386,0.2749856807398276,1.3241249650862474,-2.2367031338760426
-0.17268055620137587,0.9481196505782894,-0.41235780108586817,0.06542267591129555,-0.2979547712075123,0.5751896354148163,1.0907218186663736,-1.0419512886466122,-0.3520377613165032,-0.8430696277625891,1.4086814259855318,0.4470866002977665
-1.5088075574348547,-1.0393770722780147,-0.3255175126825752,-0.8037261087511844,-1.050208411860007,0.005274494650810516,-0.3357109267518412,-1.8849973717103157,0.8488595178360907,-1.1870866457633324,1.9160201913812298,0.4470866002977665
-1.8428393077432244,0.9481196505782894,-1.7149621271352617,-0.9527230432647524,-1.1080740765255834,-1.5778231185825387,-1.3518000056798847,-1.192495232050869,1.9163237659717267,-0.24103984626128802,0.4785603560934166,0.4470866002977665
0.49538294441536407,-0.2443783831354927,1.5849688321898683,-0.8533917535890405,-0.8187457531977007,-0.6912884551718631,0.11371308892787031,-0.8010809791998519,-1.619651555977573,-1.0150781367629604,-0.028778409302281614,0.4470866002977665
1.0521025282626468,-0.2443783831354927,0.10868392933388919,-0.33190248279155243,-0.5872830945353948,-1.3878514049945367,-0.863295640810633,-0.7258090074977445,-1.1526359474182326,-1.7031121727644476,0.901342660589832,0.4470866002977665
-1.0634318903570281,0.6301201749212809,-0.41235780108586817,-0.5553978845619044,-0.5872830945353948,0.5118657308854823,1.3056637392088444,-0.2553591843595314,1.2491586108869552,-0.06903133726091613,0.14033451249628545,0.4470866002977665
0.050007277337537445,-1.277876679020771,0.6297256597536466,-0.6795619966565444,-0.06649211254520598,0.13192230370947847,-0.4724921489152317,-0.4247211206892731,-0.6189038233504129,-1.0150781367629604,-0.19789133110084717,0.4470866002977665
-0.952087973587572,2.1406176842920717,-0.6728786662957469,-0.6050635293997605,-0.24008910654193572,-0.944584073289199,-0.9805366883792535,-0.15374202256167804,1.582741188429341,1.221032480241872,1.5777943477840972,-2.2367031338760426
-0.28402447297083205,-0.2443783831354927,0.977086813366818,-0.35673530521048047,-0.7608800885321242,0.7651613490028182,-0.2966305775623011,-1.3994931542316644,-0.2853212458080243,-1.1010823912631464,1.3241249650862474,0.4470866002977665
-0.28402447297083205,-0.5623778587925017,0.890246524963525,-0.5057322397240485,-0.5294174298698182,1.0817808716494879,0.035552390548790044,-1.2828215980934146,0.18169436275131629,-0.6710611187622172,1.1550120432876818,0.4470866002977665
-0.3953683897402892,0.07362109252151577,0.4560450829470606,0.7607417036412795,-0.06649211254520598,1.6516960124134936,0.9344004219082132,0.3656345821829383,-0.48547079233345813,-0.4130483552616594,-0.8743430182951124,0.4470866002977665
1.831509945648842,2.538117028863333,-1.1939203967155043,-0.5057322397240485,2.9425224500647738,-0.6279645506425292,-0.02306813323552016,1.5323501435657285,-0.8857698853843228,0.10297717173945574,-1.1280124009929609,-2.2367031338760426
-0.28402447297083205,-0.2443783831354927,-1.454441261925383,-0.8782245760079684,-0.2979547712075123,2.094963344118831,0.7585388505552826,-0.7258090074977445,-0.3520377613165032,-1.0150781367629604,-0.5361171746979798,0.4470866002977665
-1.0634318903570281,-1.1983768101065189,-0.06499664747269676,0.43791501219521556,-0.2979547712075123,0.7651613490028182,0.6412978029866622,0.4409065538850457,2.716921952073456,-0.4130483552616594,-0.028778409302281614,0.4470866002977665
1.163446445032103,0.153120961435768,0.10868392933388919,-0.08357425860227258,-0.41368610053866506,0.005274494650810516,1.168882517045454,-0.7860265848594137,-2.019950649028438,1.9950707707435444,1.3241249650862474,0.4470866002977665
0.27269511087645076,-0.40337812096399717,0.8034062365602325,0.33858372251950347,-0.06649211254520598,1.335076489766824,1.0125611202872935,0.6780132647467175,-0.2853212458080243,0.18898142623964168,-0.9588994791943952,0.4470866002977665
1.163446445032103,-0.6418777277067537,1.3244479669799898,-0.8533917535890405,-1.050208411860007,-0.05804940987852345,0.09417291433310024,-1.2150768235614844,0.048261331734361396,-0.32704410076147394,1.5777943477840972,0.4470866002977665
0.050007277337537445,0.39162056817852425,-0.8465592431023328,-0.6547291742376166,2.190268809412278,-0.6912884551718631,-1.078237561353104,0.6215592859701369,1.1824420953784764,0.2749856807398276,-0.45156071379869706,-2.2367031338760426
0.7180707779542764,-0.8803773344495102,-0.41235780108586817,-0.10840708102120049,2.190268809412278,0.3852179218268143,0.2504943110912608,0.8925383840977319,-0.48547079233345813,-0.7570653732624032,-1.212568861892245,0.4470866002977665
0.050007277337537445,-1.1188769411922665,0.5428853713503535,0.18958678800593554,-1.3395367351878895,-0.12137331440785742,-0.17938952999368069,-0.04836126217869424,-0.15188821479106943,-0.15503559176110207,0.14033451249628545,0.4470866002977665
0.6067268611848202,-1.0393770722780147,0.5428853713503535,0.31375090010057555,0.10710488145152376,-0.6279645506425292,0.34819518406511113,0.5763961029488641,-0.15188821479106943,0.36098993524001355,-0.1133348702015644,0.4470866002977665
-1.0634318903570281,-0.005878776392736454,1.4112882553832824,-0.33190248279155243,1.0908211807663248,-0.8179362642305311,-1.5276615770328152,0.5876868987041719,1.1157255798700003,1.307036734742058,0.309447434294851,-2.2367031338760426
0.6067268611848202,1.5841186018923068,-2.4965247227648977,-0.8037261087511844,2.074537480081126,-1.134555786877201,-1.742603497575286,0.5462873142680295,0.9155760333445666,0.2749856807398276,-0.1133348702015644,-2.2367031338760426
0.3840390276459069,0.153120961435768,0.8034062365602325,0.4751642458236074,-0.5872830945353948,0.06859839918014449,0.34819518406511113,-0.7258090074977445,-1.2860689784351873,-1.7891164272646334,1.070455582388399,0.4470866002977665
0.49538294441536407,0.7096200438355332,-0.15183693587598973,0.1150883207491516,-0.24008910654193572,0.005274494650810516,0.035552390548790044,0.02691070952341317,0.515276940293702,-0.06903133726091613,0.3940038951941338,0.4470866002977665
-1.3974636406653975,0.153120961435768,0.10868392933388919,-0.8782245760079684,-0.2979547712075123,-0.1846972189371914,-0.5311126726995419,-1.5914366820720633,0.5819934558021809,-0.06903133726091613,1.4086814259855318,0.4470866002977665
-1.1747758071264842,-0.8008774655352581,0.021843640930596212,-0.7788932863322565,-0.8766114178632773,0.8918091580614861,0.42635588244419137,-1.5387463018805714,0.8488595178360907,-0.06903133726091613,1.7469072695826628,0.4470866002977665
1.7201660288793859,-0.8008774655352581,-0.41235780108586817,1.0711519838778796,-0.8187457531977007,2.664878484882837,0.42635588244419137,0.21509063877872348,-1.1526359474182326,-1.1870866457633324,0.6476732778919837,0.4470866002977665
0.050007277337537445,0.6301201749212809,-0.8465592431023328,1.4312279089523352,2.8846567853991973,-1.134555786877201,-0.570193021889082,0.9941555458955853,-1.2860689784351873,-0.32704410076147394,-1.1280124009929609,0.4470866002977665
0.49538294441536407,-0.4828779898782494,0.5428853713503535,0.4875806570330716,-1.6288650585157722,-1.071231882347867,-0.5311126726995419,-0.010725276327640537,-1.4862185249606181,-0.24103984626128802,0.055778051597001166,0.4470866002977665
0.27269511087645076,-0.9598772033637624,0.7165659481569395,-0.9278902208458244,-0.703014423866548,0.06859839918014449,-0.6874340694577025,-0.8010809791998519,-0.4187542768249792,-0.06903133726091613,-0.1133348702015644,0.4470866002977665
2.8336051965739513,-0.8008774655352581,1.4112882553832824,-0.9030573984268965,-0.5294174298698182,-0.6279645506425292,0.05509256514356011,0.7419944406935172,-2.1533836800453927,1.135028225741686,-0.9588994791943952,0.4470866002977665
-0.6180562232792015,-1.277876679020771,-0.15183693587598973,-0.7788932863322565,-0.24008910654193572,-0.6279645506425292,-0.10122883161460043,-0.8537713593913439,-0.8190533698758439,-1.1010823912631464,-0.36700425289941424,0.4470866002977665
0.3840390276459069,-0.6418777277067537,-0.5860383778924542,-1.0023886881026083,-0.9923427471944305,-0.12137331440785742,-0.6678938948629324,-1.7570350198167164,-2.1533836800453927,-1.1010823912631464,1.3241249650862474,0.4470866002977665
1.7201660288793859,-1.277876679020771,1.5849688321898683,-0.8533917535890405,-0.9923427471944305,-0.881260168759865,0.035552390548790044,-0.27417717728505825,-1.2860689784351873,-0.9290738822627745,-0.28244779200013,0.4470866002977665
-0.061336639431918714,-0.8008774655352581,1.5849688321898683,-0.8782245760079684,-0.41368610053866506,-1.007907977818533,0.8562397235291329,-0.4623571065403268,0.18169436275131629,1.0490239712415002,0.309447434294851,0.4470866002977665
-1.1747758071264842,2.4586171599490805,-0.23867722427928223,-0.35673530521048047,-0.5294174298698182,1.5250482033548258,0.6217576283918921,-1.2150768235614844,1.449308157412386,-0.5850568642620313,1.1550120432876818,0.4470866002977665
-0.6180562232792015,0.4711204370927765,-1.628121838731969,0.23925243284379158,0.4542988694449828,-1.5778231185825387,-0.570193021889082,0.5387601170978105,-1.0859194319097536,-0.4130483552616594,-1.8890205490865088,0.4470866002977665
0.9407586114931897,1.0276195194925417,-0.23867722427928223,-0.5553978845619044,3.0003881147303506,-0.8179362642305311,-0.49203232351000176,1.005446341650935,-0.01845518377411456,1.3930409892422437,-1.043455940093678,-2.2367031338760426
-0.6180562232792015,0.789119912749785,-0.5860383778924542,2.2507110487769593,-0.008626447879629403,-0.43799283705452724,-0.14030918080414057,1.6076221152678358,1.449308157412386,0.18898142623964168,-0.7052300964965453,0.4470866002977665
-1.1747758071264842,1.0673694539496679,-0.41235780108586817,-0.8782245760079684,-1.2238054058567367,-0.5013167415838612,-0.21846987918322083,-0.9215161339232322,0.515276940293702,-1.2730909002635182,-0.1133348702015644,0.4470866002977665
-0.28402447297083205,1.1866192573210461,-0.8465592431023328,-0.23257119311584049,-0.8187457531977007,-1.1978796914065348,-0.6288135456733922,-1.4183111471571912,0.24841087825979224,0.2749856807398276,2.000576652280513,0.4470866002977665
-2.28821497482105,-0.6021277932496277,-0.3255175126825752,1.6919725443510794,-1.050208411860007,0.19524620823881242,-0.042608307830290224,0.5538145114382068,-1.0192029164012777,-0.06903133726091613,-1.043455940093678,0.4470866002977665
0.8294146947237335,-0.2443783831354927,2.800732869835969,1.5305591986280473,-0.5294174298698182,1.7150199169428277,1.149342342450684,1.4947141577146748,-0.9524864008927987,-0.5850568642620313,-1.5507947054893763,0.4470866002977665
-1.2861197238959414,-0.2841283175926188,-0.06499664747269676,0.1150883207491516,-0.2979547712075123,0.6385135399441502,0.5631371046075818,-0.4999930923913805,0.7154264868191358,-0.7570653732624032,0.14033451249628545,0.4470866002977665
0.050007277337537445,0.07362109252151577,0.28236450614047515,-0.9030573984268965,-0.3558204358730885,-0.6912884551718631,-1.0000768629740235,-1.026896894306216,0.5819934558021809,1.221032480241872,1.1550120432876818,0.4470866002977665
0.7180707779542764,-1.0393770722780147,1.3244479669799898,1.3070637968576952,0.39643320477940625,1.7150199169428277,0.2895746602808009,1.0807183133530422,-0.552187307841934,-0.6710611187622172,-0.6206736355972626,0.4470866002977665
0.3840390276459069,-0.2443783831354927,1.0639271017701109,-0.8037261087511844,1.8430748214188195,-0.6279645506425292,0.05509256514356011,-1.290348795263592,-0.21860473029954836,-0.7570653732624032,1.8314637304819472,0.4470866002977665
0.7180707779542764,-0.6418777277067537,-0.15183693587598973,0.9097386381548473,0.2807018754482531,2.1582872486481652,0.5045165808232717,0.8925383840977319,-0.7523368543673679,-1.6171079182642616,-0.7052300964965453,0.4470866002977665
0.27269511087645076,0.23262083035002024,1.150767390173404,-0.18290554827798444,-0.06649211254520598,1.2717525852374898,0.46543623163373155,-1.1021688660083233,-1.4195020094521422,2.1670792797439162,1.4086814259855318,0.4470866002977665
0.6067268611848202,0.5506203060070287,0.19552421773718215,0.01575703107343951,-0.18222344187635914,-0.05804940987852345,0.21141396190172065,0.10218268122552057,0.6487099713106569,-0.5850568642620313,0.22489097339556824,0.4470866002977665
-0.7294001400486586,-0.08537864530698869,-1.0202398199089184,0.6862432363844956,0.04923921678594718,1.018456967120154,1.2470432154245341,0.4559609482254839,-0.01845518377411456,-0.24103984626128802,-0.9588994791943952,0.4470866002977665
0.8294146947237335,-0.08537864530698869,0.977086813366818,2.325209516033744,-0.18222344187635914,0.8918091580614861,1.8137082786728662,1.946345987927361,-0.2853212458080243,1.0490239712415002,-1.212568861892245,0.4470866002977665
1.2747903618015592,-0.5623778587925017,0.10868392933388919,1.3815622641144794,-1.050208411860007,0.19524620823881242,-0.2966305775623011,0.05325589961915912,-0.7523368543673679,-0.7570653732624032,0.9858991214891163,0.4470866002977665
-0.17268055620137587,-0.6418777277067537,-0.06499664747269676,0.49999706824253554,-0.24008910654193572,0.7018374444734842,1.149342342450684,0.2527266246297772,0.18169436275131629,0.4469941897401995,-0.028778409302281614,0.4470866002977665
0.7180707779542764,0.5506203060070287,-0.9333995315056256,-0.3815681276294085,-0.12435777721078256,-1.3878514049945367,-0.08168865701983036,0.177454652927628,-0.48547079233345813,-0.8430696277625891,-1.043455940093678,0.4470866002977665
1.6088221121099298,-1.0393770722780147,0.977086813366818,0.04058985349236742,-0.703014423866548,-1.5144992140532048,-0.843755466215863,-0.010725276327640537,-0.4187542768249792,0.10297717173945574,0.901342660589832,0.4470866002977665
-0.28402447297083205,0.23262083035002024,1.0639271017701109,-0.8285589311701125,-0.41368610053866506,-0.12137331440785742,-0.12076900620937049,-1.4258383443274103,0.048261331734361396,-0.5850568642620313,1.66235080868338,0.4470866002977665
-0.28402447297083205,-0.6418777277067537,-0.49919808948916117,-0.8285589311701125,-0.703014423866548,-0.1846972189371914,0.44589605703896146,-0.5150474867318187,0.515276940293702,0.2749856807398276,-0.28244779200013,0.4470866002977665
0.1613511941069936,2.220117553206324,-2.4965247227648977,-0.6547291742376166,1.9588061507499728,-0.43799283705452724,-0.5115724981047718,1.3215886227998026,2.1831898280056365,0.18898142623964168,-0.7897865573958297,-2.2367031338760426
0.49538294441536407,-0.9598772033637624,0.977086813366818,0.36341654493843156,1.0908211807663248,0.5118657308854823,1.7941681040780961,0.7043584548424634,0.515276940293702,-1.5311036637640756,-0.8743430182951124,0.4470866002977665
0.7180707779542764,-0.9598772033637624,0.6297256597536466,1.4063950865334074,0.6857615281072887,1.0817808716494879,1.0516414694768335,0.8549023982466782,-0.6189038233504129,-1.1010823912631464,-0.1133348702015644,0.4470866002977665
0.27269511087645076,-0.8008774655352581,-0.23867722427928223,-0.5553978845619044,-0.8766114178632773,0.4485418263561483,-0.5115724981047718,-1.1962588306359576,-1.5529350404690943,-0.6710611187622172,0.9858991214891163,0.4470866002977665
-0.7294001400486586,-0.9598772033637624,-0.8465592431023328,-0.7788932863322565,0.04923921678594718,0.2585701127681464,0.8366995489343628,-0.5752650640935297,0.5819934558021809,-0.06903133726091613,-0.28244779200013,0.4470866002977665
1.6088221121099298,2.8561165045203416,-1.0202398199089184,-0.6795619966565444,2.5953284620713144,-1.261203595935869,-0.8828358154054031,1.2914798341189682,-0.15188821479106943,0.7050069532407564,-1.212568861892245,-2.2367031338760426
-0.28402447297083205,-0.005878776392736454,-0.06499664747269676,-0.6298963518186885,-0.5872830945353948,-0.05804940987852345,-0.7265144186472425,-1.97908733633795,-0.8857698853843228,-1.2730909002635182,1.8314637304819472,0.4470866002977665
1.6088221121099298,-0.7213775966210059,-0.06499664747269676,-0.9030573984268965,-0.5872830945353948,0.8918091580614861,0.035552390548790044,-0.808608176370071,-0.6189038233504129,0.2749856807398276,0.14033451249628545,0.4470866002977665
0.3840390276459069,-0.9598772033637624,1.5849688321898683,2.6356197962703436,0.570030198776136,1.208428680708156,0.27003448568603083,2.2097978888847787,1.3158751263954314,-1.2730909002635182,-1.2971253227915278,0.4470866002977665
-0.17268055620137587,-0.40337812096399717,-0.7597189546990398,0.6862432363844956,-0.06649211254520598,1.6516960124134936,1.755087754888556,0.7419944406935172,-0.8190533698758439,-0.32704410076147394,-1.3816817836908106,0.4470866002977665
1.163446445032103,-0.2443783831354927,-0.06499664747269676,0.8600729933169916,-1.050208411860007,0.2585701127681464,-0.10122883161460043,-0.7559177961785791,-1.9532341335199588,-0.7570653732624032,1.4086814259855318,0.4470866002977665
-1.0634318903570281,1.5046187329780547,-2.670205299571484,-0.8782245760079684,0.5121645341105594,-1.007907977818533,-1.8403043705491364,0.20756344160850437,0.9155760333445666,-0.49905260976184534,-0.9588994791943952,-2.2367031338760426
1.2747903618015592,0.153120961435768,-0.7597189546990398,0.06542267591129555,-0.06649211254520598,-0.43799283705452724,0.602217453797122,0.5048877298318454,-0.01845518377411456,-0.32704410076147394,-0.28244779200013,0.4470866002977665
0.1613511941069936,-0.6418777277067537,-0.06499664747269676,-0.5802307069808325,-0.8187457531977007,1.9683155350601635,0.5435969300128118,-1.0231332957210855,-1.2860689784351873,0.4469941897401995,0.5631168169927009,0.4470866002977665
1.4974781953404734,-0.40337812096399717,0.890246524963525,1.0587355726684153,-0.3558204358730885,0.6385135399441502,0.8171593743395927,0.177454652927628,-0.8190533698758439,-1.1010823912631464,1.1550120432876818,0.4470866002977665
-0.5067123065097453,-0.40337812096399717,0.021843640930596212,-0.9030573984268965,-0.8187457531977007,1.7783438214721616,0.4849764062285016,-1.689290245284828,-0.4187542768249792,0.2749856807398276,1.4932378868848144,0.4470866002977665
-0.6180562232792015,-0.40337812096399717,-0.7597189546990398,0.04058985349236742,-0.6451487592009714,-0.5013167415838612,0.21141396190172065,0.177454652927628,0.448560424785226,-1.6171079182642616,-0.45156071379869706,0.4470866002977665
1.163446445032103,-0.08537864530698869,1.5849688321898683,1.1084012175062716,-0.12435777721078256,1.018456967120154,1.3252039138036145,0.9301743699487857,-0.552187307841934,-0.24103984626128802,-0.5361171746979798,0.4470866002977665
-0.28402447297083205,-0.5623778587925017,-0.15183693587598973,2.4742064505473116,0.2807018754482531,1.5250482033548258,0.309114834875571,1.6791304883848546,-1.2860689784351873,0.10297717173945574,-1.3816817836908106,0.4470866002977665
-0.061336639431918714,0.5506203060070287,-0.15183693587598973,2.1637961703107114,-0.008626447879629403,1.335076489766824,1.3447440883983846,1.4721325662040174,-1.4862185249606181,0.7910112077409422,-0.9588994791943952,0.4470866002977665
-1.2861197238959414,0.033871158064389666,-0.3255175126825752,-0.8409753423795765,-1.281671070522313,-1.007907977818533,-0.9805366883792535,-1.5011103160295176,0.9822925488530455,-0.9290738822627745,1.070455582388399,0.4470866002977665
-0.8407440568181148,0.5506203060070287,0.977086813366818,-0.6050635293997605,-0.5872830945353948,0.19524620823881242,-0.06214848242506029,-0.9817337112849431,0.9155760333445666,0.7050069532407564,0.8167861996905492,0.4470866002977665
0.1613511941069936,-0.005878776392736454,-1.1939203967155043,-0.9775558656836805,-0.3558204358730885,-0.6279645506425292,0.46543623163373155,-0.33439475464672747,-0.6189038233504129,-0.9290738822627745,-0.8743430182951124,0.4470866002977665
-0.28402447297083205,-1.1983768101065189,2.887573158239262,-0.7043948190754724,0.6278958634417122,-0.43799283705452724,-1.3322598310851146,0.3806889765233765,0.7821430023276118,1.7370580072429866,0.4785603560934166,-2.2367031338760426
-0.8407440568181148,-0.8803773344495102,0.021843640930596212,-0.9775558656836805,-0.9923427471944305,-0.5646406461131952,-0.9219161645949433,-1.3468027740402142,0.11497784724284033,0.10297717173945574,0.5631168169927009,0.4470866002977665
2.1655416959572125,0.07362109252151577,0.021843640930596212,-0.7292276414944004,2.3060001387434315,-1.1978796914065348,-1.9770855927125268,0.6667224689914097,-0.3520377613165032,0.36098993524001355,-0.19789133110084717,-2.2367031338760426
-0.8407440568181148,2.617616897777585,-1.8886427039418476,-0.6050635293997605,1.9009404860843961,-1.007907977818533,-1.8403043705491364,0.5462873142680295,2.3166228590225915,1.0490239712415002,1.1550120432876818,-2.2367031338760426
-0.17268055620137587,-1.5958761546777798,-0.3255175126825752,0.9097386381548473,-0.24008910654193572,0.8918091580614861,-0.3161707521570712,0.23014503311911988,-0.15188821479106943,-1.1870866457633324,-0.6206736355972626,0.4470866002977665
0.7180707779542764,-0.2443783831354927,0.7165659481569395,-0.9278902208458244,-0.5872830945353948,-0.6279645506425292,-0.10122883161460043,0.02691070952341317,-0.4187542768249792,1.3930409892422437,-0.5361171746979798,0.4470866002977665
-0.28402447297083205,-0.08537864530698869,1.5849688321898683,-0.033908613764416534,-0.8187457531977007,0.32189401729748035,0.7389986759605125,0.21509063877872348,-0.685620338858889,-0.49905260976184534,-0.6206736355972626,0.4470866002977665
-0.8407440568181148,1.1866192573210461,-0.15183693587598973,-0.7043948190754724,1.4958808334253602,0.06859839918014449,-0.43341179972569155,0.6968312576722443,0.7154264868191358,0.9630197167413141,-0.7052300964965453,-2.2367031338760426
-0.17268055620137587,-1.0393770722780147,0.6297256597536466,-0.8782245760079684,-0.5872830945353948,0.2585701127681464,-0.17938952999368069,-0.8010809791998519,0.6487099713106569,0.7050069532407564,0.4785603560934166,0.4470866002977665
-0.17268055620137587,-0.5623778587925017,0.5428853713503535,0.6241611803371755,-0.2979547712075123,1.7783438214721616,1.3252039138036145,0.700594856257333,-0.15188821479106943,-0.06903133726091613,-1.043455940093678,0.4470866002977665
-0.17268055620137587,1.6636184708065591,0.10868392933388919,2.0520484694255354,-0.24008910654193572,1.4617242988254917,1.9700296754310267,1.231262256757257,0.31512739376827115,-0.06903133726091613,-0.8743430182951124,0.4470866002977665
0.8294146947237335,1.4251188640638024,-0.41235780108586817,-0.7540604639133285,0.8014928574384419,-1.3878514049945367,-1.742603497575286,1.005446341650935,1.1157255798700003,1.135028225741686,-0.8743430182951124,-2.2367031338760426
2.4995734462655808,-1.0393770722780147,1.5849688321898683,-0.8533917535890405,-0.41368610053866506,0.5118657308854823,0.1918737873069506,0.21509063877872348,-1.2193524629267085,-0.15503559176110207,-0.7052300964965453,0.4470866002977665
-0.3953683897402892,-0.40337812096399717,-0.5860383778924542,0.5620791242898555,-0.5872830945353948,-0.1846972189371914,0.32865500947034104,0.4785425397360994,0.8488595178360907,0.7910112077409422,-0.19789133110084717,0.4470866002977665
0.3840390276459069,-0.8008774655352581,-0.06499664747269676,1.4808935537901915,-0.6451487592009714,-0.8179362642305311,-0.15984935539891063,1.1559902850551498,1.1824420953784764,-0.06903133726091613,-0.8743430182951124,0.4470866002977665
-0.5067123065097453,-0.2443783831354927,0.28236450614047515,-0.08357425860227258,0.33856754011382967,-0.5646406461131952,0.1918737873069506,-0.7521541975934904,-0.15188821479106943,-0.4130483552616594,1.1550120432876818,0.4470866002977665
-0.6180562232792015,-1.1188769411922665,0.28236450614047515,2.1017141142633915,-0.24008910654193572,0.8918091580614861,0.36773535865988116,1.3516974114806373,-1.0859194319097536,-0.6710611187622172,-1.2971253227915278,0.4470866002977665
-0.6180562232792015,-0.32387825204974496,-1.0202398199089184,-0.7292276414944004,2.074537480081126,-0.6279645506425292,1.3838244375879247,0.463488145395703,1.782890734954775,1.0490239712415002,-0.8743430182951124,0.4470866002977665
0.050007277337537445,-1.5163762857635275,-0.15183693587598973,1.3318966192766237,-0.5294174298698182,0.6385135399441502,-0.43341179972569155,0.6441408774807524,-0.21860473029954836,-1.1010823912631464,-0.7052300964965453,0.4470866002977665
1.3861342785710153,-0.40337812096399717,0.28236450614047515,-0.6050635293997605,1.4380151687597835,-0.944584073289199,-1.429960704058965,0.7570488350339554,1.1824420953784764,2.3390877887442882,0.5631168169927009,-2.2367031338760426
2.1655416959572125,0.5506203060070287,0.8034062365602325,-0.6795619966565444,1.1486868454319015,-1.1978796914065348,-1.8012240213595963,0.3505801878425001,0.31512739376827115,2.0810750252437304,1.66235080868338,-2.2367031338760426
-1.1747758071264842,-0.32387825204974496,-0.3255175126825752,1.0090699278305595,0.16497054611709994,0.7651613490028182,0.309114834875571,0.06454669537446688,0.18169436275131629,0.18898142623964168,0.055778051597001166,0.4470866002977665
1.4974781953404734,-0.6418777277067537,-0.06499664747269676,-0.7043948190754724,0.04923921678594718,-0.6279645506425292,0.6412978029866622,0.5161785255871532,-0.8857698853843228,-0.06903133726091613,-0.8743430182951124,0.4470866002977665
-1.9541832245126805,0.4313705026356504,-1.9754829923451402,2.1265469366823195,-0.41368610053866506,0.3852179218268143,0.42635588244419137,1.1559902850551498,1.582741188429341,-1.0150781367629604,-0.6206736355972626,0.4470866002977665
-0.6180562232792015,-0.16487851422124092,-0.9333995315056256,2.6480362074798074,-0.47155176520424164,-0.6912884551718631,0.42635588244419137,0.8549023982466782,-0.8190533698758439,0.2749856807398276,-0.028778409302281614,0.4470866002977665
0.27269511087645076,-1.0393770722780147,0.890246524963525,-0.9278902208458244,-0.008626447879629403,0.6385135399441502,-0.45295197432046164,-0.7634449933487982,-0.552187307841934,-0.49905260976184534,-0.19789133110084717,0.4470866002977665
0.27269511087645076,2.4586171599490805,-2.5833650111681905,-0.6547291742376166,0.9750898514351717,-1.4511753095238709,-1.4495008786537351,-0.22901399426378546,0.6487099713106569,0.016972917239269796,0.9858991214891163,-2.2367031338760426
-0.5067123065097453,-0.2443783831354927,0.19552421773718215,2.6728690298987354,0.2807018754482531,1.2717525852374898,1.3642842629931546,1.457078171863621,-0.01845518377411456,0.016972917239269796,-0.7897865573958297,0.4470866002977665
0.050007277337537445,-0.6418777277067537,0.19552421773718215,-0.9775558656836805,-0.2979547712075123,0.9551330625908201,-0.19892970458845077,-1.034424091476435,-1.2193524629267085,1.221032480241872,0.14033451249628545,0.4470866002977665
-1.0634318903570281,0.789119912749785,-2.236003857555019,-0.8533917535890405,0.8593585221040185,-0.881260168759865,-0.0035279586407500917,-0.27417717728505825,-0.08517169928259348,0.4469941897401995,-1.212568861892245,0.4470866002977665
1.4974781953404734,1.981617946463568,-0.7597189546990398,-0.6298963518186885,1.9588061507499728,-1.3245275004652028,-0.6678938948629324,1.6452581011188896,0.9822925488530455,0.9630197167413141,-0.9588994791943952,-2.2367031338760426
-1.9541832245126805,-0.5623778587925017,-1.3676009735220902,0.5372463018709274,-0.2979547712075123,0.06859839918014449,0.27003448568603083,-0.05588845934891334,0.11497784724284033,-0.24103984626128802,-0.6206736355972626,0.4470866002977665
2.1655416959572125,0.23262083035002024,0.28236450614047515,-0.8285589311701125,0.4542988694449828,-1.134555786877201,1.0907218186663736,0.2527266246297772,-0.552187307841934,-0.32704410076147394,-0.7897865573958297,0.4470866002977665
-0.3953683897402892,0.07362109252151577,0.890246524963525,0.5620791242898555,-0.008626447879629403,1.5250482033548258,1.1298021678559138,0.542523715682899,-0.15188821479106943,-0.4130483552616594,-1.043455940093678,0.4470866002977665
0.050007277337537445,1.5046187329780547,-0.49919808948916117,-0.7292276414944004,1.2644181747630545,-1.7677948321705406,-1.9184650689282168,0.8925383840977319,0.18169436275131629,1.0490239712415002,-1.212568861892245,-2.2367031338760426
-0.17268055620137587,-1.357376547935023,0.36920479454376764,-0.8533917535890405,-0.06649211254520598,0.5751896354148163,-0.06214848242506029,-1.0607692815721392,-1.0192029164012777,1.8230622617431727,0.3940038951941338,0.4470866002977665
1.7201660288793859,-0.5623778587925017,1.4112882553832824,2.5487049178040952,0.5121645341105594,0.5751896354148163,2.2240519451630374,2.473249789842155,-1.3527854939436634,1.307036734742058,-1.3816817836908106,0.4470866002977665
-0.5067123065097453,-0.2443783831354927,-0.15183693587598973,-0.5553978845619044,-0.5872830945353948,-0.31134502799585934,-0.257550228372761,-1.026896894306216,0.6487099713106569,-0.8430696277625891,0.8167861996905492,0.4470866002977665
-0.8407440568181148,-0.8008774655352581,-0.5860383778924542,-0.9278902208458244,0.16497054611709994,0.005274494650810516,-0.49203232351000176,-1.3430391754550837,0.11497784724284033,0.5329984442403845,0.5631168169927009,0.4470866002977665
-0.6180562232792015,1.1866192573210461,-0.7597189546990398,2.424540805709455,-0.06649211254520598,1.2717525852374898,1.2275030408297642,1.6358491046561472,1.1157255798700003,0.7910112077409422,-0.1133348702015644,0.4470866002977665
0.9407586114931897,-0.2443783831354927,0.10868392933388919,1.0090699278305595,-0.703014423866548,0.19524620823881242,-0.10122883161460043,0.4785425397360994,-0.3520377613165032,-1.0150781367629604,-0.28244779200013,0.4470866002977665
-0.6180562232792015,0.4711204370927765,-0.49919808948916117,-0.7540604639133285,1.4958808334253602,-0.6279645506425292,-1.3908803548694249,1.3065342284593644,2.3166228590225915,0.9630197167413141,-0.7052300964965453,-2.2367031338760426
0.1613511941069936,0.23262083035002024,1.5849688321898683,-0.8533917535890405,-1.2238054058567367,-0.31134502799585934,0.11371308892787031,-1.4785287245189023,0.515276940293702,-1.5311036637640756,1.3241249650862474,0.4470866002977665
-0.17268055620137587,1.0276195194925417,0.5428853713503535,0.04058985349236742,-0.06649211254520598,0.9551330625908201,1.5792261835356254,-0.04836126217869424,-0.9524864008927987,1.221032480241872,-0.1133348702015644,0.4470866002977665
0.8294146947237335,2.4586171599490805,-2.322844145958312,-0.28223683795369653,2.074537480081126,-0.3746689325251933,-1.4690410532485052,1.457078171863621,0.7821430023276118,0.18898142623964168,-0.9588994791943952,-2.2367031338760426
0.9407586114931897,-0.40337812096399717,0.021843640930596212,-0.33190248279155243,-1.3395367351878895,-0.5646406461131952,-0.39433145053615143,-1.2301312179019226,-1.5529350404690943,-0.32704410076147394,1.2395685041869646,0.4470866002977665
0.050007277337537445,-0.5623778587925017,-1.1070801083122115,-0.9030573984268965,-0.12435777721078256,-1.3878514049945367,-1.136858085137414,0.02691070952341317,1.0490090643615215,-0.32704410076147394,-0.45156071379869706,0.4470866002977665
2.3882295294961247,2.220117553206324,0.6297256597536466,-0.8285589311701125,1.0329555161007482,0.19524620823881242,1.2079628662349942,1.0807183133530422,0.048261331734361396,-1.1010823912631464,-1.804464088187226,0.4470866002977665
1.2747903618015592,0.5506203060070287,-0.23867722427928223,-0.7043948190754724,1.0329555161007482,-1.134555786877201,-1.762143672170056,1.0807183133530422,0.048261331734361396,1.9090665162433584,-0.7897865573958297,-2.2367031338760426
1.0521025282626468,-0.7213775966210059,0.6297256597536466,0.7607417036412795,-0.2979547712075123,0.9551330625908201,0.6217576283918921,-0.19890520558295086,-0.685620338858889,-1.6171079182642616,0.7322297387912664,0.4470866002977665
-1.2861197238959414,-0.08537864530698869,0.6297256597536466,-0.0090757913454884,-0.5294174298698182,-0.5646406461131952,-0.6678938948629324,-1.6177818721678092,0.048261331734361396,0.6190026987405703,2.0851331131797957,0.4470866002977665
1.0521025282626468,-1.0393770722780147,0.19552421773718215,-0.9278902208458244,-0.8766114178632773,-0.6912884551718631,-0.9414563391897133,-0.650537035795637,-0.685620338858889,-1.1010823912631464,-0.1133348702015644,0.4470866002977665
-0.061336639431918714,0.153120961435768,0.021843640930596212,-0.18290554827798444,-0.47155176520424164,-0.6279645506425292,-0.5311126726995419,-1.629072667923117,-0.2853212458080243,-0.24103984626128802,2.3388024958776454,0.4470866002977665
-1.2861197238959414,-0.16487851422124092,0.6297256597536466,1.4312279089523352,-0.5872830945353948,1.145104776178822,0.309114834875571,-0.10105164237018614,-0.7523368543673679,0.7050069532407564,0.4785603560934166,0.4470866002977665
1.831509945648842,0.153120961435768,0.8034062365602325,-0.5802307069808325,2.0166718154155494,-0.944584073289199,-1.0196170375687936,1.46460536903384,0.515276940293702,-0.24103984626128802,-1.043455940093678,-2.2367031338760426
-0.5067123065097453,1.7431183397208114,-2.1491635691517263,-0.7292276414944004,0.8593585221040185,-0.12137331440785742,-1.4885812278432753,0.36187098359784964,1.0490090643615215,2.7691090612452167,-0.28244779200013,-2.2367031338760426
-0.28402447297083205,-0.4828779898782494,-0.41235780108586817,2.1265469366823195,0.6857615281072887,1.208428680708156,0.6999183267709723,1.4721325662040174,1.1157255798700003,-0.4130483552616594,-0.6206736355972626,0.4470866002977665
-1.0634318903570281,-0.40337812096399717,-0.5860383778924542,-0.9030573984268965,0.2807018754482531,2.2216111531774994,0.5826772792023519,-0.5752650640935297,-0.08517169928259348,0.9630197167413141,-0.19789133110084717,0.4470866002977665
-0.5067123065097453,-0.16487851422124092,0.10868392933388919,-0.4808994173051205,-0.703014423866548,0.4485418263561483,-0.5311126726995419,-1.2527128094125382,-0.4187542768249792,0.7050069532407564,1.1550120432876818,0.4470866002977665
1.6088221121099298,-0.9598772033637624,1.0639271017701109,-0.7043948190754724,0.2228362107826765,-0.6912884551718631,-0.3161707521570712,0.02691070952341317,-2.4869662575877785,-0.4130483552616594,-0.9588994791943952,0.4470866002977665
-0.17268055620137587,-0.2443783831354927,0.4560450829470606,0.7607417036412795,-0.18222344187635914,-0.1846972189371914,0.05509256514356011,-0.4247211206892731,-1.3527854939436634,-1.1870866457633324,0.6476732778919837,0.4470866002977665
-0.17268055620137587,-0.8803773344495102,-0.23867722427928223,1.9030515349119674,-0.008626447879629403,1.4617242988254917,0.309114834875571,0.6140320887999178,-0.21860473029954836,-1.1870866457633324,0.055778051597001166,0.4470866002977665
-0.061336639431918714,-0.7213775966210059,0.7165659481569395,0.2640852552627195,-0.7608800885321242,0.8284852535321521,0.40681570784942134,-1.0156060985508664,-0.7523368543673679,-1.5311036637640756,1.5777943477840972,0.4470866002977665
2.3882295294961247,-0.32387825204974496,0.10868392933388919,-0.9527230432647524,-0.9923427471944305,-1.007907977818533,0.602217453797122,-0.12363323388080165,-1.2860689784351873,-0.8430696277625891,-0.028778409302281614,0.4470866002977665
-0.3953683897402892,-1.0393770722780147,-0.23867722427928223,-0.8037261087511844,-0.41368610053866506,1.3984003942961578,0.7976191997448226,-0.6994638174019986,-0.6189038233504129,-0.49905260976184534,-0.36700425289941424,0.4470866002977665
0.9407586114931897,1.981617946463568,-1.0202398199089184,-0.7292276414944004,1.9009404860843961,-0.881260168759865,-0.2380100537779909,0.8549023982466782,0.6487099713106569,0.2749856807398276,-0.9588994791943952,-2.2367031338760426
-0.17268055620137587,-0.40337812096399717,1.0639271017701109,1.6919725443510794,-0.18222344187635914,1.3984003942961578,1.5206056597513151,1.118354299204096,0.24841087825979224,0.36098993524001355,-0.9588994791943952,0.4470866002977665
-0.952087973587572,0.789119912749785,-1.454441261925383,1.3567294416955515,-0.6451487592009714,-0.8179362642305311,-0.02306813323552016,0.7796304265445708,1.0490090643615215,-0.49905260976184534,-0.5361171746979798,0.4470866002977665
0.27269511087645076,-0.40337812096399717,0.6297256597536466,-0.8533917535890405,0.7436271927728654,-1.1978796914065348,-0.0035279586407500917,-0.7559177961785791,-0.2853212458080243,-0.4130483552616594,-0.19789133110084717,0.4470866002977665
-2.1768710580515935,2.379117291034828,-1.628121838731969,-0.9030573984268965,-2.265387369837114,2.1582872486481652,-0.39433145053615143,-2.457064356646382,0.24841087825979224,-1.1870866457633324,2.4233589567769283,0.4470866002977665
1.831509945648842,-1.0393770722780147,0.8034062365602325,-0.9527230432647524,-0.47155176520424164,-0.6912884551718631,-0.257550228372761,-0.6129010499445834,-1.8865176180114829,-1.6171079182642616,-0.36700425289941424,0.4470866002977665
0.3840390276459069,-0.7213775966210059,-0.06499664747269676,0.8104073484791353,-0.06649211254520598,0.7018374444734842,1.6964672311042457,1.005446341650935,0.7154264868191358,-0.4130483552616594,-0.9588994791943952,0.4470866002977665
1.2747903618015592,-0.2443783831354927,0.8034062365602325,0.4875806570330716,0.10710488145152376,-0.05804940987852345,-0.45295197432046164,0.4409065538850457,0.24841087825979224,-0.5850568642620313,-0.45156071379869706,0.4470866002977665
1.0521025282626468,-0.2443783831354927,0.890246524963525,-0.0090757913454884,0.570030198776136,0.005274494650810516,0.6412978029866622,1.005446341650935,0.31512739376827115,0.016972917239269796,-0.7897865573958297,0.4470866002977665
-1.0634318903570281,-0.32387825204974496,-1.0202398199089184,-0.8037261087511844,-1.6288650585157722,-0.43799283705452724,-0.19892970458845077,-1.5538006962210096,0.6487099713106569,-0.32704410076147394,1.66235080868338,0.4470866002977665
-0.3953683897402892,-1.1983768101065189,-0.06499664747269676,-0.8285589311701125,-0.8187457531977007,-1.007907977818533,-0.824215291621093,-0.7258090074977445,1.0490090643615215,-0.5850568642620313,0.4785603560934166,0.4470866002977665
-0.952087973587572,-0.08537864530698869,2.192850851012919,-0.5305650621429765,-0.24008910654193572,1.018456967120154,1.149342342450684,-0.5752650640935297,0.515276940293702,0.5329984442403845,0.22489097339556824,0.4470866002977665
-0.7294001400486586,-0.2443783831354927,-0.7597189546990398,1.6298904883037595,-0.703014423866548,-0.24802112346652536,0.5826772792023519,0.19627264585315485,-1.4862185249606181,-1.5311036637640756,-0.028778409302281614,0.4470866002977665
-1.5088075574348547,-0.9598772033637624,-0.3255175126825752,-1.0023886881026083,-0.47155176520424164,1.335076489766824,-0.3357109267518412,-1.3806751613061374,1.8496072504632508,-1.0150781367629604,0.4785603560934166,0.4470866002977665
-1.8428393077432244,-0.08537864530698869,-0.06499664747269676,-0.9278902208458244,-1.1080740765255834,-0.3746689325251933,-0.5311126726995419,-2.4495371594762045,0.5819934558021809,-0.9290738822627745,2.507915417676211,0.4470866002977665
-1.0634318903570281,-1.1983768101065189,-0.7597189546990398,-0.8285589311701125,-0.3558204358730885,0.32189401729748035,-0.277090402967531,-1.290348795263592,0.11497784724284033,-1.6171079182642616,0.6476732778919837,0.4470866002977665
-1.0634318903570281,-0.40337812096399717,0.28236450614047515,-0.9030573984268965,-0.12435777721078256,-1.5778231185825387,-1.7816838467648262,-0.5752650640935297,0.448560424785226,1.0490239712415002,-0.19789133110084717,0.4470866002977665
0.050007277337537445,-0.5623778587925017,0.4560450829470606,-0.5305650621429765,-0.8187457531977007,-0.5646406461131952,-0.15984935539891063,-1.4785287245189023,-0.21860473029954836,-1.1010823912631464,1.66235080868338,0.4470866002977665
-1.9541832245126805,1.34561899514955,-2.322844145958312,-0.8285589311701125,0.33856754011382967,-0.7546123597011971,-0.277090402967531,-0.4623571065403268,2.1164733124971606,0.9630197167413141,1.3241249650862474,-2.2367031338760426
0.6067268611848202,-1.0393770722780147,0.021843640930596212,0.3882493673573595,-1.1080740765255834,1.3984003942961578,0.7780790251500526,-0.4397755150297113,-1.2860689784351873,-1.1010823912631464,0.22489097339556824,0.4470866002977665
-0.061336639431918714,-0.4828779898782494,-0.06499664747269676,-0.20773837069691256,0.33856754011382967,-0.5013167415838612,-0.08168865701983036,0.02691070952341317,-1.5529350404690943,-1.1010823912631464,-1.043455940093678,0.4470866002977665
-1.6201514742043108,-1.1188769411922665,-0.6728786662957469,-0.5057322397240485,-0.5294174298698182,-1.3245275004652028,-0.2380100537779909,-0.5639742683381801,0.3818439092767471,-0.06903133726091613,-0.5361171746979798,0.4470866002977665
-0.061336639431918714,1.8226182086350635,-0.41235780108586817,1.9278843573308952,0.04923921678594718,1.7783438214721616,1.4619851359670049,0.7645760322041326,0.24841087825979224,0.2749856807398276,-0.1133348702015644,0.4470866002977665
-0.7294001400486586,0.789119912749785,-1.2807606851187971,-1.0023886881026083,-0.9344770825288539,-0.3746689325251933,-0.43341179972569155,-0.44730271219993034,-0.4187542768249792,-0.7570653732624032,-0.9588994791943952,0.4470866002977665
-0.7294001400486586,0.6301201749212809,-0.7597189546990398,-0.5305650621429765,-0.008626447879629403,1.3984003942961578,1.0321012948820634,-0.33439475464672747,0.11497784724284033,-0.49905260976184534,-0.7052300964965453,0.4470866002977665
-1.5088075574348547,-0.6418777277067537,-0.15183693587598973,-0.45606659488619244,-1.4552680645190428,-0.7546123597011971,-0.6092733710786222,-1.2226040207317035,0.18169436275131629,0.016972917239269796,0.4785603560934166,0.4470866002977665
1.2747903618015592,-0.5623778587925017,0.6297256597536466,-0.15807272585905652,-0.24008910654193572,1.145104776178822,1.0125611202872935,0.7796304265445708,0.9822925488530455,1.9950707707435444,0.14033451249628545,0.4470866002977665
2.9449491133434074,0.8686197816640372,0.36920479454376764,-0.7043948190754724,2.0166718154155494,-0.881260168759865,-1.6058222754118956,0.8624295954168973,0.048261331734361396,1.307036734742058,0.3940038951941338,-2.2367031338760426
-0.28402447297083205,-1.5163762857635275,0.4560450829470606,-0.6547291742376166,-0.5294174298698182,0.7651613490028182,0.09417291433310024,-0.6166646485296721,-1.0192029164012777,1.3930409892422437,-0.45156071379869706,0.4470866002977665
-0.17268055620137587,-1.277876679020771,0.19552421773718215,-0.058741436183344445,0.6278958634417122,0.005274494650810516,-0.042608307830290224,0.629086483140356,1.3825916419039102,-1.0150781367629604,-1.3816817836908106,0.4470866002977665
0.050007277337537445,-1.357376547935023,-0.23867722427928223,-0.9030573984268965,-1.281671070522313,-1.3245275004652028,-1.2540991327060345,-0.15374202256167804,1.582741188429341,-0.49905260976184534,-0.6206736355972626,0.4470866002977665
-1.2861197238959414,-0.40337812096399717,-0.15183693587598973,-0.9775558656836805,-0.3558204358730885,0.2585701127681464,-0.3747912759413814,-1.3129303867742492,0.9155760333445666,-0.24103984626128802,0.6476732778919837,0.4470866002977665
-2.399558891590507,-0.8008774655352581,-0.8465592431023328,1.3070637968576952,-0.6451487592009714,-0.881260168759865,-0.15984935539891063,-0.25912278294462004,2.9170714985988897,-0.24103984626128802,1.3241249650862474,0.4470866002977665
-1.2861197238959414,0.07362109252151577,-0.9333995315056256,-0.5802307069808325,-1.2238054058567367,-0.881260168759865,0.05509256514356011,-1.7193990339656626,0.9155760333445666,2.3390877887442882,2.761584800374061,0.4470866002977665
1.163446445032103,0.23262083035002024,1.5849688321898683,1.0090699278305595,-0.8766114178632773,0.5118657308854823,1.168882517045454,-0.12363323388080165,-0.6189038233504129,-1.1010823912631464,1.4086814259855318,0.4470866002977665
-0.17268055620137587,-0.08537864530698869,-0.15183693587598973,0.31375090010057555,-1.3395367351878895,-0.12137331440785742,-0.49203232351000176,-1.2113132249763958,-1.2860689784351873,-1.6171079182642616,1.9160201913812298,0.4470866002977665
0.27269511087645076,-0.32387825204974496,-0.23867722427928223,2.5487049178040952,-0.12435777721078256,-1.5778231185825387,-1.5472017516275853,1.0242643345764617,-0.3520377613165032,-1.0150781367629604,0.22489097339556824,0.4470866002977665
-0.17268055620137587,-0.40337812096399717,0.10868392933388919,0.5124134794519994,-0.41368610053866506,0.4485418263561483,-0.042608307830290224,-0.010725276327640537,0.18169436275131629,0.10297717173945574,0.14033451249628545,0.4470866002977665
0.49538294441536407,-1.0393770722780147,0.28236450614047515,-0.5553978845619044,-1.050208411860007,-0.05804940987852345,-0.257550228372761,-0.7258090074977445,-1.6863680714860492,0.18898142623964168,0.309447434294851,0.4470866002977665
0.8294146947237335,-0.6418777277067537,0.5428853713503535,-0.7788932863322565,-0.12435777721078256,-0.5013167415838612,-1.175938434326954,1.1936262709062033,1.2491586108869552,1.7370580072429866,1.2395685041869646,-2.2367031338760426
-0.3953683897402892,1.6636184708065591,-1.9754829923451402,-0.6298963518186885,1.2644181747630545,-1.134555786877201,-1.8403043705491364,-0.13116043105102074,1.1824420953784764,1.8230622617431727,1.5777943477840972,-2.2367031338760426
-0.17268055620137587,-0.6418777277067537,0.19552421773718215,-0.7540604639133285,-0.06649211254520598,-0.6912884551718631,-0.3747912759413814,-0.9516249226041085,-0.8190533698758439,-0.4130483552616594,0.3940038951941338,0.4470866002977665
-0.17268055620137587,1.981617946463568,-2.409684434361605,-0.8037261087511844,2.074537480081126,-0.8179362642305311,-1.6644427991962059,1.0807183133530422,1.449308157412386,1.0490239712415002,-0.5361171746979798,-2.2367031338760426
0.3840390276459069,0.07362109252151577,-0.6728786662957469,2.176212581520175,0.10710488145152376,1.145104776178822,1.501065485156545,1.7205300728210389,-0.15188821479106943,-0.4130483552616594,-1.6353511663886604,0.4470866002977665
0.49538294441536407,-0.8008774655352581,-0.3255175126825752,-0.9278902208458244,-0.41368610053866506,-0.24802112346652536,-0.4138716251309215,-0.4623571065403268,-0.21860473029954836,-1.5311036637640756,-0.7052300964965453,0.4470866002977665
0.27269511087645076,-0.32387825204974496,-0.3255175126825752,-0.6298963518186885,-0.008626447879629403,-0.05804940987852345,0.5631371046075818,-0.12363323388080165,-0.8190533698758439,0.016972917239269796,-1.212568861892245,0.4470866002977665
-0.17268055620137587,-0.08537864530698869,0.36920479454376764,-0.5305650621429765,-0.5872830945353948,-1.3245275004652028,0.8562397235291329,-1.026896894306216,-0.8857698853843228,0.18898142623964168,1.1550120432876818,0.4470866002977665
-0.17268055620137587,-0.40337812096399717,2.192850851012919,1.7292217779794716,-0.2979547712075123,2.094963344118831,2.067730548404877,1.1559902850551498,-1.3527854939436634,1.0490239712415002,-1.1280124009929609,0.4470866002977665
0.27269511087645076,-0.6418777277067537,0.6297256597536466,0.2889180776816474,1.0908211807663248,-0.6912884551718631,-0.5897331964838521,0.3882161736935538,-0.3520377613165032,2.425092043244474,-0.7897865573958297,0.4470866002977665
0.27269511087645076,-0.6418777277067537,1.3244479669799898,0.36341654493843156,-0.703014423866548,-0.881260168759865,-0.6874340694577025,-0.4284847192744035,-0.8190533698758439,2.3390877887442882,0.901342660589832,0.4470866002977665
-0.3953683897402892,-0.4828779898782494,0.19552421773718215,0.8849058157359195,-0.3558204358730885,-0.12137331440785742,0.40681570784942134,0.5763961029488641,0.3818439092767471,0.7910112077409422,-0.19789133110084717,0.4470866002977665
0.1613511941069936,-0.08537864530698869,1.5849688321898683,-0.8285589311701125,-0.18222344187635914,0.005274494650810516,-0.39433145053615143,0.10218268122552057,1.1824420953784764,0.7050069532407564,-0.36700425289941424,0.4470866002977665
0.9407586114931897,-0.08537864530698869,0.8034062365602325,-0.7788932863322565,-1.16593974119116,-0.5013167415838612,0.035552390548790044,-0.9516249226041085,-0.552187307841934,-1.0150781367629604,0.22489097339556824,0.4470866002977665
-0.7294001400486586,0.7096200438355332,-0.5860383778924542,0.04058985349236742,-0.703014423866548,0.7651613490028182,0.21141396190172065,-0.7784993876892364,0.11497784724284033,-0.5850568642620313,0.5631168169927009,0.4470866002977665
1.163446445032103,-0.4828779898782494,-0.3255175126825752,1.1828996847630553,-0.703014423866548,-1.007907977818533,-0.6874340694577025,0.049492301034070464,-1.5529350404690943,-1.2730909002635182,0.4785603560934166,0.4470866002977665
2.2768856127266686,1.0276195194925417,1.5849688321898683,-0.6298963518186885,1.7273434920876665,-0.31134502799585934,0.016012215954019974,1.457078171863621,0.048261331734361396,0.6190026987405703,-1.212568861892245,-2.2367031338760426
-0.28402447297083205,-0.32387825204974496,0.19552421773718215,-0.33190248279155243,-0.8187457531977007,-1.3878514049945367,-1.4690410532485052,-0.9365705282636703,-0.9524864008927987,-0.9290738822627745,-0.1133348702015644,0.4470866002977665
-0.8407440568181148,-0.5623778587925017,-0.15183693587598973,2.0768812918444635,-0.5294174298698182,1.145104776178822,0.1918737873069506,0.4785425397360994,0.7154264868191358,-0.4130483552616594,0.309447434294851,0.4470866002977665
-0.8407440568181148,1.107119388406794,-0.41235780108586817,-0.1332399034401284,0.8593585221040185,2.0316394395894974,1.6769270565094756,0.02691070952341317,0.31512739376827115,0.10297717173945574,-0.7052300964965453,0.4470866002977665
-0.17268055620137587,1.5841186018923068,-2.5833650111681905,-0.7043948190754724,1.4958808334253602,-1.3878514049945367,-1.8598445451439065,0.7043584548424634,0.7154264868191358,0.4469941897401995,-0.9588994791943952,-2.2367031338760426
0.27269511087645076,-0.7213775966210059,0.36920479454376764,0.13992114316807952,0.33856754011382967,0.3852179218268143,1.2275030408297642,0.3054170048212273,-0.9524864008927987,-0.06903133726091613,-0.28244779200013,0.4470866002977665
-0.17268055620137587,1.34561899514955,-0.49919808948916117,-0.7292276414944004,1.6116121627565132,-0.12137331440785742,-1.156398259732184,0.5161785255871532,0.7821430023276118,0.7910112077409422,-0.19789133110084717,-2.2367031338760426
-0.3953683897402892,0.789119912749785,0.021843640930596212,-0.8285589311701125,-0.3558204358730885,-0.8179362642305311,-0.3747912759413814,-0.7446270004232713,-0.6189038233504129,-0.8430696277625891,-0.1133348702015644,0.4470866002977665
-0.061336639431918714,-0.6418777277067537,-0.5860383778924542,2.3003766936148153,0.2807018754482531,-0.7546123597011971,-0.5115724981047718,1.6076221152678358,-0.3520377613165032,-0.06903133726091613,-0.8743430182951124,0.4470866002977665
0.7180707779542764,-0.6418777277067537,0.28236450614047515,-0.8285589311701125,-0.2979547712075123,-0.43799283705452724,0.1723336127121805,-0.3306311560616388,-0.685620338858889,1.6510537527428006,-0.19789133110084717,0.4470866002977665
2.2768856127266686,2.1406176842920717,-0.49919808948916117,-0.5305650621429765,1.5537464980909366,-1.3878514049945367,-0.3161707521570712,1.4533145732784907,0.048261331734361396,0.5329984442403845,-0.7897865573958297,-2.2367031338760426
0.8294146947237335,0.6301201749212809,-1.628121838731969,-0.8037261087511844,2.8267911207336205,-0.7546123597011971,-1.8207641959543663,0.7645760322041326,-0.4187542768249792,-0.15503559176110207,-1.043455940093678,-2.2367031338760426
-0.5067123065097453,-0.32387825204974496,-0.41235780108586817,0.8104073484791353,-0.3558204358730885,-0.6279645506425292,0.2504943110912608,0.8247936095658437,1.3825916419039102,1.135028225741686,-0.7052300964965453,0.4470866002977665
1.3861342785710153,0.8686197816640372,1.5849688321898683,-0.5802307069808325,2.074537480081126,0.06859839918014449,-1.2736393073008045,1.8334380303742,0.7821430023276118,2.0810750252437304,-1.6353511663886604,-2.2367031338760426
-0.17268055620137587,0.153120961435768,0.021843640930596212,0.6117447691277116,-0.18222344187635914,0.19524620823881242,0.44589605703896146,-0.6279554442849798,-1.0859194319097536,0.36098993524001355,1.3241249650862474,0.4470866002977665
-1.3974636406653975,-1.1983768101065189,0.10868392933388919,-0.9278902208458244,-0.703014423866548,-1.5144992140532048,-0.6092733710786222,-1.0607692815721392,0.24841087825979224,-0.24103984626128802,0.309447434294851,0.4470866002977665
-0.6180562232792015,-1.6753760235920319,0.36920479454376764,-0.0090757913454884,-0.008626447879629403,0.005274494650810516,-0.3357109267518412,0.2903626104808309,1.3825916419039102,2.425092043244474,-0.7897865573958297,0.4470866002977665
-0.17268055620137587,-0.4828779898782494,-0.15183693587598973,-0.7292276414944004,-0.3558204358730885,-0.7546123597011971,1.3447440883983846,0.4785425397360994,1.582741188429341,0.2749856807398276,-0.36700425289941424,0.4470866002977665
-0.6180562232792015,-1.4766263513064015,-0.15183693587598973,0.22683602163432742,-0.3558204358730885,-0.43799283705452724,-0.4138716251309215,-0.7258090074977445,0.048261331734361396,-1.6171079182642616,1.1550120432876818,0.4470866002977665
1.4974781953404734,-0.005878776392736454,0.7165659481569395,-0.6298963518186885,1.7273434920876665,-0.881260168759865,-1.5081214024380454,0.1925090472680662,0.5819934558021809,2.2530835342441025,1.5777943477840972,-2.2367031338760426
0.27269511087645076,-0.8803773344495102,0.4560450829470606,-0.6050635293997605,-1.16593974119116,-0.5646406461131952,0.7194585013657424,-0.04836126217869424,1.716174219446296,-0.15503559176110207,-0.028778409302281614,0.4470866002977665
-0.952087973587572,-0.8803773344495102,0.8034062365602325,-0.7540604639133285,-1.16593974119116,0.06859839918014449,0.34819518406511113,-0.9516249226041085,0.24841087825979224,1.8230622617431727,0.901342660589832,0.4470866002977665
-0.28402447297083205,0.39162056817852425,-0.41235780108586817,0.7359088812223515,-0.8187457531977007,0.5118657308854823,0.05509256514356011,-1.0306604928913046,-1.5529350404690943,-1.7891164272646334,1.3241249650862474,0.4470866002977665
-0.952087973587572,-0.2443783831354927,-1.2807606851187971,-0.9030573984268965,0.6857615281072887,0.32189401729748035,0.11371308892787031,-0.1499784239765476,-0.6189038233504129,-0.4130483552616594,-1.6353511663886604,0.4470866002977665
-0.17268055620137587,2.7766166356060893,-2.062323280748433,-0.8285589311701125,1.2644181747630545,-0.944584073289199,-1.156398259732184,0.6742496661616288,0.448560424785226,0.7910112077409422,-1.1280124009929609,-2.2367031338760426
-1.7314953909737671,1.107119388406794,-0.3255175126825752,0.36341654493843156,-0.8766114178632773,-0.6912884551718631,-0.3552511013466113,-1.689290245284828,-0.01845518377411456,-2.0471291907651907,2.3388024958776454,0.4470866002977665
-0.17268055620137587,-0.6418777277067537,0.021843640930596212,-0.5305650621429765,-0.06649211254520598,0.5751896354148163,0.035552390548790044,-1.0043153027955587,-1.0859194319097536,1.135028225741686,0.22489097339556824,0.4470866002977665
0.050007277337537445,-0.6418777277067537,0.977086813366818,0.04058985349236742,-0.3558204358730885,0.3852179218268143,0.46543623163373155,0.4710153425658803,1.8496072504632508,0.7050069532407564,-0.36700425289941424,0.4470866002977665
-0.17268055620137587,0.6301201749212809,0.021843640930596212,2.337625927243207,-0.2979547712075123,-0.1846972189371914,0.8171593743395927,1.8334380303742,-0.3520377613165032,0.2749856807398276,-1.2971253227915278,0.4470866002977665
0.6067268611848202,0.8686197816640372,-1.0202398199089184,0.4875806570330716,-0.41368610053866506,1.9683155350601635,0.5826772792023519,0.43337935671482664,0.048261331734361396,-1.1870866457633324,-0.5361171746979798,0.4470866002977665
1.6088221121099298,-0.8803773344495102,-0.3255175126825752,0.33858372251950347,-0.008626447879629403,-0.05804940987852345,0.44589605703896146,1.005446341650935,0.18169436275131629,-0.06903133726091613,-1.2971253227915278,0.4470866002977665
0.6067268611848202,-0.2443783831354927,0.890246524963525,-0.9030573984268965,-0.24008910654193572,-1.261203595935869,0.11371308892787031,-0.3757943390829116,0.3818439092767471,-0.49905260976184534,-0.28244779200013,0.4470866002977665
-0.952087973587572,-1.4766263513064015,-0.49919808948916117,-0.40640095004833654,-0.47155176520424164,-1.3245275004652028,-1.0000768629740235,-0.19890520558295086,2.1164733124971606,0.7050069532407564,-0.45156071379869706,0.4470866002977665
0.3840390276459069,-0.32387825204974496,0.7165659481569395,0.43791501219521556,0.917224186769595,-0.1846972189371914,1.3252039138036145,0.7043584548424634,0.448560424785226,-1.7891164272646334,-0.7897865573958297,0.4470866002977665
-0.061336639431918714,-0.40337812096399717,0.19552421773718215,1.9030515349119674,0.16497054611709994,1.7783438214721616,1.0321012948820634,1.5323501435657285,1.1157255798700003,-1.1010823912631464,-0.6206736355972626,0.4470866002977665
0.7180707779542764,0.8686197816640372,-0.49919808948916117,-0.2574040155347685,3.231850773392656,-0.1846972189371914,-0.5897331964838521,1.4721325662040174,-0.48547079233345813,0.5329984442403845,-1.2971253227915278,-2.2367031338760426
0.49538294441536407,-0.8803773344495102,0.19552421773718215,-0.7540604639133285,-0.7608800885321242,0.5118657308854823,0.34819518406511113,-1.1021688660083233,-0.3520377613165032,-0.5850568642620313,0.901342660589832,0.4470866002977665
0.1613511941069936,-0.8803773344495102,-0.3255175126825752,1.1580668623441275,-0.6451487592009714,-0.7546123597011971,-0.2966305775623011,0.1925090472680662,-1.2193524629267085,-1.1870866457633324,-0.1133348702015644,0.4470866002977665
1.163446445032103,-0.2443783831354927,0.10868392933388919,0.6614104139655674,-0.18222344187635914,1.9049916305308296,1.6378467073199356,0.5651053071935563,-0.8190533698758439,0.36098993524001355,-0.45156071379869706,0.4470866002977665
-0.952087973587572,-0.2443783831354927,-0.06499664747269676,0.6986596475939595,-0.9923427471944305,0.13192230370947847,0.36773535865988116,-0.3645035433276039,-0.01845518377411456,-0.4130483552616594,0.309447434294851,0.4470866002977665
-0.6180562232792015,-0.2443783831354927,1.237607678576697,0.9097386381548473,0.5121645341105594,1.018456967120154,2.0091100246205666,0.9828647501402775,-0.4187542768249792,0.016972917239269796,-1.2971253227915278,0.4470866002977665
0.49538294441536407,-0.2443783831354927,-0.06499664747269676,0.09025549833022346,0.33856754011382967,0.8284852535321521,0.7976191997448226,0.06454669537446688,-0.685620338858889,-0.24103984626128802,-0.28244779200013,0.4470866002977665
-1.1747758071264842,0.23262083035002024,-0.7597189546990398,-0.6298963518186885,-1.050208411860007,-0.7546123597011971,0.2895746602808009,-1.7043446396252662,1.2491586108869552,2.3390877887442882,2.761584800374061,0.4470866002977665
-1.5088075574348547,-0.6021277932496277,-0.15183693587598973,-0.9278902208458244,-0.06649211254520598,0.13192230370947847,0.13325326352264039,-1.1021688660083233,0.7821430023276118,-0.06903133726091613,0.309447434294851,0.4470866002977665
-0.28402447297083205,-0.005878776392736454,0.28236450614047515,0.4627478346141434,0.6278958634417122,1.2717525852374898,1.8527886278624064,0.5462873142680295,0.7154264868191358,0.4469941897401995,-0.28244779200013,0.4470866002977665
-2.0655271412821374,-0.40337812096399717,0.28236450614047515,0.36341654493843156,-0.8187457531977007,-0.31134502799585934,-0.4138716251309215,0.21132704019359302,0.048261331734361396,-0.8430696277625891,-1.212568861892245,0.4470866002977665
0.050007277337537445,-0.2443783831354927,0.4560450829470606,-0.9775558656836805,-0.7608800885321242,-1.4511753095238709,-0.9805366883792535,-1.5161647103699558,-0.8857698853843228,-0.4130483552616594,1.2395685041869646,0.4470866002977665
-0.5067123065097453,1.5841186018923068,-1.3676009735220902,-0.4808994173051205,0.917224186769595,-1.1978796914065348,-1.8207641959543663,-0.3870851348382194,0.7154264868191358,0.7050069532407564,1.8314637304819472,-2.2367031338760426
-0.952087973587572,0.5506203060070287,-1.3676009735220902,-0.7788932863322565,1.380149504094207,-1.5778231185825387,-1.9770855927125268,0.5914504972893023,1.3158751263954314,0.5329984442403845,-1.043455940093678,-2.2367031338760426
0.6067268611848202,0.153120961435768,0.4560450829470606,-0.5802307069808325,0.16497054611709994,-0.31134502799585934,0.11371308892787031,-1.113459661763631,0.6487099713106569,0.18898142623964168,1.7469072695826628,0.4470866002977665
-0.7294001400486586,0.4711204370927765,-0.23867722427928223,0.33858372251950347,-0.8187457531977007,0.8918091580614861,0.6217576283918921,-0.6881730216466908,0.448560424785226,-0.4130483552616594,0.8167861996905492,0.4470866002977665
2.9449491133434074,0.5506203060070287,0.021843640930596212,-0.6050635293997605,2.768925456068044,-0.944584073289199,-1.3908803548694249,1.6076221152678358,-0.21860473029954836,1.6510537527428006,-0.5361171746979798,-2.2367031338760426
-0.952087973587572,-0.4828779898782494,1.5849688321898683,0.6614104139655674,0.2228362107826765,2.284935057706833,2.067730548404877,0.629086483140356,-0.4187542768249792,-0.32704410076147394,-1.4662382445900934,0.4470866002977665
0.3840390276459069,0.7096200438355332,-0.23867722427928223,0.3882493673573595,-0.6451487592009714,-0.31134502799585934,-0.45295197432046164,-0.9215161339232322,-0.4187542768249792,0.6190026987405703,1.66235080868338,0.4470866002977665
0.49538294441536407,-0.8803773344495102,0.36920479454376764,0.2889180776816474,-1.3395367351878895,-1.3245275004652028,-1.5667419262223554,-0.5602106697530915,-2.8872653506386428,0.10297717173945574,0.22489097339556824,0.4470866002977665
0.49538294441536407,-0.5623778587925017,0.8034062365602325,-0.15807272585905652,-0.9344770825288539,-1.3878514049945367,-0.49203232351000176,-0.7258090074977445,-0.8857698853843228,-1.0150781367629604,0.3940038951941338,0.4470866002977665
2.722261279804495,-0.16487851422124092,2.1060105626096264,-0.6795619966565444,0.10710488145152376,-0.881260168759865,-0.02306813323552016,0.8549023982466782,-0.685620338858889,1.5650494982426149,-0.28244779200013,0.4470866002977665
-0.17268055620137587,-0.5623778587925017,-0.15183693587598973,-0.7292276414944004,-0.24008910654193572,-1.007907977818533,-0.4724921489152317,-0.6053738527743643,0.048261331734361396,1.135028225741686,-0.19789133110084717,0.4470866002977665
-0.952087973587572,-0.08537864530698869,-0.06499664747269676,-0.7043948190754724,-0.9923427471944305,1.208428680708156,0.8366995489343628,-1.6667086537741707,1.1157255798700003,-0.6710611187622172,1.7469072695826628,0.4470866002977665
-0.6180562232792015,0.9481196505782894,-0.3255175126825752,-0.9527230432647524,0.33856754011382967,-1.6411470231118728,-0.19892970458845077,-0.010725276327640537,0.11497784724284033,0.10297717173945574,-1.2971253227915278,0.4470866002977665
-0.7294001400486586,-0.2443783831354927,-0.5860383778924542,0.8724894045264553,-0.9923427471944305,0.06859839918014449,1.0125611202872935,0.7043584548424634,1.1157255798700003,0.5329984442403845,-0.7897865573958297,0.4470866002977665
-0.3953683897402892,-1.1983768101065189,0.8034062365602325,-0.8533917535890405,-0.24008910654193572,1.0817808716494879,0.44589605703896146,-1.026896894306216,2.1164733124971606,0.10297717173945574,1.4932378868848144,0.4470866002977665
-0.3953683897402892,1.981617946463568,-1.2807606851187971,-0.45606659488619244,-0.18222344187635914,-0.1846972189371914,-0.550652847294312,0.02691070952341317,-0.685620338858889,-1.3590951547637042,-1.2971253227915278,0.4470866002977665
1.831509945648842,0.23262083035002024,0.4560450829470606,-0.8782245760079684,-0.18222344187635914,-1.261203595935869,-0.02306813323552016,0.6140320887999178,-0.3520377613165032,-0.32704410076147394,-1.043455940093678,0.4470866002977665
0.1613511941069936,0.6301201749212809,0.36920479454376764,1.8782187124930394,-0.24008910654193572,-0.31134502799585934,-0.9414563391897133,0.06454669537446688,-0.3520377613165032,-1.8751206817648194,0.8167861996905492,0.4470866002977665
-1.1747758071264842,-0.4828779898782494,-1.0202398199089184,1.8533858900741116,-0.06649211254520598,1.208428680708156,0.8171593743395927,1.2688982426083109,0.8488595178360907,-1.1010823912631464,-0.9588994791943952,0.4470866002977665
-0.5067123065097453,-0.40337812096399717,-0.5860383778924542,1.4560607313712637,-0.3558204358730885,1.018456967120154,0.1918737873069506,0.7796304265445708,-0.9524864008927987,-0.9290738822627745,-0.45156071379869706,0.4470866002977665
-0.8407440568181148,-1.0393770722780147,1.5849688321898683,-0.10840708102120049,-0.06649211254520598,-0.881260168759865,-0.5897331964838521,-0.7634449933487982,0.31512739376827115,-1.1870866457633324,0.8167861996905492,0.4470866002977665
0.3840390276459069,2.1406176842920717,-0.06499664747269676,-0.6298963518186885,1.4958808334253602,-1.007907977818533,-1.2736393073008045,1.0807183133530422,1.582741188429341,0.7050069532407564,-0.36700425289941424,-2.2367031338760426
-0.7294001400486586,-0.40337812096399717,-0.5860383778924542,0.5620791242898555,-0.5294174298698182,0.4485418263561483,1.0125611202872935,0.7043584548424634,1.782890734954775,1.135028225741686,-0.7897865573958297,0.4470866002977665
-2.0655271412821374,-0.6418777277067537,-1.1070801083122115,-0.9775558656836805,0.2807018754482531,-1.134555786877201,-0.4138716251309215,-1.644127062263555,-0.01845518377411456,-1.0150781367629604,0.7322297387912664,0.4470866002977665
1.6088221121099298,0.4711204370927765,1.0639271017701109,-0.6547291742376166,0.8593585221040185,-1.1978796914065348,-1.9770855927125268,0.5914504972893023,-0.3520377613165032,2.597100552244846,0.4785603560934166,-2.2367031338760426
-0.8407440568181148,-0.08537864530698869,0.10868392933388919,-0.8037261087511844,-0.9344770825288539,-0.05804940987852345,0.1918737873069506,-1.0645328801572695,0.3818439092767471,-0.8430696277625891,0.4785603560934166,0.4470866002977665
0.6067268611848202,-0.5623778587925017,2.713892581432676,1.4063950865334074,-0.18222344187635914,1.2717525852374898,0.6412978029866622,1.4533145732784907,-0.4187542768249792,-0.5850568642620313,-1.5507947054893763,0.4470866002977665
0.7180707779542764,-1.6753760235920319,0.19552421773718215,-0.9775558656836805,-0.9923427471944305,0.13192230370947847,-0.5311126726995419,-1.1247504575189389,-1.0859194319097536,1.4790452437424297,0.4785603560934166,0.4470866002977665
-1.8428393077432244,-0.8803773344495102,0.021843640930596212,-0.33190248279155243,-0.703014423866548,-0.5646406461131952,-0.570193021889082,-0.4322483178594922,1.2491586108869552,-0.06903133726091613,-0.7052300964965453,0.4470866002977665
0.49538294441536407,0.6301201749212809,-0.6728786662957469,0.5124134794519994,-0.8766114178632773,-0.12137331440785742,0.11371308892787031,0.02691070952341317,-0.552187307841934,-0.7570653732624032,-0.1133348702015644,0.4470866002977665
-0.28402447297083205,-0.005878776392736454,0.977086813366818,0.36341654493843156,0.5121645341105594,-0.3746689325251933,0.5435969300128118,0.5914504972893023,-0.4187542768249792,-0.49905260976184534,-0.8743430182951124,0.4470866002977665
-1.2861197238959414,-0.7213775966210059,-0.49919808948916117,-0.8533917535890405,-1.3974023998534661,-0.6279645506425292,-0.21846987918322083,-0.5978466556041452,0.9822925488530455,0.6190026987405703,-0.19789133110084717,0.4470866002977665
-0.8407440568181148,-1.1983768101065189,0.10868392933388919,-0.9527230432647524,-0.703014423866548,2.728202389412171,1.2470432154245341,-1.1172232603487615,-0.01845518377411456,-0.8430696277625891,0.309447434294851,0.4470866002977665
-0.5067123065097453,-0.005878776392736454,-1.454441261925383,0.6365775915466395,-0.24008910654193572,0.19524620823881242,0.2504943110912608,0.5914504972893023,-0.01845518377411456,-0.06903133726091613,-0.9588994791943952,0.4470866002977665
0.49538294441536407,-1.1983768101065189,-0.06499664747269676,-0.8782245760079684,0.917224186769595,0.19524620823881242,0.895320072718673,-0.9666793169445049,-0.7523368543673679,-0.7570653732624032,0.6758587648583827,0.4470866002977665
-0.6180562232792015,0.153120961435768,-0.23867722427928223,-0.9527230432647524,-0.5872830945353948,-0.05804940987852345,-0.19892970458845077,-0.8387169650509056,-0.685620338858889,-0.7570653732624032,-0.1133348702015644,0.4470866002977665
-0.6180562232792015,-0.6418777277067537,0.5428853713503535,0.7359088812223515,0.10710488145152376,1.8416677260014955,0.5826772792023519,0.3581073850127192,-2.4202497420793025,-0.15503559176110207,-1.1280124009929609,0.4470866002977665
0.050007277337537445,-0.2443783831354927,0.19552421773718215,2.3997079832905275,-0.2979547712075123,1.018456967120154,0.9344004219082132,2.0592539454805223,0.7821430023276118,1.3930409892422437,-1.5507947054893763,0.4470866002977665
-1.0634318903570281,-0.5623778587925017,0.890246524963525,-0.9030573984268965,-0.703014423866548,0.7018374444734842,-0.042608307830290224,-1.4107839499870138,-1.2193524629267085,1.135028225741686,0.9436208910394741,0.4470866002977665
-0.17268055620137587,0.6301201749212809,0.28236450614047515,0.6117447691277116,-1.6288650585157722,0.4485418263561483,0.2504943110912608,-0.6806458244764717,-0.2853212458080243,-0.5850568642620313,1.1550120432876818,0.4470866002977665
1.7201660288793859,1.266119126235298,-0.3255175126825752,-0.7540604639133285,0.570030198776136,-0.8179362642305311,-1.6058222754118956,0.4710153425658803,-0.4187542768249792,2.9411175702455887,0.3940038951941338,-2.2367031338760426
0.27269511087645076,0.23262083035002024,-0.23867722427928223,1.3567294416955515,3.4633134320549623,0.7651613490028182,1.3056637392088444,1.2990070312891873,-1.753084586994528,0.5329984442403845,-1.043455940093678,0.4470866002977665
2.0541977791877564,-0.5623778587925017,0.36920479454376764,-0.8037261087511844,0.39643320477940625,-1.134555786877201,-1.8207641959543663,0.0043291180127976595,-0.552187307841934,0.7050069532407564,0.5631168169927009,-2.2367031338760426
-0.28402447297083205,-0.5623778587925017,0.4560450829470606,0.8600729933169916,-0.3558204358730885,0.7018374444734842,0.05509256514356011,0.3016534062361386,0.7821430023276118,0.10297717173945574,0.22489097339556824,0.4470866002977665
-1.1747758071264842,-0.005878776392736454,-0.06499664747269676,0.6862432363844956,-0.06649211254520598,1.8416677260014955,1.6769270565094756,0.403270568033992,-0.15188821479106943,-1.0150781367629604,-0.8743430182951124,0.4470866002977665
-0.5067123065097453,-0.16487851422124092,-0.49919808948916117,1.4063950865334074,-0.5294174298698182,0.06859839918014449,-0.0035279586407500917,0.8549023982466782,0.5819934558021809,-1.4450994092638898,-0.45156071379869706,0.4470866002977665
0.49538294441536407,2.2996174221205763,-0.41235780108586817,0.5869119467087834,1.2644181747630545,0.32189401729748035,0.016012215954019974,1.6076221152678358,0.9822925488530455,-0.15503559176110207,-1.043455940093678,-2.2367031338760426
-2.1768710580515935,0.153120961435768,-1.1070801083122115,-0.08357425860227258,-0.9344770825288539,0.5751896354148163,0.07463273973833018,-1.0494784858168313,-0.2853212458080243,-0.9290738822627745,0.309447434294851,0.4470866002977665
-1.0634318903570281,0.4711204370927765,0.10868392933388919,-0.9775558656836805,0.2807018754482531,0.005274494650810516,1.9211792389441016,-0.5752650640935297,0.448560424785226,1.8230622617431727,-0.7052300964965453,0.4470866002977665
1.7201660288793859,-0.2443783831354927,0.36920479454376764,-0.8037261087511844,0.7436271927728654,-1.5778231185825387,-2.055246291091607,0.4935969340765376,0.515276940293702,1.9950707707435444,0.9858991214891163,-2.2367031338760426
0.7180707779542764,0.6301201749212809,1.3244479669799898,1.6795561331416153,2.074537480081126,1.5250482033548258,0.9734807710977532,1.4307329817678751,-2.0866671645369137,0.016972917239269796,-1.3816817836908106,0.4470866002977665
-2.0655271412821374,0.153120961435768,-0.7597189546990398,-0.8285589311701125,-1.2238054058567367,-0.8179362642305311,-0.6092733710786222,-1.74198062547632,1.9163237659717267,-1.1010823912631464,1.5777943477840972,0.4470866002977665
0.9407586114931897,-0.8803773344495102,-0.5860383778924542,-0.8285589311701125,-1.281671070522313,-0.31134502799585934,1.3447440883983846,-1.1021688660083233,-0.9524864008927987,1.9950707707435444,1.2395685041869646,0.4470866002977665
0.27269511087645076,1.9021180775493158,-1.8886427039418476,-0.8533917535890405,3.4633134320549623,-0.944584073289199,0.602217453797122,-0.04836126217869424,-1.0192029164012777,0.5329984442403845,-1.212568861892245,0.4470866002977665
-0.3953683897402892,-0.8008774655352581,-0.15183693587598973,-0.7788932863322565,-1.281671070522313,0.2585701127681464,0.15279343811741045,-0.7897901834445441,0.9822925488530455,-0.24103984626128802,0.4785603560934166,0.4470866002977665
0.050007277337537445,-1.1983768101065189,-0.41235780108586817,0.4751642458236074,-0.06649211254520598,-0.05804940987852345,1.9504895008362566,0.8624295954168973,1.0490090643615215,0.6190026987405703,-0.45156071379869706,0.4470866002977665
0.7180707779542764,-0.2443783831354927,-1.1939203967155043,-0.8285589311701125,-0.12435777721078256,-0.1846972189371914,-0.06214848242506029,-0.3946123320084385,-0.9524864008927987,-0.6710611187622172,-0.5361171746979798,0.4470866002977665
1.942853862418298,1.8226182086350635,-0.41235780108586817,-0.6050635293997605,2.8267911207336205,-1.5144992140532048,-1.742603497575286,1.3818062001615137,0.31512739376827115,0.7910112077409422,-1.1280124009929609,-2.2367031338760426
-0.28402447297083205,-1.5958761546777798,0.28236450614047515,0.9594042829927036,-0.2979547712075123,0.6385135399441502,-0.14030918080414057,0.8549023982466782,1.3158751263954314,-0.9290738822627745,-1.1280124009929609,0.4470866002977665
-0.8407440568181148,-0.7213775966210059,-0.3255175126825752,-0.8533917535890405,0.917224186769595,-0.6912884551718631,0.23095413649649071,-0.04836126217869424,-0.01845518377411456,-0.4130483552616594,-1.212568861892245,0.4470866002977665
1.2747903618015592,1.7431183397208114,-0.7597189546990398,-0.6795619966565444,1.7273434920876665,0.13192230370947847,-0.6092733710786222,1.0731911161828231,0.24841087825979224,-0.4130483552616594,-0.8743430182951124,-2.2367031338760426
-0.17268055620137587,-0.40337812096399717,0.977086813366818,-0.8037261087511844,0.04923921678594718,0.6385135399441502,0.035552390548790044,-0.34944914898716567,1.64945770393782,-0.24103984626128802,-0.1133348702015644,0.4470866002977665
-1.1747758071264842,-0.16487851422124092,-0.49919808948916117,2.1017141142633915,1.0908211807663248,2.601554580353503,0.7780790251500526,1.2350258553423876,0.7154264868191358,0.2749856807398276,-0.28244779200013,-2.2367031338760426
-0.7294001400486586,-0.04562871084986257,-0.7597189546990398,2.7473674971555195,0.7436271927728654,-0.31134502799585934,0.40681570784942134,1.622676509608274,-0.9524864008927987,-0.06903133726091613,-1.2971253227915278,0.4470866002977665
-0.17268055620137587,-0.4828779898782494,0.6297256597536466,0.7855745260602074,-0.12435777721078256,-0.43799283705452724,0.6803781521762022,0.629086483140356,0.7154264868191358,0.7050069532407564,-0.36700425289941424,0.4470866002977665
0.27269511087645076,1.981617946463568,-0.41235780108586817,-0.7292276414944004,2.0166718154155494,-1.134555786877201,-0.39433145053615143,0.726940046353079,0.24841087825979224,0.10297717173945574,-0.6206736355972626,-2.2367031338760426
-0.7294001400486586,0.153120961435768,-0.9333995315056256,0.21441961042486346,-0.47155176520424164,-0.43799283705452724,0.46543623163373155,0.12100067415104743,-0.48547079233345813,1.0490239712415002,-0.6206736355972626,0.4470866002977665
1.2747903618015592,-0.005878776392736454,0.4560450829470606,0.8104073484791353,-1.16593974119116,-0.12137331440785742,0.42635588244419137,-0.5376290782424342,-1.4195020094521422,-1.4450994092638898,2.000576652280513,0.4470866002977665
0.9407586114931897,-0.9598772033637624,-0.41235780108586817,0.9842371054116316,-0.5294174298698182,0.7018374444734842,1.2079628662349942,0.7796304265445708,-0.2853212458080243,-0.4130483552616594,-0.6206736355972626,0.4470866002977665
0.49538294441536407,-1.238126744563645,0.28236450614047515,-0.6547291742376166,-0.18222344187635914,2.696540437147504,1.8332484532676363,-0.19890520558295086,-0.2853212458080243,0.8770154622411283,-0.6206736355972626,0.4470866002977665
1.7201660288793859,-0.4828779898782494,0.021843640930596212,-0.5305650621429765,-0.9344770825288539,-1.261203595935869,-1.156398259732184,-0.7672085919338869,-1.0859194319097536,-0.5850568642620313,0.7322297387912664,0.4470866002977665
-0.17268055620137587,2.2996174221205763,-1.1070801083122115,-0.7540604639133285,1.785209156753243,-0.8179362642305311,-0.6678938948629324,1.0807183133530422,2.4500558900395464,0.5329984442403845,-1.1280124009929609,-2.2367031338760426
-1.7314953909737671,-1.0393770722780147,-0.5860383778924542,-0.033908613764416534,-0.41368610053866506,-0.05804940987852345,-0.14030918080414057,0.19627264585315485,1.3158751263954314,-0.9290738822627745,-1.043455940093678,0.4470866002977665
0.9407586114931897,-1.277876679020771,0.28236450614047515,-0.9527230432647524,-0.7608800885321242,0.005274494650810516,-0.5311126726995419,-1.1172232603487615,-1.0192029164012777,1.8230622617431727,0.5631168169927009,0.4470866002977665
0.3840390276459069,-1.277876679020771,0.8034062365602325,-0.7292276414944004,0.10710488145152376,-0.43799283705452724,-0.550652847294312,-0.27417717728505825,-0.552187307841934,-0.49905260976184534,-0.1133348702015644,0.4470866002977665
-0.3953683897402892,-0.5623778587925017,-0.15183693587598973,-0.7292276414944004,-1.4552680645190428,-0.7546123597011971,-0.6678938948629324,-1.4785287245189023,0.18169436275131629,-0.49905260976184534,1.5777943477840972,0.4470866002977665
-0.6180562232792015,-0.8803773344495102,-0.23867722427928223,-0.6050635293997605,-0.9344770825288539,-0.43799283705452724,-0.7069742440524726,-0.8462441622211248,0.5819934558021809,0.36098993524001355,0.7322297387912664,0.4470866002977665
-0.061336639431918714,0.7096200438355332,1.0639271017701109,0.31375090010057555,0.9750898514351717,0.7018374444734842,1.1298021678559138,0.5989776944594796,-0.7523368543673679,0.18898142623964168,-1.043455940093678,0.4470866002977665
-0.952087973587572,-0.44312805542112327,1.150767390173404,1.8285530676551836,-0.18222344187635914,1.3984003942961578,1.501065485156545,1.0430823275019885,0.11497784724284033,0.2749856807398276,-0.9588994791943952,0.4470866002977665
-1.3974636406653975,-0.8008774655352581,-0.49919808948916117,-0.9527230432647524,-0.7608800885321242,-0.31134502799585934,-0.7655947678367827,-1.4032567528167947,0.5819934558021809,0.10297717173945574,0.6476732778919837,0.4470866002977665
2.1655416959572125,1.5046187329780547,-0.8465592431023328,-0.6795619966565444,2.3060001387434315,-0.6279645506425292,-1.5862821008171255,1.1258814963743151,0.7154264868191358,2.7691090612452167,0.3940038951941338,-2.2367031338760426
-0.6180562232792015,-1.1983768101065189,0.021843640930596212,0.09025549833022346,-0.2979547712075123,0.7018374444734842,0.7194585013657424,0.23390863170425033,0.8488595178360907,-0.32704410076147394,-0.1133348702015644,0.4470866002977665
-0.6180562232792015,-0.6418777277067537,0.7165659481569395,-0.7788932863322565,-0.9344770825288539,-0.5013167415838612,-0.042608307830290224,-1.026896894306216,0.6487099713106569,-0.06903133726091613,0.9858991214891163,0.4470866002977665
-0.3953683897402892,-0.7213775966210059,-0.06499664747269676,2.424540805709455,-0.18222344187635914,1.208428680708156,0.309114834875571,1.1710446793955878,-0.552187307841934,-1.1870866457633324,-0.028778409302281614,0.4470866002977665
2.9449491133434074,1.981617946463568,-0.6728786662957469,-0.3815681276294085,3.1161194440615025,0.3852179218268143,-0.550652847294312,2.134525917182671,0.515276940293702,1.221032480241872,-0.45156071379869706,-2.2367031338760426
-1.0634318903570281,-0.32387825204974496,0.021843640930596212,0.01575703107343951,-0.2979547712075123,1.4617242988254917,0.9734807710977532,-0.5752650640935297,0.3818439092767471,0.10297717173945574,0.309447434294851,0.4470866002977665
-0.061336639431918714,-0.4828779898782494,-0.41235780108586817,0.06542267591129555,-1.3974023998534661,0.32189401729748035,0.2895746602808009,0.3279985963318846,-0.4187542768249792,1.8230622617431727,0.055778051597001166,0.4470866002977665
0.7180707779542764,1.5046187329780547,-0.15183693587598973,-0.6547291742376166,2.190268809412278,-1.6411470231118728,-2.074786465686377,0.4107977652042111,0.6487099713106569,0.9630197167413141,0.7322297387912664,-2.2367031338760426
-0.061336639431918714,-0.6418777277067537,0.6297256597536466,0.8352401708980637,-0.06649211254520598,1.018456967120154,0.8171593743395927,0.5538145114382068,0.7821430023276118,0.10297717173945574,-0.1133348702015644,0.4470866002977665
-1.2861197238959414,0.23262083035002024,-1.2807606851187971,0.5124134794519994,-0.6451487592009714,-0.31134502799585934,-0.08168865701983036,0.3656345821829383,1.582741188429341,-0.49905260976184534,-0.5361171746979798,0.4470866002977665
0.27269511087645076,-0.32387825204974496,0.977086813366818,-0.8285589311701125,0.10710488145152376,0.2585701127681464,0.2895746602808009,-0.7258090074977445,-1.8865176180114829,-0.4130483552616594,0.309447434294851,0.4470866002977665
1.2747903618015592,0.7096200438355332,0.10868392933388919,0.7359088812223515,-0.9923427471944305,-0.5013167415838612,-0.042608307830290224,-0.8161353735402901,-1.1526359474182326,-0.4130483552616594,2.2542460349783626,0.4470866002977665
-0.3953683897402892,0.9481196505782894,-0.5860383778924542,1.7292217779794716,-0.47155176520424164,1.4617242988254917,0.7585388505552826,0.8624295954168973,-0.552187307841934,0.2749856807398276,-0.7052300964965453,0.4470866002977665
-0.061336639431918714,0.23262083035002024,0.4560450829470606,-0.8782245760079684,-0.9344770825288539,-1.134555786877201,0.4849764062285016,-0.6731186273062526,-1.0192029164012777,0.10297717173945574,-0.7052300964965453,0.4470866002977665
-0.6180562232792015,-0.4828779898782494,0.10868392933388919,0.13992114316807952,0.04923921678594718,0.6385135399441502,1.0907218186663736,0.403270568033992,-0.21860473029954836,1.4790452437424297,-1.212568861892245,0.4470866002977665
0.3840390276459069,-0.4828779898782494,0.977086813366818,2.3003766936148153,-0.41368610053866506,1.6516960124134936,1.2079628662349942,2.134525917182671,0.448560424785226,2.0810750252437304,-1.2971253227915278,0.4470866002977665
0.9407586114931897,1.7431183397208114,0.19552421773718215,-0.6298963518186885,1.8430748214188195,-0.43799283705452724,0.46543623163373155,0.9866283487254079,0.515276940293702,0.7910112077409422,-0.9588994791943952,-2.2367031338760426
2.1655416959572125,0.153120961435768,0.10868392933388919,-0.8533917535890405,-0.06649211254520598,-1.261203595935869,1.5596860089408553,0.5538145114382068,-0.21860473029954836,-0.4130483552616594,-1.043455940093678,0.4470866002977665
-0.8407440568181148,-0.08537864530698869,0.021843640930596212,-0.9278902208458244,-0.008626447879629403,-0.7546123597011971,0.09417291433310024,-1.4822923231039908,0.6487099713106569,0.2749856807398276,1.66235080868338,0.4470866002977665
0.27269511087645076,-1.357376547935023,0.10868392933388919,-0.9527230432647524,-1.5131337291846192,1.0817808716494879,-0.08168865701983036,-0.6580642329658561,-1.2193524629267085,1.3930409892422437,-0.5361171746979798,0.4470866002977665
-1.1747758071264842,-0.6418777277067537,-0.06499664747269676,1.9775500021687515,0.33856754011382967,1.6516960124134936,0.9734807710977532,1.231262256757257,0.3818439092767471,-1.0150781367629604,-1.043455940093678,0.4470866002977665
-0.3953683897402892,0.153120961435768,-0.5860383778924542,2.7597839083649838,-0.18222344187635914,0.005274494650810516,0.5240567554180418,1.615149312438055,-0.9524864008927987,0.10297717173945574,-1.212568861892245,0.4470866002977665
0.050007277337537445,-0.7213775966210059,-0.23867722427928223,-0.8533917535890405,-0.6451487592009714,-0.12137331440785742,-0.10122883161460043,-0.4623571065403268,-0.7523368543673679,0.36098993524001355,-0.1133348702015644,0.4470866002977665
2.0541977791877564,2.617616897777585,-1.1939203967155043,-0.5057322397240485,2.074537480081126,-0.3746689325251933,0.1918737873069506,1.6000949180976167,0.048261331734361396,0.2749856807398276,-0.8743430182951124,-2.2367031338760426
2.4995734462655808,2.8561165045203416,-1.8018024155385546,-0.4808994173051205,2.479597132740161,-1.1978796914065348,-1.410420529464195,1.8635468190550346,0.5819934558021809,0.2749856807398276,-0.9588994791943952,-2.2367031338760426
-1.2861197238959414,1.8226182086350635,-2.670205299571484,-0.8782245760079684,-0.8766114178632773,0.5751896354148163,-0.257550228372761,-1.7871438084975926,0.24841087825979224,-1.3590951547637042,1.4932378868848144,0.4470866002977665
-0.3953683897402892,-0.4828779898782494,0.021843640930596212,-0.8533917535890405,-0.7608800885321242,0.06859839918014449,0.13325326352264039,-0.6881730216466908,1.2491586108869552,-0.32704410076147394,0.5631168169927009,0.4470866002977665
-0.8407440568181148,-0.32387825204974496,0.10868392933388919,0.9594042829927036,-0.06649211254520598,2.1582872486481652,2.028650199215337,0.8172664123956246,-0.3520377613165032,-0.32704410076147394,-1.4662382445900934,0.4470866002977665
-0.7294001400486586,-0.16487851422124092,-0.6728786662957469,2.3003766936148153,-0.6451487592009714,-0.43799283705452724,-0.4138716251309215,0.5086513284169758,-0.9524864008927987,-1.1010823912631464,-0.028778409302281614,0.4470866002977665
-0.17268055620137587,-0.2443783831354927,0.5428853713503535,0.5124134794519994,0.5121645341105594,0.2585701127681464,1.7160074056990158,1.2688982426083109,2.3166228590225915,0.36098993524001355,-0.36700425289941424,0.4470866002977665
-0.061336639431918714,-0.40337812096399717,0.021843640930596212,0.5124134794519994,-0.5294174298698182,0.3852179218268143,1.0711816440716035,-0.06341565651913243,0.6487099713106569,-0.15503559176110207,0.6476732778919837,0.4470866002977665
-0.061336639431918714,-1.5163762857635275,0.4560450829470606,-0.6795619966565444,-0.6451487592009714,-0.8179362642305311,-0.17938952999368069,-0.7634449933487982,1.2491586108869552,2.683104806745031,1.070455582388399,0.4470866002977665
0.8294146947237335,-0.2443783831354927,-0.5860383778924542,-0.6298963518186885,-0.24008910654193572,-0.12137331440785742,0.7194585013657424,-0.30428596596589286,0.31512739376827115,0.4469941897401995,-0.028778409302281614,0.4470866002977665
-0.6180562232792015,-1.1188769411922665,0.28236450614047515,-0.8533917535890405,2.479597132740161,0.7018374444734842,0.2895746602808009,-0.04836126217869424,0.18169436275131629,-0.15503559176110207,-0.8743430182951124,0.4470866002977665
-2.1768710580515935,-0.005878776392736454,-2.670205299571484,0.36341654493843156,-0.12435777721078256,0.7651613490028182,0.895320072718673,0.02691070952341317,0.515276940293702,1.0490239712415002,-0.6206736355972626,0.4470866002977665
-0.952087973587572,0.39162056817852425,0.19552421773718215,-0.9527230432647524,0.10710488145152376,-0.43799283705452724,0.9539405965029832,-0.4623571065403268,-0.48547079233345813,2.3390877887442882,-0.9588994791943952,0.4470866002977665
-1.0634318903570281,1.6636184708065591,0.19552421773718215,0.6862432363844956,-0.12435777721078256,-0.43799283705452724,-0.02306813323552016,-0.635482641455199,-1.2193524629267085,-1.1010823912631464,0.309447434294851,0.4470866002977665
0.1613511941069936,-0.40337812096399717,1.5849688321898683,-0.6795619966565444,-0.9344770825288539,0.005274494650810516,-0.14030918080414057,-1.365620766965741,0.9822925488530455,-0.7570653732624032,1.9160201913812298,0.4470866002977665
-1.1747758071264842,-0.16487851422124092,0.10868392933388919,-0.8782245760079684,-1.5131337291846192,-0.881260168759865,-1.429960704058965,-1.5161647103699558,0.8488595178360907,-1.3590951547637042,0.7322297387912664,0.4470866002977665
0.050007277337537445,-1.0393770722780147,1.5849688321898683,0.09025549833022346,-0.47155176520424164,0.19524620823881242,0.09417291433310024,-0.9516249226041085,0.11497784724284033,-0.9290738822627745,1.3241249650862474,0.4470866002977665
0.9407586114931897,0.23262083035002024,0.5428853713503535,-0.7292276414944004,1.9588061507499728,-0.43799283705452724,-1.2150187835164943,0.9301743699487857,0.7821430023276118,0.7050069532407564,-1.043455940093678,-2.2367031338760426
2.0541977791877564,0.31212069926427205,1.5849688321898683,-0.9775558656836805,-0.703014423866548,-1.071231882347867,-1.2540991327060345,-0.7258090074977445,-1.753084586994528,-1.5311036637640756,-0.1133348702015644,0.4470866002977665
0.050007277337537445,-0.5623778587925017,0.28236450614047515,-0.8782245760079684,-0.9923427471944305,-0.24802112346652536,-0.257550228372761,-1.4785287245189023,-1.0859194319097536,-1.0150781367629604,1.070455582388399,0.4470866002977665
-1.9541832245126805,-0.8008774655352581,0.021843640930596212,-0.8037261087511844,-0.008626447879629403,-0.881260168759865,-1.156398259732184,-1.655417858018863,0.11497784724284033,-1.1870866457633324,1.1550120432876818,0.4470866002977665
-0.5067123065097453,-1.277876679020771,1.150767390173404,1.9030515349119674,0.2228362107826765,2.1582872486481652,0.7389986759605125,1.110827102033877,0.24841087825979224,1.6510537527428006,-0.28244779200013,0.4470866002977665
-1.9541832245126805,0.07362109252151577,-0.49919808948916117,-0.7788932863322565,3.1739851087270794,-1.134555786877201,-1.3713401802746548,0.6667224689914097,1.0490090643615215,0.36098993524001355,-1.212568861892245,-2.2367031338760426
0.49538294441536407,-1.1983768101065189,-0.3255175126825752,2.6232033850608794,0.10710488145152376,-0.3746689325251933,0.2895746602808009,1.6828940869699434,-2.1533836800453927,-0.6710611187622172,-1.6353511663886604,0.4470866002977665
-1.0634318903570281,-0.7213775966210059,-0.6728786662957469,0.01575703107343951,-0.18222344187635914,-1.3245275004652028,0.035552390548790044,-0.49622949380629183,-1.8865176180114829,1.0490239712415002,-0.5361171746979798,0.4470866002977665
-0.8407440568181148,-0.4828779898782494,1.150767390173404,2.6977018523176635,0.5121645341105594,0.5118657308854823,0.9148602473134431,1.5474045379061667,-0.552187307841934,0.016972917239269796,-1.212568861892245,0.4470866002977665
0.6067268611848202,1.7431183397208114,-2.1491635691517263,-0.5802307069808325,2.190268809412278,-0.6912884551718631,-1.4885812278432753,0.9678103557998812,1.0490090643615215,0.7050069532407564,0.055778051597001166,-2.2367031338760426
0.49538294441536407,-0.9598772033637624,-0.06499664747269676,1.9527171797498237,0.2807018754482531,1.113442823914155,2.126351072189187,1.7581660586720924,-0.552187307841934,-0.15503559176110207,-1.2971253227915278,0.4470866002977665
-1.0634318903570281,-0.7213775966210059,-0.23867722427928223,-0.9527230432647524,-0.8187457531977007,1.018456967120154,-0.5897331964838521,-1.9979053292634767,-0.01845518377411456,-1.1010823912631464,1.66235080868338,0.4470866002977665
-0.061336639431918714,-0.8803773344495102,0.8034062365602325,0.6862432363844956,-0.9344770825288539,1.2717525852374898,1.0907218186663736,-0.010725276327640537,-0.01845518377411456,-2.0471291907651907,0.6476732778919837,0.4470866002977665
1.0521025282626468,0.39162056817852425,1.9323299858030403,1.9775500021687515,0.04923921678594718,2.0316394395894974,0.36773535865988116,1.5022413548848939,-1.8865176180114829,-0.49905260976184534,-1.2971253227915278,0.4470866002977665
-0.3953683897402892,-0.2443783831354927,0.977086813366818,0.8104073484791353,-0.24008910654193572,1.8416677260014955,1.481525310561775,0.6366136803105333,-0.552187307841934,-0.24103984626128802,-1.043455940093678,0.4470866002977665
-0.3953683897402892,0.23262083035002024,-0.9333995315056256,-0.9775558656836805,0.2807018754482531,-0.31134502799585934,-0.15984935539891063,-0.21395959992334726,0.6487099713106569,0.36098993524001355,-1.2971253227915278,0.4470866002977665
2.3882295294961247,2.617616897777585,-0.6728786662957469,-0.45606659488619244,2.7110597914024677,-1.134555786877201,-1.6058222754118956,2.2097978888847787,0.3818439092767471,0.7050069532407564,-0.7897865573958297,-2.2367031338760426
0.7180707779542764,-0.32387825204974496,-0.49919808948916117,2.2258782263580317,0.10710488145152376,0.8918091580614861,1.5401458343460852,1.6828940869699434,0.7821430023276118,-0.06903133726091613,-0.7052300964965453,0.4470866002977665
0.1613511941069936,-0.7213775966210059,0.19552421773718215,-0.5305650621429765,-0.8766114178632773,1.0817808716494879,0.6412978029866622,-1.5161647103699558,-0.48547079233345813,-1.1010823912631464,1.7469072695826628,0.4470866002977665
0.3840390276459069,-0.5623778587925017,0.28236450614047515,2.5983705626419513,0.10710488145152376,0.4485418263561483,1.0516414694768335,1.6452581011188896,-1.2860689784351873,-0.7570653732624032,-1.3816817836908106,0.4470866002977665
-1.9541832245126805,-0.7213775966210059,1.3244479669799898,0.31375090010057555,1.0329555161007482,0.6385135399441502,1.3056637392088444,-0.11610603671062433,-0.21860473029954836,-0.7570653732624032,-0.7616010704294036,0.4470866002977665
-0.3953683897402892,0.4711204370927765,-0.5860383778924542,-0.7292276414944004,0.917224186769595,-0.5013167415838612,-0.0035279586407500917,0.2527266246297772,0.6487099713106569,0.2749856807398276,-1.043455940093678,0.4470866002977665
0.3840390276459069,0.7096200438355332,-0.5860383778924542,0.43791501219521556,0.570030198776136,0.6385135399441502,0.895320072718673,0.403270568033992,-0.15188821479106943,-0.8430696277625891,-0.6206736355972626,0.4470866002977665
0.27269511087645076,-0.16487851422124092,-1.1070801083122115,0.8104073484791353,-0.3558204358730885,0.6385135399441502,1.168882517045454,0.9452287642892239,-0.4187542768249792,-0.15503559176110207,-1.2971253227915278,0.4470866002977665
-0.952087973587572,-0.8008774655352581,0.6297256597536466,-0.8533917535890405,-0.5294174298698182,0.3852179218268143,0.035552390548790044,-1.5839094849018442,-0.15188821479106943,-0.6710611187622172,1.1550120432876818,0.4470866002977665
-0.061336639431918714,0.153120961435768,2.713892581432676,0.6365775915466395,-0.5872830945353948,0.9551330625908201,0.23095413649649071,-0.9403341268487589,0.048261331734361396,-0.6710611187622172,2.3388024958776454,0.4470866002977665
-0.28402447297083205,0.789119912749785,-0.3255175126825752,-0.5802307069808325,-0.8766114178632773,-0.3746689325251933,-0.6874340694577025,-1.1548592461998153,-1.1526359474182326,-1.4450994092638898,0.901342660589832,0.4470866002977665
-0.7294001400486586,0.23262083035002024,1.8454896973997472,0.33858372251950347,-0.06649211254520598,2.0316394395894974,1.2861235646140743,0.33176219491697323,-0.2853212458080243,-0.5850568642620313,-0.8743430182951124,0.4470866002977665
-1.3974636406653975,-0.5623778587925017,-0.06499664747269676,-0.9030573984268965,-1.050208411860007,-0.3746689325251933,-0.43341179972569155,-1.5989638792422824,0.9822925488530455,-0.6710611187622172,1.4932378868848144,0.4470866002977665
0.050007277337537445,-1.1188769411922665,0.19552421773718215,-0.23257119311584049,-0.8187457531977007,-0.881260168759865,0.13325326352264039,-0.19890520558295086,-0.21860473029954836,-1.0150781367629604,-0.028778409302281614,0.4470866002977665
-0.6180562232792015,-0.005878776392736454,1.6718091205931613,0.21441961042486346,-0.5872830945353948,0.7018374444734842,-0.17938952999368069,-0.7672085919338869,-0.2853212458080243,0.18898142623964168,1.070455582388399,0.4470866002977665
2.0541977791877564,-0.9598772033637624,-0.06499664747269676,0.01575703107343951,-1.16593974119116,0.19524620823881242,-0.0035279586407500917,-0.5677378669233106,-1.8865176180114829,-0.32704410076147394,0.4785603560934166,0.4470866002977665
2.2768856127266686,2.7766166356060893,-1.1939203967155043,-0.4808994173051205,1.6694778274220898,-1.6411470231118728,-2.0943266402811473,1.3818062001615137,0.448560424785226,0.36098993524001355,-0.19789133110084717,-2.2367031338760426
0.050007277337537445,-1.1983768101065189,-0.41235780108586817,0.5869119467087834,-0.06649211254520598,-0.05804940987852345,1.9504895008362566,0.8624295954168973,1.0490090643615215,0.6190026987405703,-0.45156071379869706,0.4470866002977665
0.9407586114931897,1.981617946463568,-1.0202398199089184,-0.7043948190754724,1.9009404860843961,-1.007907977818533,-0.2966305775623011,0.8549023982466782,0.7154264868191358,0.2749856807398276,-0.9588994791943952,-2.2367031338760426
-0.17268055620137587,-0.4828779898782494,-1.1070801083122115,-0.8782245760079684,0.4542988694449828,-1.134555786877201,0.32865500947034104,-0.16126921973185535,-0.7523368543673679,-0.7570653732624032,-0.9588994791943952,0.4470866002977665
0.1613511941069936,1.34561899514955,-0.23867722427928223,-0.5305650621429765,1.1486868454319015,-1.5778231185825387,-2.0357061164968373,1.0882455105232614,0.11497784724284033,0.18898142623964168,-0.28244779200013,-2.2367031338760426
-1.6201514742043108,0.23262083035002024,-0.41235780108586817,-0.6795619966565444,-1.5709993938501956,0.005274494650810516,-0.02306813323552016,-1.7833802099124623,2.1831898280056365,-0.15503559176110207,2.000576652280513,0.4470866002977665
0.8294146947237335,2.0611178153778194,-0.8465592431023328,-0.8533917535890405,1.2065525100974779,-1.7044709276412067,-2.1724873386602277,0.24519942745955808,-0.4187542768249792,0.2749856807398276,-0.7052300964965453,-2.2367031338760426
-0.6180562232792015,-0.4828779898782494,1.9323299858030403,0.4130821897762874,-0.5872830945353948,1.7783438214721616,2.2240519451630374,0.5914504972893023,-1.2860689784351873,-0.7570653732624032,-1.5507947054893763,0.4470866002977665
2.2768856127266686,-0.7213775966210059,1.5849688321898683,1.3567294416955515,-0.008626447879629403,1.335076489766824,1.4619851359670049,1.7958020445231462,0.5819934558021809,-0.5850568642620313,-0.36700425289941424,0.4470866002977665
1.6088221121099298,0.07362109252151577,0.36920479454376764,1.6795561331416153,-1.1080740765255834,-1.7677948321705406,-1.4495008786537351,0.17369105434253934,-1.3527854939436634,-1.4450994092638898,0.9858991214891163,0.4470866002977665
0.9407586114931897,1.9021180775493158,0.36920479454376764,-0.6795619966565444,1.4958808334253602,-0.6279645506425292,-1.0586973867583338,1.3065342284593644,0.18169436275131629,0.4469941897401995,-1.212568861892245,-2.2367031338760426
0.8294146947237335,-0.5623778587925017,-0.06499664747269676,-0.8782245760079684,-0.41368610053866506,-1.007907977818533,-0.3552511013466113,-0.3870851348382194,0.24841087825979224,0.18898142623964168,-0.19789133110084717,0.4470866002977665
1.6088221121099298,-0.4828779898782494,0.7165659481569395,-0.7292276414944004,-0.41368610053866506,-1.7044709276412067,-2.1529471640654574,-0.025779670668078732,0.31512739376827115,1.7370580072429866,1.5777943477840972,-2.2367031338760426
2.1655416959572125,2.25986748766345,0.890246524963525,0.7359088812223515,2.190268809412278,-0.05804940987852345,-0.21846987918322083,2.2097978888847787,0.31512739376827115,0.5329984442403845,-1.1280124009929609,-2.2367031338760426
-0.8407440568181148,1.266119126235298,-0.8465592431023328,-0.9775558656836805,-0.24008910654193572,-1.134555786877201,-0.43341179972569155,-0.1800872126573822,-0.552187307841934,-0.4130483552616594,-1.212568861892245,0.4470866002977665
0.3840390276459069,1.5841186018923068,-0.41235780108586817,-0.40640095004833654,2.4217314680745847,-1.5144992140532048,0.2895746602808009,0.177454652927628,-1.4195020094521422,0.10297717173945574,-1.5507947054893763,0.4470866002977665
0.8294146947237335,1.8226182086350635,-0.41235780108586817,-0.7540604639133285,2.363865803409008,-0.5013167415838612,0.5240567554180418,0.9151199756083892,0.24841087825979224,0.7050069532407564,-0.7897865573958297,-2.2367031338760426
-0.17268055620137587,0.23262083035002024,-1.8018024155385546,-0.8782245760079684,0.04923921678594718,-0.12137331440785742,-0.042608307830290224,-0.12363323388080165,-0.08517169928259348,-0.8430696277625891,-0.9588994791943952,0.4470866002977665
2.2768856127266686,-0.40337812096399717,0.28236450614047515,0.43791501219521556,-1.1080740765255834,-0.6279645506425292,0.8171593743395927,0.39197977227868425,-0.9524864008927987,-0.06903133726091613,-0.028778409302281614,0.4470866002977665
0.9407586114931897,-0.7213775966210059,0.4560450829470606,-0.8782245760079684,0.4542988694449828,-0.6279645506425292,0.6412978029866622,-0.34944914898716567,-0.15188821479106943,0.18898142623964168,-0.19789133110084717,0.4470866002977665
-1.2861197238959414,-0.32387825204974496,-0.3255175126825752,1.8285530676551836,-0.18222344187635914,1.5250482033548258,0.9734807710977532,1.231262256757257,0.3818439092767471,-0.7570653732624032,-1.1280124009929609,0.4470866002977665
-0.28402447297083205,-0.5623778587925017,-0.41235780108586817,1.9030515349119674,0.2807018754482531,0.8284852535321521,1.2079628662349942,1.5398773407359476,1.3158751263954314,-0.7570653732624032,-0.7897865573958297,0.4470866002977665
-0.061336639431918714,0.5506203060070287,0.10868392933388919,0.8849058157359195,-0.24008910654193572,0.32189401729748035,0.6217576283918921,-0.27417717728505825,1.0490090643615215,-1.3590951547637042,1.1550120432876818,0.4470866002977665
-1.8428393077432244,2.1803676187491976,-2.062323280748433,0.5372463018709274,-0.24008910654193572,0.19524620823881242,0.4849764062285016,0.21509063877872348,0.7821430023276118,0.5329984442403845,-0.7897865573958297,0.4470866002977665
0.7180707779542764,-0.4828779898782494,0.28236450614047515,-0.9030573984268965,0.4542988694449828,0.19524620823881242,1.0907218186663736,0.1548730614170125,-0.8190533698758439,0.016972917239269796,-0.9588994791943952,0.4470866002977665
-0.28402447297083205,-0.5623778587925017,0.890246524963525,0.9345714605737753,-0.703014423866548,-0.12137331440785742,0.5435969300128118,0.4785425397360994,-0.01845518377411456,0.9630197167413141,-0.6206736355972626,0.4470866002977665
-0.061336639431918714,1.0276195194925417,-1.1070801083122115,1.7043889555605436,0.16497054611709994,-0.31134502799585934,0.11371308892787031,1.34417021431046,0.048261331734361396,-0.24103984626128802,-1.2971253227915278,0.4470866002977665
0.27269511087645076,0.39162056817852425,0.4560450829470606,0.18958678800593554,-0.5872830945353948,-0.31134502799585934,-0.43341179972569155,-0.9516249226041085,-1.9532341335199588,0.7050069532407564,1.5777943477840972,0.4470866002977665
-0.061336639431918714,1.5046187329780547,-2.322844145958312,-0.8533917535890405,2.1324031447467027,-0.7546123597011971,-1.3908803548694249,0.7043584548424634,0.8488595178360907,2.3390877887442882,-0.9588994791943952,-2.2367031338760426
-0.952087973587572,2.2996174221205763,-1.628121838731969,-0.7788932863322565,0.10710488145152376,-1.261203595935869,-0.863295640810633,-0.4698843037105459,1.3158751263954314,-0.24103984626128802,-0.19789133110084717,0.4470866002977665
0.49538294441536407,0.789119912749785,-0.5860383778924542,-0.7788932863322565,1.0329555161007482,-0.8179362642305311,-1.429960704058965,0.629086483140356,0.9822925488530455,0.9630197167413141,-0.19789133110084717,-2.2367031338760426
-1.8428393077432244,0.6698701093784071,-2.062323280748433,-0.9030573984268965,-0.7608800885321242,-0.31134502799585934,-0.3552511013466113,-0.7258090074977445,1.8496072504632508,-1.3590951547637042,-0.028778409302281614,0.4470866002977665
-0.952087973587572,1.981617946463568,-2.670205299571484,-0.6795619966565444,1.785209156753243,-1.5778231185825387,-2.1724873386602277,0.3279985963318846,2.4500558900395464,0.2749856807398276,0.7322297387912664,-2.2367031338760426
0.49538294441536407,-0.4828779898782494,0.5428853713503535,-0.5802307069808325,0.10710488145152376,-0.43799283705452724,0.23095413649649071,-0.9591521197742858,-1.2193524629267085,0.18898142623964168,0.4785603560934166,0.4470866002977665
-0.3953683897402892,1.5046187329780547,-2.670205299571484,-0.7788932863322565,0.8014928574384419,-0.6279645506425292,-1.8012240213595963,-0.15374202256167804,1.449308157412386,0.36098993524001355,1.4086814259855318,-2.2367031338760426
1.3861342785710153,-0.8803773344495102,1.5849688321898683,-0.35673530521048047,0.5121645341105594,-1.071231882347867,-0.2380100537779909,-0.4247211206892731,-0.21860473029954836,-1.3590951547637042,0.7322297387912664,0.4470866002977665
0.6067268611848202,-0.16487851422124092,-0.5860383778924542,1.2325653296009116,0.570030198776136,-0.3746689325251933,-0.10122883161460043,0.655431673236102,-0.48547079233345813,-0.4130483552616594,0.22489097339556824,0.4470866002977665
-0.3953683897402892,-0.5623778587925017,0.36920479454376764,0.6862432363844956,-0.9923427471944305,0.32189401729748035,0.2895746602808009,-0.04836126217869424,-0.21860473029954836,-1.1870866457633324,-0.1133348702015644,0.4470866002977665
-0.3953683897402892,0.4711204370927765,-2.062323280748433,-0.8782245760079684,-0.008626447879629403,1.7150199169428277,0.46543623163373155,-0.650537035795637,-0.3520377613165032,-1.1010823912631464,-0.5361171746979798,0.4470866002977665
-0.7294001400486586,-0.40337812096399717,-0.8465592431023328,-0.23257119311584049,-1.050208411860007,-0.43799283705452724,0.09417291433310024,-0.9139889367530131,-1.0859194319097536,-1.4450994092638898,0.055778051597001166,0.4470866002977665
0.1613511941069936,1.107119388406794,-0.5860383778924542,-0.5553978845619044,-0.47155176520424164,-0.43799283705452724,-0.6483537202681623,-1.9979053292634767,-1.8865176180114829,-1.1010823912631464,2.3388024958776454,0.4470866002977665
1.2747903618015592,1.107119388406794,0.28236450614047515,0.8352401708980637,-0.6451487592009714,0.13192230370947847,1.8723288024571763,1.3818062001615137,0.5819934558021809,1.135028225741686,-0.7897865573958297,0.4470866002977665
0.1613511941069936,0.07362109252151577,0.8034062365602325,-0.8533917535890405,-0.8187457531977007,-1.134555786877201,-0.7069742440524726,0.177454652927628,1.3158751263954314,0.7910112077409422,-0.19789133110084717,0.4470866002977665
-0.28402447297083205,-1.1983768101065189,0.5428853713503535,-0.9030573984268965,-0.703014423866548,0.8918091580614861,0.09417291433310024,-1.6140182735827207,-0.21860473029954836,0.016972917239269796,1.4932378868848144,0.4470866002977665
0.6067268611848202,-0.6418777277067537,0.10868392933388919,1.0587355726684153,-0.5872830945353948,1.4617242988254917,1.3838244375879247,1.005446341650935,-1.2193524629267085,0.4469941897401995,-0.7897865573958297,0.4470866002977665
0.1613511941069936,0.23262083035002024,0.021843640930596212,0.06542267591129555,-0.9344770825288539,0.32189401729748035,0.38727553325465125,-0.8537713593913439,0.8488595178360907,-0.32704410076147394,1.4086814259855318,0.4470866002977665
0.1613511941069936,-1.1983768101065189,0.4560450829470606,-0.9278902208458244,-0.2979547712075123,-0.6279645506425292,-0.5897331964838521,-0.5376290782424342,-0.4187542768249792,-0.7570653732624032,0.309447434294851,0.4470866002977665
-0.952087973587572,1.34561899514955,-1.8886427039418476,-0.8037261087511844,1.7273434920876665,-0.8179362642305311,-1.762143672170056,0.03443790669363227,1.516024672920865,0.2749856807398276,0.4785603560934166,-2.2367031338760426
-1.5088075574348547,-1.0791270067351406,-0.15183693587598973,-1.0272215105215365,-0.2979547712075123,-0.6912884551718631,-1.0391572121635637,-1.0570056829870504,0.3818439092767471,-0.24103984626128802,-0.6206736355972626,0.4470866002977665
0.8294146947237335,0.6301201749212809,0.28236450614047515,1.2573981520198394,0.4542988694449828,0.2585701127681464,1.1298021678559138,1.3065342284593644,0.24841087825979224,0.7910112077409422,-0.36700425289941424,0.4470866002977665
-0.28402447297083205,-1.0393770722780147,-0.06499664747269676,0.36341654493843156,-0.008626447879629403,0.5751896354148163,2.5562349132741287,0.629086483140356,0.448560424785226,0.10297717173945574,-0.5361171746979798,0.4470866002977665
-0.061336639431918714,-1.1983768101065189,-0.06499664747269676,1.1580668623441275,0.5121645341105594,1.208428680708156,1.2665833900193042,1.457078171863621,1.1157255798700003,-1.1010823912631464,-0.8743430182951124,0.4470866002977665
0.27269511087645076,2.7766166356060893,0.19552421773718215,-0.6050635293997605,1.1486868454319015,0.19524620823881242,-0.3552511013466113,0.07960108971490507,0.31512739376827115,2.3390877887442882,1.8314637304819472,-2.2367031338760426
-0.28402447297083205,-0.005878776392736454,0.021843640930596212,1.2325653296009116,-0.47155176520424164,-1.3245275004652028,1.0711816440716035,0.5161785255871532,1.582741188429341,0.36098993524001355,0.6476732778919837,0.4470866002977665
1.163446445032103,2.4586171599490805,0.36920479454376764,-0.5305650621429765,2.190268809412278,-0.1846972189371914,-1.3322598310851146,1.1559902850551498,0.5819934558021809,0.9630197167413141,0.14033451249628545,-2.2367031338760426
2.1655416959572125,-0.32387825204974496,0.28236450614047515,1.4312279089523352,-1.1080740765255834,-0.7229504074365302,0.895320072718673,1.0393187289168582,-0.6189038233504129,-0.24103984626128802,-0.028778409302281614,0.4470866002977665
1.831509945648842,1.266119126235298,-0.3255175126825752,-0.6547291742376166,0.39643320477940625,-1.071231882347867,-1.8012240213595963,0.463488145395703,-0.2853212458080243,2.5110962977446603,0.4785603560934166,-2.2367031338760426
-0.061336639431918714,-0.5623778587925017,0.7165659481569395,-0.9030573984268965,0.8593585221040185,-0.8179362642305311,0.309114834875571,-0.4247211206892731,0.5819934558021809,-0.24103984626128802,-0.19789133110084717,0.4470866002977665
0.050007277337537445,-0.5623778587925017,-0.06499664747269676,0.43791501219521556,-0.5294174298698182,0.3852179218268143,0.09417291433310024,0.1624002585872316,-0.15188821479106943,-1.0150781367629604,-0.6206736355972626,0.4470866002977665
-0.17268055620137587,-0.8008774655352581,2.1060105626096264,2.3997079832905275,0.2807018754482531,0.19524620823881242,0.7585388505552826,1.5511681364912553,-1.9532341335199588,-0.5850568642620313,-1.212568861892245,0.4470866002977665
-1.2861197238959414,0.07362109252151577,0.021843640930596212,-0.5553978845619044,0.04923921678594718,-0.3746689325251933,0.6412978029866622,-1.2263676193167923,1.449308157412386,1.9090665162433584,1.3241249650862474,0.4470866002977665
-0.17268055620137587,-0.16487851422124092,0.10868392933388919,-0.7788932863322565,-0.9344770825288539,-0.8179362642305311,0.1918737873069506,-1.12098685893385,-1.1526359474182326,0.9630197167413141,0.4785603560934166,0.4470866002977665
0.27269511087645076,-0.8008774655352581,0.28236450614047515,-0.9527230432647524,-0.12435777721078256,-0.3746689325251933,-0.7851349424315528,-0.7258090074977445,0.18169436275131629,-0.9290738822627745,0.5631168169927009,0.4470866002977665
0.49538294441536407,2.538117028863333,-2.062323280748433,-0.6298963518186885,2.4217314680745847,-1.261203595935869,-1.6253624500066657,1.4947141577146748,1.3825916419039102,2.1670792797439162,-0.7897865573958297,-2.2367031338760426
1.6088221121099298,-0.005878776392736454,0.021843640930596212,-0.9899722768931444,-1.5709993938501956,1.335076489766824,0.5435969300128118,-1.3355119782848646,-1.9532341335199588,-1.6171079182642616,0.7322297387912664,0.4470866002977665
0.1613511941069936,1.0276195194925417,-0.3255175126825752,0.8600729933169916,0.5121645341105594,1.8416677260014955,0.7780790251500526,-0.51128388814673,-0.4187542768249792,-1.2730909002635182,0.9858991214891163,0.4470866002977665
0.27269511087645076,0.153120961435768,-0.23867722427928223,-0.8782245760079684,-0.8187457531977007,-0.31134502799585934,-0.21846987918322083,-0.5526834725828724,0.3818439092767471,0.5329984442403845,-0.028778409302281614,0.4470866002977665
0.050007277337537445,-1.5163762857635275,-1.0202398199089184,-0.0090757913454884,0.39643320477940625,-0.24802112346652536,0.13325326352264039,0.5161785255871532,0.448560424785226,-0.8430696277625891,-1.043455940093678,0.4470866002977665
-0.061336639431918714,-0.8008774655352581,2.713892581432676,0.33858372251950347,-0.3558204358730885,-1.5144992140532048,-0.21846987918322083,-0.13116043105102074,-1.753084586994528,0.7050069532407564,-0.36700425289941424,0.4470866002977665
0.050007277337537445,0.39162056817852425,0.10868392933388919,1.2698145632293036,-0.18222344187635914,0.3852179218268143,0.21141396190172065,-0.15374202256167804,-0.8857698853843228,-1.5311036637640756,0.901342660589832,0.4470866002977665
0.6067268611848202,-1.0393770722780147,1.237607678576697,-0.08357425860227258,-0.41368610053866506,2.284935057706833,0.7389986759605125,-0.4623571065403268,-1.4195020094521422,-1.1010823912631464,-0.028778409302281614,0.4470866002977665
-1.2861197238959414,0.23262083035002024,-0.8465592431023328,0.4130821897762874,-0.47155176520424164,1.208428680708156,0.9148602473134431,0.06454669537446688,0.448560424785226,0.9630197167413141,-0.5361171746979798,0.4470866002977665
-0.6180562232792015,1.266119126235298,0.8034062365602325,-0.6298963518186885,1.3222838394286303,-1.4511753095238709,-1.9770855927125268,0.8925383840977319,2.2499063435141156,1.9090665162433584,-0.028778409302281614,-2.2367031338760426
0.49538294441536407,-0.2443783831354927,1.6718091205931613,1.7788874228173273,0.04923921678594718,1.0817808716494879,0.035552390548790044,1.2688982426083109,-1.4195020094521422,-0.5850568642620313,-1.3816817836908106,0.4470866002977665
0.3840390276459069,-0.005878776392736454,-0.49919808948916117,0.4254986009857516,-0.9344770825288539,-0.05804940987852345,0.34819518406511113,-0.5602106697530915,-2.1533836800453927,-1.1870866457633324,0.3940038951941338,0.4470866002977665
-1.0634318903570281,-0.16487851422124092,-0.8465592431023328,-0.9030573984268965,0.39643320477940625,0.7018374444734842,0.9344004219082132,-0.9516249226041085,0.6487099713106569,-0.6710611187622172,0.3940038951941338,0.4470866002977665
1.7201660288793859,2.7766166356060893,-0.9333995315056256,-0.7043948190754724,2.8267911207336205,-0.5013167415838612,-0.14030918080414057,1.2801890383636603,-0.6189038233504129,-0.24103984626128802,-1.212568861892245,-2.2367031338760426
-0.7294001400486586,-0.6418777277067537,0.19552421773718215,-0.8533917535890405,-0.703014423866548,-1.007907977818533,-0.2966305775623011,-1.1021688660083233,0.6487099713106569,-0.7570653732624032,0.4785603560934166,0.4470866002977665
-1.1747758071264842,-0.4828779898782494,-0.49919808948916117,1.5802248434659036,0.2228362107826765,-0.05804940987852345,0.8757798981239029,1.1559902850551498,0.11497784724284033,-0.5850568642620313,-0.9588994791943952,0.4470866002977665
-1.3974636406653975,-0.5623778587925017,1.4112882553832824,0.33858372251950347,1.2065525100974779,0.2585701127681464,1.2079628662349942,-0.00696167774255188,-0.7523368543673679,-0.4130483552616594,-0.7475083269461875,0.4470866002977665
-0.3953683897402892,1.6636184708065591,1.150767390173404,1.8037202452362553,-0.008626447879629403,1.4617242988254917,2.438993865705508,1.34417021431046,0.24841087825979224,0.2749856807398276,-1.1280124009929609,0.4470866002977665
-0.17268055620137587,-0.5623778587925017,0.28236450614047515,-0.5553978845619044,-0.06649211254520598,2.1266252963834984,1.9211792389441016,-0.19890520558295086,0.515276940293702,0.6190026987405703,-0.7897865573958297,0.4470866002977665
1.163446445032103,2.8561165045203416,-0.06499664747269676,-0.7292276414944004,0.6857615281072887,0.4485418263561483,-1.136858085137414,0.7043584548424634,0.24841087825979224,0.4469941897401995,-0.36700425289941424,-2.2367031338760426
2.610917363035039,0.789119912749785,0.7165659481569395,-0.6795619966565444,0.917224186769595,-1.1978796914065348,-1.742603497575286,1.6828940869699434,0.24841087825979224,1.221032480241872,-0.36700425289941424,-2.2367031338760426
-1.2861197238959414,-1.1188769411922665,-0.06499664747269676,-0.8782245760079684,-0.6451487592009714,1.5250482033548258,0.1918737873069506,-1.139804851859377,0.448560424785226,-1.1010823912631464,0.5631168169927009,0.4470866002977665
-1.0634318903570281,0.153120961435768,-0.41235780108586817,0.04058985349236742,0.16497054611709994,-0.944584073289199,-0.02306813323552016,0.08712828688512417,-0.48547079233345813,-0.8430696277625891,-1.212568861892245,0.4470866002977665
0.9407586114931897,-0.8008774655352581,1.5849688321898683,-0.8906409872174325,0.2228362107826765,-1.5778231185825387,-1.410420529464195,-1.0645328801572695,-0.48547079233345813,-1.961124936265005,0.6476732778919837,0.4470866002977665
-0.6180562232792015,-0.16487851422124092,-0.8465592431023328,1.1704832735535915,-0.41368610053866506,0.32189401729748035,-0.02306813323552016,-0.22148679709356636,-1.5529350404690943,-1.4450994092638898,0.2530764603619673,0.4470866002977665
1.4974781953404734,2.4188672254919545,-0.7597189546990398,-0.5802307069808325,2.248134474077855,-1.5778231185825387,-1.9770855927125268,1.6076221152678358,0.24841087825979224,0.8770154622411283,-1.1280124009929609,-2.2367031338760426
-1.2861197238959414,-0.16487851422124092,-0.8465592431023328,-0.5802307069808325,-1.3395367351878895,-1.1978796914065348,-0.0035279586407500917,-1.7043446396252662,1.1157255798700003,2.425092043244474,2.8461412612733437,0.4470866002977665
-1.5088075574348547,2.4586171599490805,-2.409684434361605,-0.8533917535890405,1.8430748214188195,-1.5778231185825387,-2.0943266402811473,0.3957433708637729,2.9170714985988897,0.9630197167413141,-0.45156071379869706,-2.2367031338760426
-0.17268055620137587,-1.277876679020771,-0.06499664747269676,0.09025549833022346,0.10710488145152376,0.5751896354148163,0.13325326352264039,0.10218268122552057,1.1824420953784764,-1.0150781367629604,-0.7897865573958297,0.4470866002977665
-0.061336639431918714,-0.8803773344495102,-0.23867722427928223,-0.9278902208458244,-0.008626447879629403,0.32189401729748035,0.7585388505552826,-0.12363323388080165,-0.21860473029954836,-0.6710611187622172,-1.2971253227915278,0.4470866002977665
-1.0634318903570281,-0.8008774655352581,0.28236450614047515,-0.7292276414944004,-0.3558204358730885,2.0316394395894974,0.05509256514356011,-1.2828215980934146,1.449308157412386,-0.7570653732624032,0.6476732778919837,0.4470866002977665
-0.6180562232792015,-0.40337812096399717,-0.06499664747269676,-0.6795619966565444,-1.3395367351878895,0.13192230370947847,0.27003448568603083,-0.7258090074977445,-0.08517169928259348,-0.32704410076147394,-0.028778409302281614,0.4470866002977665
-0.28402447297083205,0.8686197816640372,-0.3255175126825752,0.9097386381548473,1.1486868454319015,-0.43799283705452724,0.5435969300128118,0.3279985963318846,-0.4187542768249792,0.5329984442403845,0.5631168169927009,-2.2367031338760426
0.9407586114931897,0.7096200438355332,-0.41235780108586817,1.1332340399251994,0.6278958634417122,0.06859839918014449,1.1298021678559138,0.5914504972893023,-1.2193524629267085,-0.6710611187622172,0.22489097339556824,0.4470866002977665
-1.2861197238959414,-0.16487851422124092,-0.41235780108586817,-0.8037261087511844,0.8593585221040185,-1.7677948321705406,-2.1334069894706875,-0.9139889367530131,1.1157255798700003,0.2749856807398276,2.4233589567769283,-2.2367031338760426
1.163446445032103,-0.5623778587925017,-0.41235780108586817,-0.8037261087511844,-0.8766114178632773,0.32189401729748035,0.309114834875571,-0.28923157162545465,1.449308157412386,0.016972917239269796,-0.19789133110084717,0.4470866002977665
-1.9541832245126805,-1.1983768101065189,0.28236450614047515,-1.0272215105215365,-1.1080740765255834,-0.31134502799585934,-0.843755466215863,-0.8951709438274862,0.18169436275131629,0.016972917239269796,-0.45156071379869706,0.4470866002977665
-1.3974636406653975,-0.8008774655352581,0.5428853713503535,-0.10840708102120049,-0.47155176520424164,1.7150199169428277,0.38727553325465125,-0.22901399426378546,0.448560424785226,0.9630197167413141,-0.028778409302281614,0.4470866002977665
0.050007277337537445,-0.8008774655352581,-0.23867722427928223,0.6365775915466395,1.2644181747630545,0.8918091580614861,1.2665833900193042,1.005446341650935,0.7821430023276118,0.36098993524001355,-1.043455940093678,0.4470866002977665
-0.7294001400486586,-1.5163762857635275,0.4560450829470606,-0.7043948190754724,-0.24008910654193572,1.018456967120154,0.5045165808232717,-0.9516249226041085,0.31512739376827115,1.9950707707435444,0.6476732778919837,0.4470866002977665
0.27269511087645076,-0.8008774655352581,0.36920479454376764,2.3748751608715994,-0.008626447879629403,0.2585701127681464,1.1298021678559138,1.6076221152678358,-1.1526359474182326,-0.32704410076147394,-1.4662382445900934,0.4470866002977665
-0.061336639431918714,-0.6418777277067537,0.36920479454376764,0.4875806570330716,-1.050208411860007,0.8918091580614861,-0.08168865701983036,-0.5602106697530915,-2.820548835130167,0.2749856807398276,0.309447434294851,0.4470866002977665
-0.6180562232792015,-0.08537864530698869,-0.06499664747269676,-0.6671455854470805,-0.5872830945353948,-1.4511753095238709,1.755087754888556,-0.08599724802974795,-0.15188821479106943,0.9630197167413141,-0.6206736355972626,0.4470866002977665
0.8294146947237335,2.538117028863333,-1.9754829923451402,-0.7540604639133285,1.6116121627565132,-1.007907977818533,-1.8207641959543663,1.0430823275019885,0.6487099713106569,0.2749856807398276,-0.9588994791943952,-2.2367031338760426
1.4974781953404734,1.4251188640638024,1.0639271017701109,-0.6050635293997605,-0.703014423866548,0.06859839918014449,-0.08168865701983036,0.177454652927628,0.048261331734361396,-0.32704410076147394,0.055778051597001166,0.4470866002977665
-0.17268055620137587,-0.2443783831354927,0.28236450614047515,0.6365775915466395,-0.7608800885321242,0.19524620823881242,1.1102619932611437,1.1258814963743151,0.7154264868191358,-0.6710611187622172,-1.2971253227915278,0.4470866002977665
-0.3953683897402892,-0.9598772033637624,-0.23867722427928223,1.7043889555605436,-0.3558204358730885,1.4617242988254917,0.32865500947034104,0.3731617793531574,-0.2853212458080243,-1.1870866457633324,0.14033451249628545,0.4470866002977665
0.49538294441536407,-1.0393770722780147,-0.06499664747269676,0.9594042829927036,0.917224186769595,-0.31134502799585934,-0.3357109267518412,0.8172664123956246,-1.8865176180114829,0.4469941897401995,-1.1280124009929609,0.4470866002977665
-1.5088075574348547,-0.08537864530698869,-1.8018024155385546,0.36341654493843156,-0.2979547712075123,0.19524620823881242,0.42635588244419137,-0.04083406500847514,-0.552187307841934,-0.24103984626128802,-0.7052300964965453,0.4470866002977665
0.49538294441536407,-0.32387825204974496,-0.23867722427928223,-0.7788932863322565,-0.47155176520424164,0.8918091580614861,0.016012215954019974,-1.3166939853593378,-1.3527854939436634,-0.9290738822627745,1.070455582388399,0.4470866002977665
-0.3953683897402892,-0.8008774655352581,0.7165659481569395,-0.6547291742376166,-0.41368610053866506,0.005274494650810516,-0.3552511013466113,-0.6467734372105066,-0.01845518377411456,0.6190026987405703,0.22489097339556824,0.4470866002977665
-0.28402447297083205,1.107119388406794,-0.06499664747269676,0.09025549833022346,-0.703014423866548,-0.24802112346652536,0.8757798981239029,-1.019369697135997,-0.685620338858889,-0.4130483552616594,1.3241249650862474,0.4470866002977665
-0.7294001400486586,-0.08537864530698869,-0.9333995315056256,-0.30706966037262445,-0.5294174298698182,0.19524620823881242,0.23095413649649071,-0.8838801480721784,-1.4862185249606181,-1.1010823912631464,0.055778051597001166,0.4470866002977665
-0.3953683897402892,0.6301201749212809,0.6297256597536466,1.1828996847630553,0.2807018754482531,1.145104776178822,2.067730548404877,1.483423361959367,0.515276940293702,0.5329984442403845,-1.043455940093678,0.4470866002977665
1.6088221121099298,-0.6418777277067537,0.10868392933388919,-0.9030573984268965,-0.008626447879629403,1.7783438214721616,-0.14030918080414057,-0.808608176370071,-0.8190533698758439,0.36098993524001355,0.309447434294851,0.4470866002977665
-0.7294001400486586,2.8561165045203416,1.4981285437865755,1.9030515349119674,0.2228362107826765,1.6516960124134936,1.9895698500257968,1.4947141577146748,-0.3520377613165032,0.10297717173945574,-1.1280124009929609,0.4470866002977665
0.3840390276459069,-0.7213775966210059,0.5428853713503535,2.6232033850608794,-0.008626447879629403,2.474906771294835,1.6183065327251656,1.9049464034912187,0.18169436275131629,2.2530835342441025,-1.043455940093678,0.4470866002977665
0.7180707779542764,-0.8008774655352581,1.150767390173404,-0.7540604639133285,-0.703014423866548,-1.3245275004652028,-0.02306813323552016,-0.9892609084551622,-1.4195020094521422,1.6510537527428006,1.8314637304819472,0.4470866002977665
0.7180707779542764,-1.1983768101065189,0.890246524963525,-0.7540604639133285,-0.06649211254520598,-0.24802112346652536,0.602217453797122,-0.08599724802974795,-0.15188821479106943,0.18898142623964168,-0.45156071379869706,0.4470866002977665
-0.3953683897402892,-0.9598772033637624,0.19552421773718215,-0.7788932863322565,-0.7608800885321242,0.7018374444734842,0.5435969300128118,-0.7408634018381827,-0.48547079233345813,-1.2730909002635182,-0.36700425289941424,0.4470866002977665
-0.952087973587572,0.7096200438355332,-1.1070801083122115,1.0090699278305595,0.16497054611709994,-0.1530352666725244,2.712556310032289,0.9301743699487857,-0.21860473029954836,-0.06903133726091613,-1.5507947054893763,0.4470866002977665
2.1655416959572125,2.0213678809206934,0.28236450614047515,-0.4808994173051205,2.5953284620713144,-0.944584073289199,-0.15984935539891063,2.2097978888847787,1.0490090643615215,0.8770154622411283,-0.9588994791943952,-2.2367031338760426
0.7180707779542764,1.34561899514955,0.021843640930596212,-0.5305650621429765,1.2644181747630545,-1.7044709276412067,-2.055246291091607,1.1296450949594037,-0.01845518377411456,0.36098993524001355,-0.28244779200013,-2.2367031338760426
1.4974781953404734,-0.4828779898782494,0.19552421773718215,-0.6050635293997605,0.2807018754482531,-1.1978796914065348,-0.9414563391897133,0.04196510386385136,-2.2201001955538686,-0.24103984626128802,-0.9588994791943952,0.4470866002977665
-0.3953683897402892,0.23262083035002024,0.8034062365602325,0.7855745260602074,-0.12435777721078256,2.348258962236167,0.9734807710977532,0.3806889765233765,-0.48547079233345813,-0.06903133726091613,-0.9307139922279707,0.4470866002977665
-0.28402447297083205,-0.8008774655352581,1.4981285437865755,2.4493736281283836,0.10710488145152376,0.005274494650810516,1.4619851359670049,2.066781142650741,-1.8198011025030039,2.0810750252437304,-1.5507947054893763,0.4470866002977665
1.7201660288793859,-1.1188769411922665,1.5849688321898683,0.9594042829927036,-0.008626447879629403,-0.5013167415838612,-0.2380100537779909,0.2903626104808309,-2.2868167110623476,-1.4450994092638898,-0.1133348702015644,0.4470866002977665
0.8294146947237335,2.617616897777585,-0.8465592431023328,-0.6795619966565444,1.6694778274220898,0.06859839918014449,0.2504943110912608,0.629086483140356,0.31512739376827115,-0.49905260976184534,-0.6206736355972626,-2.2367031338760426
0.7180707779542764,-0.8008774655352581,0.36920479454376764,-0.9278902208458244,-0.41368610053866506,-1.5144992140532048,-0.277090402967531,-0.9516249226041085,-1.0859194319097536,-0.49905260976184534,0.5631168169927009,0.4470866002977665
-0.17268055620137587,0.07362109252151577,-1.1070801083122115,0.6365775915466395,-0.41368610053866506,2.538230675824169,2.0091100246205666,0.7419944406935172,-0.552187307841934,-0.8430696277625891,-1.4662382445900934,0.4470866002977665
-1.2861197238959414,2.379117291034828,-1.7149621271352617,-0.7788932863322565,1.0329555161007482,-0.8179362642305311,-1.8012240213595963,0.33928939208719233,2.1831898280056365,1.307036734742058,0.22489097339556824,-2.2367031338760426
0.3840390276459069,0.31212069926427205,-0.5860383778924542,-0.7292276414944004,1.0908211807663248,-0.1846972189371914,-1.410420529464195,0.6893040605020252,1.3825916419039102,0.2749856807398276,-0.5361171746979798,-2.2367031338760426
-1.0634318903570281,-0.5623778587925017,-0.3255175126825752,-0.7540604639133285,-0.008626447879629403,0.5751896354148163,0.9734807710977532,-0.04836126217869424,2.783638467581935,0.2749856807398276,-0.5361171746979798,0.4470866002977665
0.49538294441536407,-0.7213775966210059,-0.41235780108586817,0.9594042829927036,-1.2238054058567367,-0.5013167415838612,-0.15984935539891063,-0.31181316313611196,-1.619651555977573,-0.8430696277625891,0.6476732778919837,0.4470866002977665
-0.6180562232792015,-0.08537864530698869,0.6297256597536466,0.7110760588034234,-0.12435777721078256,0.2585701127681464,1.4033646121826948,0.5914504972893023,-0.8190533698758439,-1.1870866457633324,-1.3816817836908106,0.4470866002977665
-0.061336639431918714,-1.357376547935023,0.6297256597536466,-0.9775558656836805,-0.41368610053866506,-0.5646406461131952,-0.7655947678367827,-1.3166939853593378,-1.2860689784351873,0.2749856807398276,0.6476732778919837,0.4470866002977665
0.6067268611848202,-0.2443783831354927,0.7165659481569395,1.3070637968576952,-0.18222344187635914,1.7783438214721616,1.7355475802937859,1.231262256757257,-0.4187542768249792,1.0490239712415002,-0.8743430182951124,0.4470866002977665
-0.952087973587572,0.07362109252151577,-0.23867722427928223,0.4130821897762874,-1.5709993938501956,-0.12137331440785742,0.23095413649649071,-0.7709721905190173,-0.48547079233345813,-1.2730909002635182,0.6899515083416243,0.4470866002977665
-0.28402447297083205,-1.1983768101065189,-0.23867722427928223,-0.6050635293997605,-0.12435777721078256,0.5751896354148163,0.6412978029866622,-0.6881730216466908,1.0490090643615215,0.016972917239269796,0.6476732778919837,0.4470866002977665
-0.061336639431918714,0.7096200438355332,2.192850851012919,1.5553920210469754,-0.2979547712075123,0.5751896354148163,0.42635588244419137,1.34417021431046,-0.552187307841934,-0.4130483552616594,-1.6353511663886604,0.4470866002977665
0.050007277337537445,-0.2443783831354927,0.10868392933388919,-0.8037261087511844,-0.5872830945353948,-0.24802112346652536,0.15279343811741045,-0.0671792551042211,-0.15188821479106943,0.9630197167413141,-0.36700425289941424,0.4470866002977665
0.9407586114931897,-0.32387825204974496,0.28236450614047515,-0.8285589311701125,-0.12435777721078256,-0.24802112346652536,0.6608379775814321,-0.4623571065403268,-1.1526359474182326,-0.49905260976184534,-0.1133348702015644,0.4470866002977665
0.050007277337537445,-0.32387825204974496,1.4981285437865755,0.2889180776816474,-0.3558204358730885,1.8416677260014955,1.2470432154245341,0.6516680746509715,-0.15188821479106943,-0.06903133726091613,-1.043455940093678,0.4470866002977665
0.1613511941069936,0.23262083035002024,-0.9333995315056256,0.2889180776816474,0.8593585221040185,1.018456967120154,0.8562397235291329,0.2527266246297772,-0.3520377613165032,-0.7570653732624032,-0.5361171746979798,0.4470866002977665
2.4995734462655808,-0.2443783831354927,0.890246524963525,-0.9775558656836805,-0.3558204358730885,-1.071231882347867,-1.1954786089217242,-0.650537035795637,-1.753084586994528,-2.2191376997655627,-0.1133348702015644,0.4470866002977665
0.27269511087645076,1.0276195194925417,-0.23867722427928223,-0.3815681276294085,-0.008626447879629403,-0.5646406461131952,-0.15984935539891063,-0.7709721905190173,-0.08517169928259348,-1.1870866457633324,0.5631168169927009,0.4470866002977665
-0.17268055620137587,1.6636184708065591,-0.41235780108586817,0.18958678800593554,-0.5872830945353948,-0.24802112346652536,0.1918737873069506,-1.4785287245189023,-0.7523368543673679,-2.0471291907651907,2.000576652280513,0.4470866002977665
0.1613511941069936,0.31212069926427205,-0.5860383778924542,2.5983705626419513,0.39643320477940625,0.9551330625908201,1.5206056597513151,1.8334380303742,-0.685620338858889,-0.15503559176110207,-1.5507947054893763,0.4470866002977665
0.7180707779542764,0.07362109252151577,0.4560450829470606,-0.8285589311701125,-0.47155176520424164,0.06859839918014449,0.6803781521762022,-0.34944914898716567,0.048261331734361396,0.10297717173945574,0.5631168169927009,0.4470866002977665
0.49538294441536407,-0.16487851422124092,0.6297256597536466,-0.8037261087511844,0.8014928574384419,-1.3878514049945367,-1.762143672170056,1.0807183133530422,1.2491586108869552,0.18898142623964168,-0.9588994791943952,-2.2367031338760426
-0.3953683897402892,-1.1188769411922665,0.4560450829470606,-0.7540604639133285,-0.703014423866548,0.4485418263561483,-0.19892970458845077,-1.2677672037529764,-1.1526359474182326,0.2749856807398276,0.6476732778919837,0.4470866002977665
1.163446445032103,-1.357376547935023,1.5849688321898683,-0.8533917535890405,-0.7608800885321242,0.7018374444734842,-0.0035279586407500917,-0.4247211206892731,0.24841087825979224,-0.9290738822627745,-0.028778409302281614,0.4470866002977665
-0.8407440568181148,-0.32387825204974496,1.0639271017701109,0.7110760588034234,0.4542988694449828,1.0817808716494879,2.4194536911107383,0.629086483140356,-0.8190533698758439,0.016972917239269796,-1.3816817836908106,0.4470866002977665
-0.7294001400486586,-0.5623778587925017,-0.15183693587598973,2.176212581520175,-0.7608800885321242,1.3984003942961578,0.27003448568603083,0.655431673236102,-0.3520377613165032,-1.1010823912631464,-0.028778409302281614,0.4470866002977665
-0.17268055620137587,0.153120961435768,-0.23867722427928223,-0.9278902208458244,-0.9344770825288539,0.4485418263561483,0.21141396190172065,-1.8925245688805348,-0.21860473029954836,-0.8430696277625891,2.000576652280513,0.4470866002977665
0.27269511087645076,-0.6418777277067537,0.10868392933388919,0.8849058157359195,0.570030198776136,1.018456967120154,1.2861235646140743,0.629086483140356,-0.21860473029954836,-0.9290738822627745,-0.6206736355972626,0.4470866002977665
-0.7294001400486586,0.6301201749212809,-1.2807606851187971,-0.8782245760079684,1.8430748214188195,-1.261203595935869,-1.8989248943334467,0.5914504972893023,0.7821430023276118,0.4469941897401995,-1.1280124009929609,-2.2367031338760426
-0.6180562232792015,0.8686197816640372,1.3244479669799898,0.8600729933169916,0.10710488145152376,1.7150199169428277,1.168882517045454,0.38445257510846514,-0.2853212458080243,-0.4130483552616594,-0.7897865573958297,0.4470866002977665
-2.28821497482105,0.153120961435768,0.021843640930596212,-0.9278902208458244,-1.8603277171780783,0.5118657308854823,0.5826772792023519,-2.5586815184442773,0.7154264868191358,0.7050069532407564,2.8461412612733437,0.4470866002977665
-0.5067123065097453,-0.9598772033637624,-0.23867722427928223,-0.8782245760079684,-0.12435777721078256,-0.5646406461131952,-0.5897331964838521,-1.3355119782848646,-0.2853212458080243,0.016972917239269796,0.901342660589832,0.4470866002977665
-1.2861197238959414,0.39162056817852425,-0.41235780108586817,-0.40640095004833654,-0.5872830945353948,0.5751896354148163,0.6412978029866622,-1.0645328801572695,0.7821430023276118,0.36098993524001355,0.5631168169927009,0.4470866002977665
0.1613511941069936,-0.4828779898782494,1.5849688321898683,-0.4808994173051205,-1.050208411860007,-0.05804940987852345,-0.4724921489152317,-1.365620766965741,-0.6189038233504129,-1.0150781367629604,1.4086814259855318,0.4470866002977665
1.4974781953404734,-0.32387825204974496,1.237607678576697,-0.9030573984268965,-0.008626447879629403,-1.4511753095238709,-0.9414563391897133,0.177454652927628,-0.9524864008927987,0.8770154622411283,-0.28244779200013,0.4470866002977665
1.0521025282626468,2.0611178153778194,0.021843640930596212,-0.7292276414944004,1.785209156753243,-1.3245275004652028,-0.8046751170263229,1.0694275175977346,0.448560424785226,1.5650494982426149,-0.9588994791943952,-2.2367031338760426
2.4995734462655808,0.9481196505782894,1.5849688321898683,-0.6298963518186885,2.190268809412278,-0.5013167415838612,-0.08168865701983036,1.3818062001615137,0.048261331734361396,1.135028225741686,-0.9588994791943952,-2.2367031338760426
-0.5067123065097453,-0.2443783831354927,-0.23867722427928223,0.8849058157359195,-0.06649211254520598,1.4617242988254917,1.755087754888556,0.8549023982466782,-0.8857698853843228,0.2749856807398276,-1.4662382445900934,0.4470866002977665
-0.6180562232792015,1.5046187329780547,-1.2807606851187971,1.9775500021687515,-0.3558204358730885,-0.31134502799585934,0.34819518406511113,1.3065342284593644,0.3818439092767471,-1.5311036637640756,-1.3816817836908106,0.4470866002977665
-0.6180562232792015,-0.5623778587925017,-0.6728786662957469,-0.7292276414944004,-0.12435777721078256,-0.05804940987852345,0.2504943110912608,-1.1774408377104308,-0.685620338858889,0.2749856807398276,0.6476732778919837,0.4470866002977665
0.27269511087645076,2.7368667011489634,-2.409684434361605,-0.7788932863322565,1.7273434920876665,-1.5144992140532048,-2.113866814875917,0.7307036449382094,0.7821430023276118,-1.0150781367629604,-0.9588994791943952,-2.2367031338760426
-0.8407440568181148,-0.8803773344495102,0.19552421773718215,0.1150883207491516,-1.16593974119116,-0.6279645506425292,-0.8828358154054031,-1.4333655414976294,0.9155760333445666,-0.8430696277625891,2.4233589567769283,0.4470866002977665
0.050007277337537445,-1.4368764168492754,-0.06499664747269676,0.01575703107343951,0.4542988694449828,0.005274494650810516,0.035552390548790044,0.21509063877872348,1.64945770393782,-0.7570653732624032,-0.1133348702015644,0.4470866002977665
2.722261279804495,2.220117553206324,-1.454441261925383,-0.7292276414944004,2.074537480081126,-0.3746689325251933,-1.410420529464195,1.5699861294167823,-0.552187307841934,0.4469941897401995,-0.7897865573958297,-2.2367031338760426
-0.7294001400486586,-1.1983768101065189,0.8034062365602325,-0.8285589311701125,-0.8766114178632773,1.7783438214721616,0.5435969300128118,-0.9516249226041085,1.449308157412386,0.18898142623964168,0.6476732778919837,0.4470866002977665
2.0541977791877564,-1.1188769411922665,0.6297256597536466,-0.7788932863322565,-0.47155176520424164,0.5118657308854823,0.5435969300128118,0.10218268122552057,-0.4187542768249792,1.3930409892422437,-0.36700425289941424,0.4470866002977665
0.1613511941069936,1.0276195194925417,-0.6728786662957469,0.21441961042486346,-0.7608800885321242,-0.43799283705452724,-0.39433145053615143,-1.2451856122423608,-0.48547079233345813,0.5329984442403845,2.1696895740790785,0.4470866002977665
-1.0634318903570281,-1.1188769411922665,0.4560450829470606,-0.8037261087511844,-0.3558204358730885,-1.071231882347867,-1.156398259732184,-0.9365705282636703,-0.01845518377411456,0.2749856807398276,0.14033451249628545,0.4470866002977665
-0.5067123065097453,-0.4828779898782494,-0.3255175126825752,2.5487049178040952,0.04923921678594718,2.791526293941505,1.8918689770519463,1.231262256757257,-0.21860473029954836,-1.0150781367629604,-0.6206736355972626,0.4470866002977665
-0.5067123065097453,0.39162056817852425,-0.23867722427928223,-0.4312337724672644,-0.6451487592009714,-0.12137331440785742,-0.02306813323552016,-1.1774408377104308,0.18169436275131629,1.221032480241872,1.4932378868848144,0.4470866002977665
-0.5067123065097453,-0.08537864530698869,0.10868392933388919,-0.7292276414944004,-0.24008910654193572,0.19524620823881242,-0.5897331964838521,-0.7822629862743251,0.9822925488530455,1.4790452437424297,0.309447434294851,0.4470866002977665
-0.5067123065097453,0.9481196505782894,-1.1070801083122115,2.0396320582160716,-0.9344770825288539,-0.3746689325251933,0.21141396190172065,0.6479044760658829,0.048261331734361396,0.016972917239269796,0.055778051597001166,0.4470866002977665
-0.8407440568181148,0.39162056817852425,1.237607678576697,1.3567294416955515,0.6857615281072887,-0.5646406461131952,1.2470432154245341,1.1973898694913339,0.5819934558021809,0.4469941897401995,-0.7052300964965453,0.4470866002977665
-1.0634318903570281,0.6698701093784071,-2.670205299571484,-0.8782245760079684,-0.3558204358730885,-1.5144992140532048,-1.2736393073008045,-0.9704429155296354,0.9822925488530455,-1.1010823912631464,0.4785603560934166,0.4470866002977665
-0.3953683897402892,1.5046187329780547,-2.322844145958312,-0.7043948190754724,1.1486868454319015,-1.5778231185825387,-2.074786465686377,0.5914504972893023,1.1157255798700003,1.135028225741686,-1.043455940093678,-2.2367031338760426
-0.17268055620137587,0.23262083035002024,1.150767390173404,0.4130821897762874,0.2228362107826765,-0.1846972189371914,0.6999183267709723,0.5914504972893023,-0.552187307841934,-0.8430696277625891,-0.8743430182951124,0.4470866002977665
0.050007277337537445,-0.5623778587925017,0.36920479454376764,-0.8533917535890405,0.2228362107826765,1.2717525852374898,0.15279343811741045,0.06454669537446688,1.2491586108869552,0.7050069532407564,-0.19789133110084717,0.4470866002977665
-0.17268055620137587,-0.005878776392736454,-1.0202398199089184,-0.35673530521048047,2.190268809412278,-0.05804940987852345,0.1918737873069506,-0.34944914898716567,-2.6203992886047334,-0.5850568642620313,-0.8743430182951124,0.4470866002977665
0.3840390276459069,1.9021180775493158,-2.5833650111681905,-0.7788932863322565,2.5953284620713144,-1.3878514049945367,-2.055246291091607,0.4559609482254839,0.8488595178360907,0.6190026987405703,0.309447434294851,-2.2367031338760426
-0.17268055620137587,0.7096200438355332,-0.15183693587598973,-0.5305650621429765,-0.24008910654193572,-0.24802112346652536,-0.45295197432046164,-1.3279847811146874,-0.685620338858889,-0.7570653732624032,0.4785603560934166,0.4470866002977665
0.1613511941069936,0.4711204370927765,-0.06499664747269676,0.31375090010057555,-0.47155176520424164,1.145104776178822,0.36773535865988116,-1.3994931542316644,-0.3520377613165032,-2.0471291907651907,2.507915417676211,0.4470866002977665
2.2768856127266686,0.5506203060070287,1.9323299858030403,-0.7043948190754724,3.1161194440615025,-0.7546123597011971,-0.863295640810633,-1.4747651259338135,-1.9532341335199588,0.5329984442403845,1.9160201913812298,0.4470866002977665
-0.3953683897402892,-0.8008774655352581,0.4560450829470606,-1.0272215105215365,-0.8187457531977007,1.0817808716494879,-0.14030918080414057,-0.8575349579764324,0.11497784724284033,1.4790452437424297,-0.1133348702015644,0.4470866002977665
0.050007277337537445,-0.8803773344495102,0.28236450614047515,0.18958678800593554,-0.7608800885321242,0.06859839918014449,-0.7265144186472425,-0.4247211206892731,-0.21860473029954836,-0.4130483552616594,0.7322297387912664,0.4470866002977665
-0.17268055620137587,-0.2443783831354927,-1.1939203967155043,2.2258782263580317,-0.06649211254520598,1.145104776178822,0.8171593743395927,1.6452581011188896,-0.08517169928259348,0.016972917239269796,-1.3816817836908106,0.4470866002977665
-1.1747758071264842,-1.357376547935023,-0.49919808948916117,-0.10840708102120049,-1.2238054058567367,0.19524620823881242,0.38727553325465125,-0.19890520558295086,1.782890734954775,0.016972917239269796,0.14033451249628545,0.4470866002977665
-0.28402447297083205,-0.8008774655352581,0.28236450614047515,-0.8782245760079684,0.04923921678594718,0.32189401729748035,-0.15984935539891063,-1.1360412532742883,-1.3527854939436634,-0.06903133726091613,0.309447434294851,0.4470866002977665
1.4974781953404734,-0.8008774655352581,0.8034062365602325,-0.8285589311701125,-0.9344770825288539,0.2585701127681464,-0.19892970458845077,-1.2150768235614844,-1.3527854939436634,0.7910112077409422,1.9160201913812298,0.4470866002977665
-0.8407440568181148,-0.08537864530698869,0.19552421773718215,-0.35673530521048047,-0.6451487592009714,0.3852179218268143,0.6803781521762022,-1.5274555061252637,-0.2853212458080243,-1.1870866457633324,1.4932378868848144,0.4470866002977665
1.0521025282626468,-0.8008774655352581,0.7165659481569395,-0.7292276414944004,0.5121645341105594,-0.6279645506425292,0.34819518406511113,-0.8161353735402901,-1.1526359474182326,0.10297717173945574,0.22489097339556824,0.4470866002977665
0.49538294441536407,0.789119912749785,0.28236450614047515,-0.058741436183344445,-0.3558204358730885,-0.7546123597011971,0.13325326352264039,0.5161785255871532,0.18169436275131629,-0.7570653732624032,-0.19789133110084717,0.4470866002977665
-1.1747758071264842,-0.8008774655352581,-0.5860383778924542,1.7788874228173273,-0.24008910654193572,1.3984003942961578,0.8757798981239029,1.118354299204096,0.18169436275131629,-1.0150781367629604,-0.9588994791943952,0.4470866002977665
-1.2861197238959414,-0.16487851422124092,-2.236003857555019,-1.0272215105215365,-0.5872830945353948,-1.261203595935869,-1.762143672170056,-0.5752650640935297,0.9155760333445666,-1.3590951547637042,-1.212568861892245,0.4470866002977665
1.831509945648842,-1.0393770722780147,0.4560450829470606,-0.7788932863322565,-0.47155176520424164,-0.43799283705452724,1.3056637392088444,0.629086483140356,0.18169436275131629,0.36098993524001355,-0.9588994791943952,0.4470866002977665
-0.17268055620137587,-0.16487851422124092,2.192850851012919,1.7292217779794716,-0.2979547712075123,2.2216111531774994,2.1458912467839575,1.231262256757257,-1.3527854939436634,1.0490239712415002,-1.1280124009929609,0.4470866002977665
-1.2861197238959414,-0.08537864530698869,-0.3255175126825752,-0.8037261087511844,-1.9760590465092316,0.8918091580614861,-0.3161707521570712,-1.802198202837989,1.1824420953784764,0.4469941897401995,1.66235080868338,0.4470866002977665
1.3861342785710153,0.4711204370927765,-0.3255175126825752,-0.8037261087511844,-1.16593974119116,-1.3245275004652028,-1.1954786089217242,-0.6129010499445834,-1.6863680714860492,-0.24103984626128802,-0.19789133110084717,0.4470866002977665
1.6088221121099298,2.1406176842920717,-0.3255175126825752,1.7913038340267915,-0.8766114178632773,0.3852179218268143,-0.08168865701983036,0.7419944406935172,-1.5529350404690943,-1.0150781367629604,0.14033451249628545,0.4470866002977665
-1.7314953909737671,0.153120961435768,0.021843640930596212,-0.23257119311584049,-1.050208411860007,-0.24802112346652536,-0.2380100537779909,-1.3618571683806107,0.515276940293702,-0.6710611187622172,1.3241249650862474,0.4470866002977665
0.3840390276459069,-0.4828779898782494,0.7165659481569395,0.36341654493843156,-0.8187457531977007,-1.4511753095238709,-0.7069742440524726,0.10218268122552057,-0.2853212458080243,-0.4130483552616594,0.7322297387912664,0.4470866002977665
-0.061336639431918714,1.4251188640638024,-1.0202398199089184,-0.8037261087511844,1.785209156753243,-1.134555786877201,-1.8403043705491364,0.5801597015339528,1.0490090643615215,1.135028225741686,-0.7052300964965453,-2.2367031338760426
-0.7294001400486586,-1.277876679020771,0.28236450614047515,1.6050576658848315,0.10710488145152376,-0.3746689325251933,-0.4724921489152317,1.3592246086508564,-0.08517169928259348,-0.15503559176110207,-0.5361171746979798,0.4470866002977665
-0.17268055620137587,1.3058690606924241,0.19552421773718215,-0.24498760432530445,-0.06649211254520598,-0.944584073289199,-0.7655947678367827,-1.523691907540175,0.048261331734361396,0.18898142623964168,2.3388024958776454,0.4470866002977665
0.7180707779542764,0.7096200438355332,-0.3255175126825752,-0.9278902208458244,0.2807018754482531,-0.5013167415838612,1.422904786777465,-0.861298556561563,-0.01845518377411456,-1.1010823912631464,0.8167861996905492,0.4470866002977665
-0.17268055620137587,-0.5623778587925017,0.6297256597536466,0.8352401708980637,-0.18222344187635914,1.208428680708156,1.2665833900193042,0.6968312576722443,-0.48547079233345813,-0.06903133726091613,-0.9588994791943952,0.4470866002977665
-0.28402447297083205,-0.5623778587925017,0.890246524963525,1.1084012175062716,-0.47155176520424164,1.145104776178822,0.895320072718673,0.5538145114382068,-0.685620338858889,0.8770154622411283,-0.6206736355972626,0.4470866002977665
0.8294146947237335,-1.1983768101065189,1.5849688321898683,-0.7292276414944004,0.4542988694449828,-0.6912884551718631,0.07463273973833018,0.3279985963318846,0.6487099713106569,-0.15503559176110207,0.055778051597001166,0.4470866002977665
1.0521025282626468,-0.44312805542112327,-0.41235780108586817,-0.7292276414944004,-1.281671070522313,0.5751896354148163,1.3642842629931546,-0.27417717728505825,-1.2193524629267085,-1.0150781367629604,0.4785603560934166,0.4470866002977665
-0.17268055620137587,2.617616897777585,-2.409684434361605,-0.6547291742376166,1.5537464980909366,-1.071231882347867,-1.742603497575286,0.5726325043637337,0.9155760333445666,0.6190026987405703,-0.19789133110084717,-2.2367031338760426
-0.8407440568181148,-0.08537864530698869,-1.1939203967155043,-0.5305650621429765,-0.47155176520424164,-0.43799283705452724,0.09417291433310024,-0.010725276327640537,-1.4195020094521422,-0.4130483552616594,-1.3816817836908106,0.4470866002977665
-0.5067123065097453,-0.8803773344495102,0.021843640930596212,-0.7043948190754724,-0.8766114178632773,0.06859839918014449,-0.49203232351000176,-1.6911720445773932,-1.753084586994528,0.8770154622411283,1.1550120432876818,0.4470866002977665
-0.6180562232792015,-1.0393770722780147,0.021843640930596212,-0.8285589311701125,0.04923921678594718,0.32189401729748035,0.13325326352264039,-0.19890520558295086,2.5167724055480254,1.3930409892422437,-0.19789133110084717,0.4470866002977665
-0.3953683897402892,-0.2443783831354927,-0.06499664747269676,1.9775500021687515,-0.8766114178632773,0.005274494650810516,1.1102619932611437,0.32423499774675413,-0.685620338858889,-1.0150781367629604,0.4785603560934166,0.4470866002977665
-0.17268055620137587,-0.005878776392736454,0.977086813366818,0.4875806570330716,-0.12435777721078256,1.208428680708156,1.0321012948820634,0.7043584548424634,-0.21860473029954836,-0.4130483552616594,-1.3816817836908106,0.4470866002977665
-1.6201514742043108,-0.16487851422124092,-0.06499664747269676,-0.9527230432647524,-1.5131337291846192,-0.6912884551718631,-0.19892970458845077,-1.9715601391677726,0.7821430023276118,-1.1010823912631464,1.8314637304819472,0.4470866002977665
0.27269511087645076,-0.2443783831354927,-0.06499664747269676,1.4312279089523352,-0.24008910654193572,1.9049916305308296,1.9895698500257968,1.231262256757257,-0.552187307841934,-0.06903133726091613,-1.2971253227915278,0.4470866002977665
-1.1747758071264842,1.5046187329780547,-2.236003857555019,-0.5802307069808325,0.33856754011382967,0.32189401729748035,0.5045165808232717,0.3279985963318846,1.3825916419039102,-0.06903133726091613,-1.212568861892245,0.4470866002977665
-0.3953683897402892,-0.6418777277067537,-0.15183693587598973,2.362458749662135,0.5121645341105594,-0.12137331440785742,0.46543623163373155,1.3667518058210755,0.7154264868191358,0.2749856807398276,-0.36700425289941424,0.4470866002977665
-1.0634318903570281,-1.1188769411922665,-0.8465592431023328,0.2640852552627195,0.10710488145152376,-0.31134502799585934,0.27003448568603083,-0.010725276327640537,-0.9524864008927987,0.2749856807398276,-0.7052300964965453,0.4470866002977665
1.0521025282626468,-0.8803773344495102,0.28236450614047515,-0.9278902208458244,-0.47155176520424164,-0.12137331440785742,-0.042608307830290224,-0.27417717728505825,-0.552187307841934,-0.8430696277625891,-0.028778409302281614,0.4470866002977665
1.163446445032103,0.4711204370927765,0.021843640930596212,-0.058741436183344445,-0.5872830945353948,-1.7677948321705406,0.13325326352264039,-0.7784993876892364,-2.1533836800453927,1.8230622617431727,1.2395685041869646,0.4470866002977665
1.163446445032103,2.2996174221205763,-1.9754829923451402,-0.5802307069808325,0.4542988694449828,-1.7677948321705406,-2.211567687849768,-0.4021395291786576,-0.01845518377411456,-1.1870866457633324,2.000576652280513,-2.2367031338760426
-1.1747758071264842,-0.5623778587925017,-0.23867722427928223,-0.9030573984268965,-0.9344770825288539,0.32189401729748035,-0.49203232351000176,-1.8962881674656233,-0.9524864008927987,1.135028225741686,1.9160201913812298,0.4470866002977665
1.6088221121099298,-0.32387825204974496,-0.06499664747269676,-0.6795619966565444,-0.6451487592009714,0.32189401729748035,0.1723336127121805,-1.1586228447849038,-2.2201001955538686,-1.7891164272646334,0.7040442518248674,0.4470866002977665
0.1613511941069936,1.6636184708065591,-2.409684434361605,-0.5802307069808325,1.6116121627565132,-0.6279645506425292,-0.550652847294312,1.3253522213848914,1.8496072504632508,0.7910112077409422,-0.7052300964965453,-2.2367031338760426
-1.2861197238959414,-0.2443783831354927,0.28236450614047515,-0.6795619966565444,-0.6451487592009714,-0.43799283705452724,0.09417291433310024,-1.531219104710394,0.9155760333445666,-1.5311036637640756,1.8314637304819472,0.4470866002977665
-0.7294001400486586,-0.08537864530698869,-0.15183693587598973,-0.7043948190754724,-0.008626447879629403,0.13192230370947847,0.42635588244419137,-1.644127062263555,-0.01845518377411456,-0.4130483552616594,1.9160201913812298,0.4470866002977665
1.2747903618015592,-0.8803773344495102,0.8034062365602325,-0.7292276414944004,-0.6451487592009714,-0.7546123597011971,-0.6483537202681623,-0.6881730216466908,-0.685620338858889,0.2749856807398276,0.4785603560934166,0.4470866002977665
-0.3953683897402892,0.9083697161211634,-0.49919808948916117,-0.6423127630281524,-0.8187457531977007,-0.5013167415838612,-0.6483537202681623,-1.1699136405402117,-1.1526359474182326,-0.8430696277625891,0.6476732778919837,0.4470866002977665
0.7180707779542764,-1.0393770722780147,-0.23867722427928223,0.5372463018709274,-0.41368610053866506,-0.12137331440785742,-0.19892970458845077,0.9753375529700584,-0.15188821479106943,-0.7570653732624032,-1.212568861892245,0.4470866002977665
0.050007277337537445,0.8686197816640372,-1.0202398199089184,-0.6547291742376166,1.3222838394286303,-0.8179362642305311,-1.6449026246014358,0.3129442019914464,1.1157255798700003,0.4469941897401995,0.22489097339556824,-2.2367031338760426
-0.5067123065097453,-0.40337812096399717,0.7165659481569395,-0.8782245760079684,-1.6288650585157722,-1.1978796914065348,-1.0586973867583338,-1.1435684504444656,0.18169436275131629,2.0810750252437304,0.5631168169927009,0.4470866002977665
1.6088221121099298,0.23262083035002024,0.977086813366818,-0.7043948190754724,1.380149504094207,-0.5013167415838612,-1.6449026246014358,-0.0031980791574214382,-0.7523368543673679,2.3390877887442882,1.4932378868848144,-2.2367031338760426
0.050007277337537445,0.31212069926427205,-1.1939203967155043,-0.9527230432647524,0.04923921678594718,-1.5144992140532048,-0.02306813323552016,-0.3607399447424734,-0.6189038233504129,-1.2730909002635182,-0.7897865573958297,0.4470866002977665
0.9407586114931897,2.220117553206324,0.19552421773718215,-0.7292276414944004,1.4958808334253602,-0.43799283705452724,-0.0035279586407500917,1.0807183133530422,0.18169436275131629,0.2749856807398276,-1.043455940093678,-2.2367031338760426
0.1613511941069936,2.2996174221205763,-2.670205299571484,-0.7788932863322565,1.4958808334253602,-0.944584073289199,-1.683982973790976,1.231262256757257,1.64945770393782,1.6510537527428006,-0.6206736355972626,-2.2367031338760426
-0.8407440568181148,-0.5623778587925017,-0.7597189546990398,0.7359088812223515,0.2807018754482531,0.8918091580614861,0.5631371046075818,0.5726325043637337,0.048261331734361396,0.10297717173945574,-1.1280124009929609,0.4470866002977665
-0.061336639431918714,-0.08537864530698869,0.4560450829470606,-1.0023886881026083,-0.6451487592009714,0.5751896354148163,0.6999183267709723,-1.5989638792422824,-0.9524864008927987,-1.2730909002635182,1.2395685041869646,0.4470866002977665
0.3840390276459069,-0.8008774655352581,1.5849688321898683,-0.7788932863322565,-0.5872830945353948,0.8284852535321521,0.6217576283918921,-1.026896894306216,0.6487099713106569,-0.5850568642620313,1.66235080868338,0.4470866002977665
0.1613511941069936,-1.277876679020771,0.28236450614047515,-0.9775558656836805,-0.8766114178632773,-0.24802112346652536,-0.9219161645949433,-1.5763822877316669,0.11497784724284033,-0.8430696277625891,1.3241249650862474,0.4470866002977665
-0.952087973587572,0.789119912749785,-2.322844145958312,-0.9030573984268965,-0.703014423866548,-0.5013167415838612,0.016012215954019974,-0.6204282471147607,0.11497784724284033,0.8770154622411283,-0.6206736355972626,0.4470866002977665
-0.5067123065097453,1.5046187329780547,-0.7597189546990398,-0.20773837069691256,-0.703014423866548,0.2585701127681464,0.21141396190172065,-1.4032567528167947,0.24841087825979224,0.36098993524001355,2.000576652280513,0.4470866002977665
-0.6180562232792015,-0.2443783831354927,-1.0202398199089184,0.1150883207491516,-0.3558204358730885,2.284935057706833,1.188422691640224,0.15863666000210114,0.5819934558021809,-1.3590951547637042,-0.36700425289941424,0.4470866002977665
1.163446445032103,0.153120961435768,0.36920479454376764,1.2573981520198394,-0.7608800885321242,-0.5646406461131952,-0.2380100537779909,0.24143582887442763,-0.685620338858889,-1.2730909002635182,0.8167861996905492,0.4470866002977665
-0.7294001400486586,-0.32387825204974496,-0.15183693587598973,1.8037202452362553,-0.24008910654193572,1.7783438214721616,1.481525310561775,1.46460536903384,-0.552187307841934,-0.9290738822627745,-1.5507947054893763,0.4470866002977665
-0.061336639431918714,-0.8803773344495102,0.4560450829470606,-0.8533917535890405,-0.9923427471944305,0.4485418263561483,0.5240567554180418,-0.31181316313611196,0.8488595178360907,0.4469941897401995,0.309447434294851,0.4470866002977665
1.163446445032103,0.39162056817852425,1.0639271017701109,1.2822309744387674,0.2807018754482531,-0.12137331440785742,0.5045165808232717,1.6076221152678358,1.1824420953784764,-0.4130483552616594,-0.9588994791943952,0.4470866002977665
1.3861342785710153,0.07362109252151577,0.977086813366818,-0.6547291742376166,2.8846567853991973,-1.7677948321705406,-2.1724873386602277,0.42585215954460753,0.31512739376827115,0.36098993524001355,1.4086814259855318,-2.2367031338760426
1.4974781953404734,0.789119912749785,1.7586494089964544,-0.7292276414944004,-0.12435777721078256,-1.261203595935869,1.6964672311042457,-0.34944914898716567,-1.3527854939436634,0.36098993524001355,0.6476732778919837,0.4470866002977665
-0.28402447297083205,-0.40337812096399717,1.7586494089964544,0.7607417036412795,0.8014928574384419,1.208428680708156,1.442444961372235,0.5726325043637337,-0.6189038233504129,-0.06903133726091613,-0.8743430182951124,0.4470866002977665
1.0521025282626468,-0.8008774655352581,0.8034062365602325,-0.9278902208458244,-0.5294174298698182,0.4485418263561483,-0.257550228372761,-0.7258090074977445,-0.08517169928259348,0.2749856807398276,0.14033451249628545,0.4470866002977665
1.163446445032103,-1.357376547935023,0.19552421773718215,-0.9278902208458244,-0.18222344187635914,2.538230675824169,0.8171593743395927,-0.9516249226041085,-1.0192029164012777,-0.32704410076147394,0.309447434294851,0.4470866002977665
-2.28821497482105,1.266119126235298,-1.1939203967155043,-0.7540604639133285,-0.7608800885321242,1.8416677260014955,0.5435969300128118,-1.6140182735827207,0.31512739376827115,-1.3590951547637042,0.7322297387912664,0.4470866002977665
0.9407586114931897,0.7096200438355332,1.5849688321898683,0.7110760588034234,0.6857615281072887,0.19524620823881242,0.8171593743395927,1.005446341650935,0.24841087825979224,0.6190026987405703,0.5631168169927009,0.4470866002977665
-1.0634318903570281,-0.7213775966210059,0.19552421773718215,1.8037202452362553,-0.8766114178632773,-0.3746689325251933,-0.45295197432046164,-0.13868762822123984,-0.3520377613165032,-0.7570653732624032,0.5631168169927009,0.4470866002977665
2.1655416959572125,-1.5163762857635275,1.237607678576697,-0.7788932863322565,1.5537464980909366,-1.3245275004652028,-1.9380052435229866,0.5989776944594796,1.2491586108869552,2.1670792797439162,1.070455582388399,-2.2367031338760426
-0.5067123065097453,-0.7213775966210059,0.28236450614047515,1.7540546003983994,0.2807018754482531,1.5250482033548258,1.1102619932611437,1.6452581011188896,1.9830402814802057,-0.5850568642620313,-0.6206736355972626,0.4470866002977665
-0.3953683897402892,-0.005878776392736454,-2.062323280748433,-0.8533917535890405,-0.8766114178632773,1.5250482033548258,0.46543623163373155,-0.6957002188169099,-0.4187542768249792,-0.7570653732624032,-0.5361171746979798,0.4470866002977665
-0.8407440568181148,-0.6418777277067537,0.36920479454376764,-1.0520543329404644,0.16497054611709994,-0.43799283705452724,-0.17938952999368069,-0.8763529509019593,0.9822925488530455,-0.6710611187622172,0.309447434294851,0.4470866002977665
-1.3974636406653975,0.39162056817852425,0.28236450614047515,-0.18290554827798444,-1.281671070522313,-0.6279645506425292,-0.843755466215863,-1.2150768235614844,1.2491586108869552,-0.49905260976184534,1.070455582388399,0.4470866002977665
1.163446445032103,0.07362109252151577,-0.41235780108586817,-0.9278902208458244,0.10710488145152376,-1.229541643671202,-0.6288135456733922,0.2527266246297772,0.11497784724284033,-1.1870866457633324,-0.9588994791943952,0.4470866002977665
-1.5088075574348547,-0.44312805542112327,2.279691139416211,1.4312279089523352,0.4542988694449828,2.2216111531774994,0.9930209456925233,0.2677810189701736,0.18169436275131629,0.8770154622411283,-0.19789133110084717,0.4470866002977665
-1.0634318903570281,0.07362109252151577,-0.06499664747269676,-0.9030573984268965,-1.3395367351878895,-0.8179362642305311,-0.15984935539891063,-2.2237212443698406,-1.0192029164012777,1.135028225741686,2.2542460349783626,0.4470866002977665
-0.28402447297083205,0.4711204370927765,0.890246524963525,0.33858372251950347,0.7436271927728654,-0.5646406461131952,0.5631371046075818,0.5161785255871532,-0.4187542768249792,-0.32704410076147394,-0.8743430182951124,0.4470866002977665
0.6067268611848202,0.153120961435768,0.7165659481569395,1.8533858900741116,0.9750898514351717,-0.12137331440785742,-0.02306813323552016,1.3065342284593644,-0.4187542768249792,-1.0150781367629604,-1.043455940093678,0.4470866002977665
-0.061336639431918714,-0.08537864530698869,-0.06499664747269676,-0.9030573984268965,0.2807018754482531,-0.43799283705452724,1.2861235646140743,-0.119869635295713,0.448560424785226,0.2749856807398276,-0.6206736355972626,0.4470866002977665
1.163446445032103,2.617616897777585,-0.7597189546990398,-0.6298963518186885,2.653194126736891,-1.6411470231118728,-1.703523148385746,0.8247936095658437,0.9822925488530455,0.6190026987405703,0.309447434294851,-2.2367031338760426
-0.6180562232792015,-1.4368764168492754,-0.23867722427928223,-1.0023886881026083,-0.18222344187635914,0.06859839918014449,-0.6483537202681623,-0.8198989721253788,1.64945770393782,0.10297717173945574,0.4785603560934166,0.4470866002977665
-1.0634318903570281,-0.5623778587925017,0.28236450614047515,-0.9775558656836805,-0.703014423866548,1.335076489766824,1.2470432154245341,-1.113459661763631,1.449308157412386,-0.5850568642620313,0.6899515083416243,0.4470866002977665
1.0521025282626468,-0.16487851422124092,1.5849688321898683,-0.6795619966565444,2.768925456068044,-0.6279645506425292,-1.1954786089217242,1.2086806652466415,0.5819934558021809,1.3930409892422437,-0.45156071379869706,-2.2367031338760426
0.49538294441536407,-0.32387825204974496,0.021843640930596212,-0.6298963518186885,-1.9760590465092316,-1.007907977818533,0.44589605703896146,-1.1247504575189389,-1.2860689784351873,1.221032480241872,1.1550120432876818,0.4470866002977665
-1.2861197238959414,-0.2443783831354927,-0.06499664747269676,-0.8533917535890405,-1.281671070522313,0.005274494650810516,-0.12076900620937049,-1.6591814566039933,0.6487099713106569,0.7910112077409422,1.5777943477840972,0.4470866002977665
0.27269511087645076,-1.834375761420536,1.5849688321898683,-0.9030573984268965,0.10710488145152376,-0.8179362642305311,0.5435969300128118,0.21509063877872348,1.582741188429341,-0.5850568642620313,-0.36700425289941424,0.4470866002977665
0.7180707779542764,-1.277876679020771,0.8034062365602325,-0.9030573984268965,-0.703014423866548,-0.43799283705452724,-0.15984935539891063,-0.27417717728505825,-0.552187307841934,2.1670792797439162,-0.5361171746979798,0.4470866002977665
-1.6201514742043108,0.07362109252151577,1.237607678576697,-0.0090757913454884,-1.16593974119116,-0.3746689325251933,1.3838244375879247,-0.650537035795637,1.9163237659717267,-0.15503559176110207,0.7322297387912664,0.4470866002977665
0.1613511941069936,-0.40337812096399717,-1.0202398199089184,0.8104073484791353,0.16497054611709994,1.3984003942961578,1.3056637392088444,0.7796304265445708,-0.4187542768249792,0.10297717173945574,-0.7897865573958297,0.4470866002977665
0.3840390276459069,2.220117553206324,-0.41235780108586817,0.5620791242898555,1.2644181747630545,0.2585701127681464,0.016012215954019974,1.5699861294167823,0.9822925488530455,-0.15503559176110207,-1.043455940093678,-2.2367031338760426
1.3861342785710153,0.31212069926427205,0.8034062365602325,0.33858372251950347,-0.5294174298698182,0.2585701127681464,0.8171593743395927,-0.12363323388080165,-0.48547079233345813,-1.4450994092638898,1.070455582388399,0.4470866002977665
-0.6180562232792015,-0.7213775966210059,0.021843640930596212,2.2258782263580317,-0.47155176520424164,1.6516960124134936,0.2895746602808009,1.0506095246722076,-0.08517169928259348,-1.1010823912631464,0.055778051597001166,0.4470866002977665
0.27269511087645076,-1.4368764168492754,1.3244479669799898,-0.9030573984268965,-0.24008910654193572,1.0817808716494879,-0.17938952999368069,-1.00055170421047,-1.6863680714860492,-0.49905260976184534,0.3940038951941338,0.4470866002977665
1.7201660288793859,0.7096200438355332,0.8034062365602325,0.33858372251950347,0.10710488145152376,-1.7677948321705406,-2.1529471640654574,0.6516680746509715,0.3818439092767471,0.4469941897401995,1.1550120432876818,-2.2367031338760426
-0.6180562232792015,0.07362109252151577,0.021843640930596212,-0.7540604639133285,-0.6451487592009714,0.19524620823881242,0.11371308892787031,-1.4785287245189023,-1.0859194319097536,-0.49905260976184534,0.9858991214891163,0.4470866002977665
-0.6180562232792015,-0.08537864530698869,-0.3255175126825752,-0.1332399034401284,0.39643320477940625,-0.881260168759865,0.2895746602808009,-0.5376290782424342,0.048261331734361396,-0.5850568642620313,1.3241249650862474,0.4470866002977665
-0.7294001400486586,-0.08537864530698869,-0.5860383778924542,0.4130821897762874,-0.47155176520424164,0.4485418263561483,0.40681570784942134,0.403270568033992,-0.01845518377411456,-0.32704410076147394,-0.9588994791943952,0.4470866002977665
0.7180707779542764,-1.1983768101065189,1.150767390173404,-0.8782245760079684,-0.2979547712075123,-0.3746689325251933,-0.21846987918322083,-0.27417717728505825,-0.7523368543673679,2.0810750252437304,-0.28244779200013,0.4470866002977665
-0.952087973587572,-0.2443783831354927,-0.6728786662957469,-0.18290554827798444,-0.5872830945353948,-1.134555786877201,-0.49203232351000176,-1.8624157801997,-1.6863680714860492,1.6510537527428006,2.0851331131797957,0.4470866002977665
0.27269511087645076,-0.8008774655352581,0.4560450829470606,2.6728690298987354,-0.18222344187635914,2.348258962236167,1.2275030408297642,1.9915091709486339,0.18169436275131629,2.1670792797439162,-1.043455940093678,0.4470866002977665
0.3840390276459069,-0.4828779898782494,-0.23867722427928223,-0.8533917535890405,-0.2979547712075123,-0.7546123597011971,-0.14030918080414057,-0.20643240275312816,1.0490090643615215,0.4469941897401995,-0.45156071379869706,0.4470866002977665
1.2747903618015592,-0.005878776392736454,-0.5860383778924542,-0.8285589311701125,-0.9344770825288539,-1.3245275004652028,-1.0391572121635637,-0.5752650640935297,-0.9524864008927987,-0.32704410076147394,-0.1133348702015644,0.4470866002977665
-0.28402447297083205,-0.7213775966210059,0.19552421773718215,-0.9278902208458244,-0.703014423866548,0.32189401729748035,-0.6678938948629324,-1.2602400065827573,-0.8190533698758439,2.1670792797439162,0.6476732778919837,0.4470866002977665
2.4995734462655808,-0.7213775966210059,0.8034062365602325,-0.6298963518186885,0.33856754011382967,-0.8179362642305311,0.602217453797122,0.4785425397360994,-1.2193524629267085,-0.4130483552616594,-1.1280124009929609,0.4470866002977665
2.1655416959572125,0.9481196505782894,1.237607678576697,-0.7540604639133285,0.2228362107826765,-1.5778231185825387,-2.0357061164968373,0.3279985963318846,0.8488595178360907,1.6510537527428006,1.5777943477840972,-2.2367031338760426
-0.6180562232792015,-0.6418777277067537,-0.06499664747269676,0.5372463018709274,-0.6451487592009714,2.0316394395894974,2.2631322943525776,0.4785425397360994,-1.0859194319097536,-1.4450994092638898,-1.212568861892245,0.4470866002977665
-1.1747758071264842,-0.2443783831354927,0.28236450614047515,-0.33190248279155243,-0.47155176520424164,1.208428680708156,1.442444961372235,-1.026896894306216,0.5819934558021809,0.10297717173945574,0.8167861996905492,0.4470866002977665
0.7180707779542764,-0.08537864530698869,-0.3255175126825752,1.4063950865334074,-0.5294174298698182,0.005274494650810516,-0.02306813323552016,1.588804122342309,0.31512739376827115,-1.7891164272646334,-1.1280124009929609,0.4470866002977665
-0.17268055620137587,-0.7213775966210059,0.021843640930596212,0.33858372251950347,-0.7608800885321242,0.13192230370947847,0.9734807710977532,-0.8010809791998519,0.11497784724284033,1.307036734742058,1.66235080868338,0.4470866002977665
-0.952087973587572,-0.8008774655352581,0.8034062365602325,-0.8782245760079684,1.0329555161007482,0.6068515876794832,0.8757798981239029,-1.026896894306216,0.18169436275131629,0.7050069532407564,1.070455582388399,-2.2367031338760426
0.9407586114931897,-0.16487851422124092,-0.7597189546990398,1.1332340399251994,0.4542988694449828,0.8284852535321521,1.8137082786728662,1.2124442638317303,-0.9524864008927987,0.8770154622411283,-1.1280124009929609,0.4470866002977665
0.27269511087645076,-0.40337812096399717,-0.06499664747269676,-0.7043948190754724,-0.8766114178632773,1.208428680708156,0.7389986759605125,-1.139804851859377,0.7154264868191358,-0.6710611187622172,1.2395685041869646,0.4470866002977665
-0.28402447297083205,2.895866438977468,-2.062323280748433,-0.6298963518186885,2.363865803409008,-0.881260168759865,-0.7460545932420126,0.7043584548424634,0.8488595178360907,0.2749856807398276,-0.45156071379869706,-2.2367031338760426
-0.3953683897402892,0.39162056817852425,-0.8465592431023328,-0.8533917535890405,0.04923921678594718,0.5118657308854823,1.2470432154245341,-0.4247211206892731,-0.2853212458080243,-0.8430696277625891,-0.6206736355972626,0.4470866002977665
-0.5067123065097453,-0.2443783831354927,0.6297256597536466,0.7110760588034234,-0.9923427471944305,1.4617242988254917,1.8723288024571763,-0.8989345424126166,-1.2860689784351873,-0.7570653732624032,2.0851331131797957,0.4470866002977665
-0.17268055620137587,0.07362109252151577,0.5428853713503535,-0.3815681276294085,-1.4552680645190428,-0.7546123597011971,-0.6483537202681623,-1.4032567528167947,-0.552187307841934,0.18898142623964168,1.7469072695826628,0.4470866002977665
-0.3953683897402892,-0.4828779898782494,0.36920479454376764,-0.5057322397240485,-0.8187457531977007,0.4485418263561483,0.016012215954019974,-1.4484199358380676,-0.21860473029954836,-0.9290738822627745,1.8314637304819472,0.4470866002977665
0.7180707779542764,0.31212069926427205,1.3244479669799898,2.424540805709455,-0.06649211254520598,0.13192230370947847,0.602217453797122,1.1898626723211148,-1.2860689784351873,0.18898142623964168,-0.28244779200013,0.4470866002977665
-0.8407440568181148,0.23262083035002024,-0.23867722427928223,0.6365775915466395,-0.8187457531977007,0.5751896354148163,1.501065485156545,0.34681658925741143,-0.552187307841934,0.7910112077409422,-0.7897865573958297,0.4470866002977665
0.6067268611848202,2.379117291034828,-0.9333995315056256,-0.8037261087511844,1.6116121627565132,0.32189401729748035,-1.175938434326954,0.3806889765233765,-0.8190533698758439,-0.9290738822627745,-1.1280124009929609,-2.2367031338760426
0.050007277337537445,-0.7213775966210059,-0.06499664747269676,-0.8782245760079684,-0.47155176520424164,-1.071231882347867,-1.1173179105426438,-1.5349827032954828,-0.15188821479106943,-1.5311036637640756,1.1550120432876818,0.4470866002977665
2.0541977791877564,2.220117553206324,-1.1070801083122115,-0.5057322397240485,2.363865803409008,-1.1978796914065348,-0.9023759900001732,1.2990070312891873,-0.552187307841934,0.2749856807398276,-1.043455940093678,-2.2367031338760426
-0.28402447297083205,-0.6418777277067537,0.19552421773718215,0.7855745260602074,-0.008626447879629403,0.8918091580614861,1.0907218186663736,0.29788980765105,-0.7523368543673679,0.10297717173945574,-0.45156071379869706,0.4470866002977665
0.1613511941069936,0.4711204370927765,0.10868392933388919,-0.8782245760079684,-0.6451487592009714,-0.24802112346652536,0.11371308892787031,-0.8010809791998519,-0.21860473029954836,0.9630197167413141,1.1550120432876818,0.4470866002977665
1.7201660288793859,-0.8008774655352581,1.8454896973997472,-0.7540604639133285,2.4217314680745847,-1.3878514049945367,-1.8989248943334467,0.9602831586296621,0.9155760333445666,1.3930409892422437,-0.19789133110084717,-2.2367031338760426
-0.28402447297083205,-0.8803773344495102,0.5428853713503535,-0.8161425199606485,-1.3395367351878895,0.7018374444734842,-0.3357109267518412,-1.3957295556465756,-0.7523368543673679,-0.49905260976184534,0.6476732778919837,0.4470866002977665
1.831509945648842,-0.8803773344495102,0.977086813366818,-0.8533917535890405,-0.41368610053866506,0.2585701127681464,0.09417291433310024,-0.5376290782424342,-0.7523368543673679,-0.15503559176110207,0.6476732778919837,0.4470866002977665
-0.17268055620137587,-0.8008774655352581,0.8034062365602325,0.33858372251950347,-0.9344770825288539,0.5751896354148163,0.016012215954019974,-0.6731186273062526,-0.2853212458080243,0.18898142623964168,1.1550120432876818,0.4470866002977665
0.9407586114931897,1.8226182086350635,-0.41235780108586817,-0.7292276414944004,2.3060001387434315,-0.5013167415838612,-1.410420529464195,1.5699861294167823,1.2491586108869552,1.9950707707435444,-1.212568861892245,-2.2367031338760426
0.3840390276459069,2.8561165045203416,-2.4965247227648977,-0.6795619966565444,1.380149504094207,0.005274494650810516,-0.550652847294312,0.6516680746509715,0.6487099713106569,1.4790452437424297,0.3940038951941338,-2.2367031338760426
-0.061336639431918714,-0.9598772033637624,0.10868392933388919,0.7359088812223515,-0.3558204358730885,-0.05804940987852345,0.1918737873069506,0.23767223028933898,1.1824420953784764,-1.0150781367629604,-0.1133348702015644,0.4470866002977665
-0.061336639431918714,2.1406176842920717,-0.9333995315056256,-0.7913096975417204,0.570030198776136,-1.4511753095238709,-1.9184650689282168,-0.26664998011483915,1.0490090643615215,-0.15503559176110207,0.901342660589832,-2.2367031338760426
0.1613511941069936,-0.8008774655352581,0.36920479454376764,-0.6050635293997605,-0.47155176520424164,0.6385135399441502,1.2861235646140743,-0.9967881056253395,0.6487099713106569,0.4469941897401995,1.5777943477840972,0.4470866002977665
-0.3953683897402892,1.981617946463568,-0.7597189546990398,0.9842371054116316,-0.8187457531977007,-0.24802112346652536,0.2504943110912608,1.0619003204275155,-0.15188821479106943,0.016972917239269796,-1.2971253227915278,0.4470866002977665
-0.17268055620137587,-0.005878776392736454,-0.49919808948916117,1.3815622641144794,-0.2979547712075123,-0.05804940987852345,0.8757798981239029,1.231262256757257,0.9155760333445666,0.36098993524001355,-0.07105663975192225,0.4470866002977665
0.49538294441536407,0.39162056817852425,0.10868392933388919,-0.7540604639133285,-0.703014423866548,-0.24802112346652536,-0.02306813323552016,-0.7408634018381827,-0.48547079233345813,-0.15503559176110207,0.4785603560934166,0.4470866002977665
0.49538294441536407,-0.4828779898782494,0.5428853713503535,2.1265469366823195,0.6857615281072887,1.335076489766824,1.4033646121826948,1.34417021431046,-1.4862185249606181,-0.5850568642620313,-1.2971253227915278,0.4470866002977665
-0.3953683897402892,-0.4828779898782494,0.890246524963525,0.6117447691277116,-0.2979547712075123,-0.12137331440785742,0.602217453797122,0.2527266246297772,-0.48547079233345813,0.7910112077409422,-0.36700425289941424,0.4470866002977665
-0.17268055620137587,-0.32387825204974496,-0.23867722427928223,0.7110760588034234,-0.5872830945353948,-0.31134502799585934,-0.6092733710786222,-0.9139889367530131,0.11497784724284033,-1.4450994092638898,1.5777943477840972,0.4470866002977665
1.2747903618015592,-0.2443783831354927,0.7165659481569395,-0.7540604639133285,-1.1080740765255834,-0.8179362642305311,-0.8046751170263229,-0.6129010499445834,0.048261331734361396,0.10297717173945574,0.9858991214891163,0.4470866002977665
-1.7314953909737671,-0.44312805542112327,0.19552421773718215,-0.9278902208458244,0.16497054611709994,-0.12137331440785742,0.035552390548790044,-1.297875992433811,0.9822925488530455,1.307036734742058,0.5631168169927009,0.4470866002977665
-1.0634318903570281,1.5046187329780547,-2.322844145958312,-0.6795619966565444,2.5374627974057375,-1.134555786877201,-1.8403043705491364,0.9565195600445316,1.582741188429341,-0.32704410076147394,-0.5361171746979798,-2.2367031338760426
-2.0655271412821374,-0.4828779898782494,0.4560450829470606,-0.9030573984268965,-0.7608800885321242,0.5751896354148163,-0.824215291621093,-1.8172525971784272,0.048261331734361396,1.135028225741686,1.2395685041869646,0.4470866002977665
0.050007277337537445,-0.4828779898782494,0.19552421773718215,-0.7043948190754724,-1.5709993938501956,-0.881260168759865,-0.863295640810633,-1.3994931542316644,0.24841087825979224,-0.49905260976184534,1.4086814259855318,0.4470866002977665
-0.952087973587572,-0.005878776392736454,-0.41235780108586817,-0.6795619966565444,0.16497054611709994,-0.1846972189371914,0.9148602473134431,-0.4999930923913805,0.9822925488530455,-0.32704410076147394,-0.19789133110084717,0.4470866002977665
0.7180707779542764,0.5506203060070287,-0.23867722427928223,-0.18290554827798444,-1.1080740765255834,-1.5144992140532048,-0.15984935539891063,-1.2527128094125382,-1.4862185249606181,-0.8430696277625891,1.66235080868338,0.4470866002977665
0.49538294441536407,-1.1983768101065189,-0.06499664747269676,2.176212581520175,0.4542988694449828,0.13192230370947847,0.9344004219082132,1.6264401081933628,-2.1533836800453927,-0.5850568642620313,-1.6353511663886604,0.4470866002977665
-1.6201514742043108,-0.005878776392736454,-0.15183693587598973,-0.4808994173051205,-1.2238054058567367,-0.944584073289199,-0.3552511013466113,-1.2263676193167923,0.048261331734361396,0.4469941897401995,0.4785603560934166,0.4470866002977665
-0.17268055620137587,-0.4828779898782494,0.021843640930596212,2.0768812918444635,0.10710488145152376,2.4115828667655013,1.5987663581303955,1.231262256757257,-0.01845518377411456,-0.24103984626128802,-0.7897865573958297,0.4470866002977665
1.4974781953404734,0.153120961435768,1.0639271017701109,1.0587355726684153,-0.12435777721078256,-0.5646406461131952,0.11371308892787031,1.6076221152678358,1.0490090643615215,-0.32704410076147394,-1.1280124009929609,0.4470866002977665
0.7180707779542764,0.07362109252151577,0.36920479454376764,-0.8285589311701125,2.5374627974057375,-0.43799283705452724,0.34819518406511113,0.16992745575745066,-0.21860473029954836,-0.5850568642620313,-0.7052300964965453,0.4470866002977665
0.8294146947237335,0.23262083035002024,-0.3255175126825752,0.9594042829927036,0.8593585221040185,0.5118657308854823,1.2470432154245341,1.118354299204096,-0.8857698853843228,1.0490239712415002,-1.212568861892245,0.4470866002977665
1.4974781953404734,-0.40337812096399717,0.5428853713503535,-0.8782245760079684,1.6116121627565132,-1.4511753095238709,-1.8989248943334467,1.3065342284593644,0.24841087825979224,1.6510537527428006,-0.8743430182951124,-2.2367031338760426
-0.7294001400486586,1.9021180775493158,1.237607678576697,2.0023828245876794,-0.06649211254520598,0.13192230370947847,1.2079628662349942,1.3065342284593644,-0.15188821479106943,-0.4130483552616594,-1.212568861892245,0.4470866002977665
-0.7294001400486586,-1.0393770722780147,-0.7597189546990398,0.16475396558700742,-0.06649211254520598,0.8918091580614861,0.5240567554180418,-0.03707046642338649,-0.8857698853843228,0.2749856807398276,-0.5361171746979798,0.4470866002977665
0.050007277337537445,-0.6418777277067537,0.8034062365602325,-0.8285589311701125,0.8593585221040185,-0.6279645506425292,-1.0391572121635637,0.4785425397360994,1.8496072504632508,1.0490239712415002,0.3940038951941338,-2.2367031338760426
-0.28402447297083205,-0.005878776392736454,1.150767390173404,0.43791501219521556,0.33856754011382967,-0.12137331440785742,0.7780790251500526,0.4785425397360994,-1.2193524629267085,-0.5850568642620313,-0.8743430182951124,0.4470866002977665
-1.0634318903570281,-0.2443783831354927,-0.7597189546990398,1.7913038340267915,-0.008626447879629403,0.7018374444734842,0.8366995489343628,0.6667224689914097,-0.15188821479106943,-0.4130483552616594,-0.45156071379869706,0.4470866002977665
2.1655416959572125,-0.7213775966210059,1.4981285437865755,-0.7788932863322565,1.6694778274220898,-0.12137331440785742,-1.175938434326954,1.0807183133530422,1.1157255798700003,0.18898142623964168,-1.043455940093678,-2.2367031338760426
-0.3953683897402892,-0.40337812096399717,2.192850851012919,2.5983705626419513,0.2807018754482531,0.06859839918014449,0.40681570784942134,1.5699861294167823,-0.7523368543673679,-0.15503559176110207,-1.1280124009929609,0.4470866002977665
-0.6180562232792015,0.153120961435768,-0.06499664747269676,0.5620791242898555,-0.41368610053866506,0.7018374444734842,0.9344004219082132,-0.23277759284887412,-0.01845518377411456,-0.15503559176110207,0.3940038951941338,0.4470866002977665
1.2747903618015592,0.153120961435768,1.150767390173404,-0.8533917535890405,-0.3558204358730885,-1.5778231185825387,-2.113866814875917,0.5613417086084259,0.8488595178360907,0.8770154622411283,0.055778051597001166,-2.2367031338760426
-1.2861197238959414,-1.1188769411922665,0.4560450829470606,-0.9030573984268965,-0.703014423866548,-1.261203595935869,-0.9805366883792535,-0.7182818103275254,1.3825916419039102,1.4790452437424297,-0.19789133110084717,0.4470866002977665
-1.2861197238959414,-0.005878776392736454,0.10868392933388919,-0.10840708102120049,-1.3974023998534661,-0.1846972189371914,-0.5115724981047718,-1.8323069915188237,0.18169436275131629,0.10297717173945574,2.592471878575494,0.4470866002977665
-1.8428393077432244,2.2996174221205763,0.28236450614047515,-0.8782245760079684,-0.9923427471944305,-1.7677948321705406,-1.175938434326954,-2.028014117944353,0.31512739376827115,-1.1010823912631464,2.000576652280513,0.4470866002977665
-0.7294001400486586,-0.5623778587925017,-0.7597189546990398,1.7292217779794716,0.10710488145152376,2.1582872486481652,1.149342342450684,1.0016827430658044,-1.0859194319097536,0.6190026987405703,-1.1280124009929609,0.4470866002977665
0.27269511087645076,-0.6418777277067537,0.7165659481569395,-0.6547291742376166,-0.8766114178632773,-0.12137331440785742,-0.3552511013466113,-1.1774408377104308,0.24841087825979224,0.2749856807398276,1.4086814259855318,0.4470866002977665
-0.7294001400486586,-0.6418777277067537,0.021843640930596212,-0.8533917535890405,-1.5131337291846192,-1.261203595935869,-0.7460545932420126,-1.7796166113273737,0.515276940293702,-0.9290738822627745,1.9160201913812298,0.4470866002977665
-0.5067123065097453,-0.4828779898782494,0.36920479454376764,1.7540546003983994,0.39643320477940625,1.018456967120154,1.149342342450684,1.5323501435657285,2.3833393745310705,-0.32704410076147394,-0.5361171746979798,0.4470866002977665
1.7201660288793859,-0.9598772033637624,1.5849688321898683,-0.35673530521048047,-0.24008910654193572,-0.12137331440785742,-0.06214848242506029,-0.04836126217869424,-0.552187307841934,0.016972917239269796,-0.45156071379869706,0.4470866002977665
1.831509945648842,-1.0393770722780147,-0.23867722427928223,-1.0272215105215365,-0.9344770825288539,-0.3746689325251933,-0.824215291621093,-1.087114471667885,-1.5529350404690943,-1.1010823912631464,0.3940038951941338,0.4470866002977665
-0.8407440568181148,-0.32387825204974496,0.10868392933388919,0.33858372251950347,-0.008626447879629403,1.018456967120154,0.7585388505552826,-0.417193923519054,-0.08517169928259348,0.7910112077409422,0.309447434294851,0.4470866002977665
0.27269511087645076,-1.1983768101065189,1.5849688321898683,-0.9030573984268965,-0.6451487592009714,-0.24802112346652536,-0.3161707521570712,-0.5752650640935297,0.048261331734361396,0.5329984442403845,-0.028778409302281614,0.4470866002977665
0.3840390276459069,-0.2443783831354927,2.019170274206333,1.9775500021687515,0.04923921678594718,1.9683155350601635,0.8269294616369778,1.6828940869699434,-1.0859194319097536,-0.49905260976184534,-1.2971253227915278,0.4470866002977665
0.27269511087645076,-0.005878776392736454,1.3244479669799898,0.01575703107343951,-0.47155176520424164,-1.7677948321705406,-1.7816838467648262,-1.2527128094125382,-1.2193524629267085,0.18898142623964168,1.5777943477840972,0.4470866002977665
-0.6180562232792015,-1.357376547935023,-0.23867722427928223,0.7359088812223515,0.5121645341105594,-0.6279645506425292,-0.7460545932420126,0.12100067415104743,0.24841087825979224,-1.2730909002635182,-0.5361171746979798,0.4470866002977665
-1.6201514742043108,-0.8008774655352581,-0.49919808948916117,-0.9278902208458244,-0.47155176520424164,-0.8179362642305311,-0.8828358154054031,-1.455947133008245,0.5819934558021809,0.4469941897401995,0.5631168169927009,0.4470866002977665
-1.1747758071264842,-0.8803773344495102,-0.23867722427928223,1.9527171797498237,-0.5872830945353948,-0.12137331440785742,0.23095413649649071,0.12476427273617788,0.5819934558021809,0.5329984442403845,0.9858991214891163,0.4470866002977665
-0.7294001400486586,-0.8803773344495102,0.5428853713503535,1.7043889555605436,-0.18222344187635914,1.7150199169428277,0.1918737873069506,0.47477894115101077,-0.15188821479106943,-1.3590951547637042,0.14033451249628545,0.4470866002977665
-1.0634318903570281,0.153120961435768,-0.9333995315056256,-0.7788932863322565,-0.9923427471944305,1.145104776178822,0.7585388505552826,-0.7634449933487982,1.2491586108869552,0.18898142623964168,0.309447434294851,0.4470866002977665
0.1613511941069936,-0.005878776392736454,-0.49919808948916117,1.5553920210469754,-0.008626447879629403,0.06859839918014449,0.309114834875571,1.0167371374062426,-0.552187307841934,-0.9290738822627745,-0.9588994791943952,0.4470866002977665
0.1613511941069936,-1.0393770722780147,0.4560450829470606,-0.8782245760079684,-0.2979547712075123,0.005274494650810516,-0.6483537202681623,-1.5538006962210096,0.24841087825979224,-1.1870866457633324,1.7469072695826628,0.4470866002977665
1.3861342785710153,0.5506203060070287,1.5849688321898683,2.1513797591012476,-0.3558204358730885,1.7150199169428277,0.895320072718673,1.7393480657465656,-0.8190533698758439,0.2749856807398276,-1.043455940093678,0.4470866002977665
2.722261279804495,-1.1188769411922665,2.1060105626096264,-0.8285589311701125,0.04923921678594718,-1.071231882347867,-0.5115724981047718,0.3656345821829383,-1.3527854939436634,0.8770154622411283,-0.28244779200013,0.4470866002977665
1.0521025282626468,-1.357376547935023,1.237607678576697,-0.7788932863322565,0.10710488145152376,-0.881260168759865,-0.12076900620937049,0.3279985963318846,0.7154264868191358,-0.15503559176110207,0.055778051597001166,0.4470866002977665
1.163446445032103,1.34561899514955,0.28236450614047515,-0.6795619966565444,1.4380151687597835,-0.944584073289199,-1.8598445451439065,-0.12363323388080165,0.3818439092767471,1.307036734742058,1.4932378868848144,-2.2367031338760426
1.6088221121099298,-0.2443783831354927,0.8034062365602325,0.9842371054116316,-0.008626447879629403,0.13192230370947847,0.5045165808232717,1.8334380303742,1.1824420953784764,-0.4130483552616594,-1.1280124009929609,0.4470866002977665
-1.0634318903570281,0.8686197816640372,-1.0202398199089184,-0.7292276414944004,1.5537464980909366,-0.5646406461131952,-1.429960704058965,0.4860697369063185,1.1157255798700003,2.3390877887442882,-0.5361171746979798,-2.2367031338760426
-0.6180562232792015,-0.40337812096399717,-0.8465592431023328,0.8104073484791353,0.10710488145152376,1.2717525852374898,1.2079628662349942,0.5613417086084259,0.048261331734361396,-0.24103984626128802,-0.9588994791943952,0.4470866002977665
0.27269511087645076,-0.9598772033637624,-0.3255175126825752,1.5553920210469754,0.7436271927728654,0.9551330625908201,0.5631371046075818,1.4269693831827865,-1.5529350404690943,0.7050069532407564,-1.1280124009929609,0.4470866002977665
0.49538294441536407,-0.4828779898782494,-0.15183693587598973,0.4627478346141434,-1.6288650585157722,0.005274494650810516,-0.14030918080414057,-0.20643240275312816,-0.6189038233504129,-1.8751206817648194,0.14033451249628545,0.4470866002977665
-0.17268055620137587,-0.2443783831354927,0.7165659481569395,-0.8782245760079684,-0.703014423866548,-1.007907977818533,-0.10122883161460043,-0.8010809791998519,0.31512739376827115,1.8230622617431727,0.901342660589832,0.4470866002977665
1.163446445032103,-0.16487851422124092,1.5849688321898683,1.6795561331416153,-0.7608800885321242,0.5751896354148163,0.21141396190172065,0.7043584548424634,-0.552187307841934,-1.4450994092638898,0.14033451249628545,0.4470866002977665
-0.061336639431918714,1.6636184708065591,-0.49919808948916117,-0.5802307069808325,1.9009404860843961,-1.3245275004652028,-1.6253624500066657,1.099536306278569,1.582741188429341,-0.06903133726091613,0.309447434294851,-2.2367031338760426
-0.17268055620137587,-0.6418777277067537,0.10868392933388919,-0.8285589311701125,-1.281671070522313,0.7651613490028182,0.5240567554180418,-1.3279847811146874,0.448560424785226,0.2749856807398276,1.5777943477840972,0.4470866002977665
0.7180707779542764,-0.9598772033637624,0.890246524963525,-0.9527230432647524,-0.47155176520424164,0.4485418263561483,0.44589605703896146,-1.2150768235614844,-2.019950649028438,-0.7570653732624032,0.6476732778919837,0.4470866002977665
0.49538294441536407,-0.32387825204974496,-0.41235780108586817,1.7043889555605436,0.2807018754482531,1.5250482033548258,1.0321012948820634,1.152226686470061,-0.7523368543673679,0.7910112077409422,-0.7052300964965453,0.4470866002977665
0.49538294441536407,1.107119388406794,0.10868392933388919,0.5372463018709274,-0.24008910654193572,-0.881260168759865,-0.06214848242506029,0.8549023982466782,0.6487099713106569,-0.8430696277625891,-0.19789133110084717,0.4470866002977665
-1.8428393077432244,2.1406176842920717,-2.062323280748433,0.4875806570330716,-0.2979547712075123,0.19524620823881242,0.5631371046075818,0.177454652927628,0.7821430023276118,0.5329984442403845,-0.7897865573958297,0.4470866002977665
1.6088221121099298,-0.8803773344495102,0.021843640930596212,-0.5305650621429765,0.33856754011382967,-0.944584073289199,-0.6092733710786222,0.08712828688512417,-1.753084586994528,-0.49905260976184534,-0.9588994791943952,0.4470866002977665
0.050007277337537445,-0.8008774655352581,0.977086813366818,0.09025549833022346,-0.6451487592009714,0.32189401729748035,0.05509256514356011,-0.2704135786999278,-0.552187307841934,0.10297717173945574,0.22489097339556824,0.4470866002977665
-0.17268055620137587,-0.4828779898782494,-0.23867722427928223,0.01575703107343951,-0.7608800885321242,0.7018374444734842,0.11371308892787031,-1.297875992433811,-0.685620338858889,-1.1010823912631464,1.66235080868338,0.4470866002977665
-0.061336639431918714,-1.4368764168492754,-0.23867722427928223,2.0768812918444635,0.10710488145152376,1.018456967120154,0.23095413649649071,0.9866283487254079,0.7821430023276118,-0.7570653732624032,-0.45156071379869706,0.4470866002977665
-0.28402447297083205,0.789119912749785,-0.5860383778924542,0.1150883207491516,-0.7608800885321242,0.13192230370947847,-0.10122883161460043,-1.4408927386678485,-0.685620338858889,-0.5850568642620313,1.9103830939879165,0.4470866002977665
-1.7314953909737671,-0.8406273999923842,-1.2807606851187971,1.8906351237025036,0.16497054611709994,0.005274494650810516,-0.10122883161460043,0.6441408774807524,1.1824420953784764,-1.1010823912631464,0.14033451249628545,0.4470866002977665
-0.061336639431918714,-1.0393770722780147,0.19552421773718215,-0.9775558656836805,0.33856754011382967,-0.43799283705452724,0.8562397235291329,-0.4999930923913805,1.3158751263954314,0.016972917239269796,-0.1133348702015644,0.4470866002977665
-1.1747758071264842,-0.7213775966210059,0.6297256597536466,-0.9030573984268965,-0.12435777721078256,-0.43799283705452724,-0.5897331964838521,-0.6053738527743643,-0.15188821479106943,-0.32704410076147394,-0.5361171746979798,0.4470866002977665
-0.6180562232792015,-0.6418777277067537,0.19552421773718215,-0.9403066320552885,-0.24008910654193572,-0.976246025553866,1.9016390643493315,-0.7258090074977445,0.7154264868191358,-0.5850568642620313,0.309447434294851,0.4470866002977665
1.4974781953404734,-1.277876679020771,0.7165659481569395,-0.9030573984268965,0.39643320477940625,0.06859839918014449,0.5045165808232717,-0.34944914898716567,-0.9524864008927987,-1.0150781367629604,-0.1133348702015644,0.4470866002977665
-0.7294001400486586,-0.32387825204974496,1.3244479669799898,1.6919725443510794,-0.6451487592009714,1.9049916305308296,1.7941681040780961,1.1936262709062033,0.18169436275131629,0.18898142623964168,-0.9588994791943952,0.4470866002977665
-0.8407440568181148,0.07362109252151577,-0.5860383778924542,-0.20773837069691256,0.16497054611709994,0.19524620823881242,0.5631371046075818,-0.32686755747650836,0.9155760333445666,0.10297717173945574,0.309447434294851,0.4470866002977665
-1.8428393077432244,0.153120961435768,-0.06499664747269676,-0.9278902208458244,-0.008626447879629403,-0.3746689325251933,-0.02306813323552016,-1.3091667881891187,0.6487099713106569,0.9630197167413141,0.5631168169927009,0.4470866002977665
-0.28402447297083205,-0.9598772033637624,-0.6728786662957469,0.31375090010057555,-0.06649211254520598,0.32189401729748035,-0.06214848242506029,0.21509063877872348,0.7821430023276118,-0.6710611187622172,-0.8743430182951124,0.4470866002977665
0.050007277337537445,-0.7213775966210059,0.19552421773718215,-0.7043948190754724,0.2228362107826765,-1.007907977818533,-0.863295640810633,-0.34944914898716567,-0.15188821479106943,-0.8430696277625891,-0.028778409302281614,0.4470866002977665
-1.1747758071264842,-1.357376547935023,-0.9333995315056256,-0.8285589311701125,-0.47155176520424164,-0.31134502799585934,-0.12076900620937049,-1.0833508730827965,0.18169436275131629,-0.49905260976184534,0.6476732778919837,0.4470866002977665
0.7180707779542764,0.7096200438355332,-0.15183693587598973,-0.7540604639133285,1.7273434920876665,-0.12137331440785742,-1.0586973867583338,1.1936262709062033,1.516024672920865,0.7050069532407564,-0.9588994791943952,-2.2367031338760426
-0.5067123065097453,0.6301201749212809,-0.6728786662957469,0.8352401708980637,0.16497054611709994,-0.1846972189371914,-0.570193021889082,0.4785425397360994,1.449308157412386,0.36098993524001355,1.2395685041869646,-2.2367031338760426
-1.3974636406653975,-0.7213775966210059,-0.23867722427928223,-0.9030573984268965,-1.2238054058567367,-0.31134502799585934,-0.3747912759413814,-1.6742358509443898,0.8488595178360907,-1.1010823912631464,1.5777943477840972,0.4470866002977665
0.6067268611848202,2.1406176842920717,-1.454441261925383,-0.6795619966565444,1.6694778274220898,-0.24802112346652536,-1.175938434326954,0.8925383840977319,0.3818439092767471,0.7050069532407564,-0.7052300964965453,-2.2367031338760426
2.8336051965739513,0.4711204370927765,1.8454896973997472,-0.7292276414944004,2.3060001387434315,-1.1978796914065348,-1.3518000056798847,0.8285572081509323,0.448560424785226,0.6190026987405703,0.3940038951941338,-2.2367031338760426
0.1613511941069936,-1.1188769411922665,0.8034062365602325,2.3872915720810637,-0.06649211254520598,1.018456967120154,0.6999183267709723,2.078071938406049,0.7821430023276118,2.3390877887442882,-1.2971253227915278,0.4470866002977665
-0.5067123065097453,0.789119912749785,2.887573158239262,1.7043889555605436,0.9750898514351717,2.1582872486481652,2.048190373810107,1.457078171863621,-0.685620338858889,0.016972917239269796,-1.4662382445900934,0.4470866002977665
-1.1747758071264842,-0.9598772033637624,-0.8465592431023328,-0.8037261087511844,-0.18222344187635914,1.6516960124134936,0.2895746602808009,-0.1951416069978204,0.6487099713106569,-0.5850568642620313,-0.9588994791943952,-2.2367031338760426
-0.3953683897402892,-0.5623778587925017,-0.06499664747269676,1.5802248434659036,-1.281671070522313,-1.261203595935869,-0.843755466215863,-0.044597663593605584,-0.6189038233504129,0.36098993524001355,1.8314637304819472,0.4470866002977665
0.9407586114931897,-0.32387825204974496,2.366531427819504,1.5553920210469754,-0.703014423866548,0.8284852535321521,0.7976191997448226,1.4194421860125674,-1.0859194319097536,-0.8430696277625891,-1.4662382445900934,0.4470866002977665
-0.061336639431918714,-0.5623778587925017,0.19552421773718215,1.8782187124930394,-0.12435777721078256,1.018456967120154,0.6412978029866622,1.6452581011188896,0.3818439092767471,2.2530835342441025,-0.8743430182951124,0.4470866002977665
1.831509945648842,0.39162056817852425,-0.41235780108586817,1.5305591986280473,-1.050208411860007,0.7968233012674851,0.9930209456925233,0.3279985963318846,-1.2860689784351873,-0.15503559176110207,1.1550120432876818,0.4470866002977665
-1.3974636406653975,0.5903702404641549,-2.322844145958312,1.9030515349119674,-0.8187457531977007,-0.5646406461131952,-0.10122883161460043,0.9301743699487857,0.3818439092767471,1.0490239712415002,-0.6206736355972626,0.4470866002977665
0.9407586114931897,2.657366832234711,-2.670205299571484,0.13992114316807952,2.190268809412278,-1.6411470231118728,-1.996625767307297,1.7581660586720924,1.1824420953784764,0.36098993524001355,-0.8743430182951124,-2.2367031338760426
-0.17268055620137587,2.0611178153778194,-0.15183693587598973,-0.6795619966565444,-0.47155176520424164,-1.007907977818533,-0.843755466215863,-0.04836126217869424,0.6487099713106569,1.9950707707435444,-0.36700425289941424,0.4470866002977665
-0.952087973587572,-0.5623778587925017,0.10868392933388919,1.0090699278305595,-0.9923427471944305,0.6385135399441502,0.27003448568603083,-0.5978466556041452,0.18169436275131629,-2.1331334452653765,1.4086814259855318,0.4470866002977665
0.8294146947237335,0.9481196505782894,-0.49919808948916117,-0.5802307069808325,1.4380151687597835,-0.12137331440785742,-1.1173179105426438,0.8360844053211514,0.9822925488530455,0.6190026987405703,-0.1133348702015644,-2.2367031338760426
0.050007277337537445,-0.5623778587925017,-0.49919808948916117,-0.8037261087511844,-0.3558204358730885,1.0817808716494879,1.3447440883983846,-0.7258090074977445,0.18169436275131629,-0.7570653732624032,0.6476732778919837,0.4470866002977665
1.4974781953404734,-0.8803773344495102,1.5849688321898683,-0.8037261087511844,-0.47155176520424164,0.19524620823881242,0.9539405965029832,-0.04836126217869424,-1.1526359474182326,-1.1870866457633324,-0.45156071379869706,0.4470866002977665
2.8336051965739513,2.220117553206324,1.150767390173404,-0.6547291742376166,1.3222838394286303,-0.6279645506425292,-1.0196170375687936,1.9839819737784148,1.582741188429341,1.0490239712415002,-0.9588994791943952,-2.2367031338760426
-0.5067123065097453,-0.16487851422124092,-0.06499664747269676,1.0463191614589515,0.16497054611709994,-0.3746689325251933,0.895320072718673,-0.2026688041680395,0.11497784724284033,0.4469941897401995,0.5913023039590999,0.4470866002977665
-1.0634318903570281,-1.0393770722780147,0.021843640930596212,-0.8782245760079684,-0.703014423866548,-1.071231882347867,-0.8828358154054031,-1.1586228447849038,0.7821430023276118,0.6190026987405703,0.3940038951941338,0.4470866002977665
0.050007277337537445,-0.5623778587925017,0.28236450614047515,-0.4808994173051205,-0.7608800885321242,0.32189401729748035,-0.3552511013466113,-1.290348795263592,-0.2853212458080243,-0.6710611187622172,1.3241249650862474,0.4470866002977665
-0.6180562232792015,-0.32387825204974496,1.5849688321898683,0.5869119467087834,-0.12435777721078256,1.3984003942961578,1.6769270565094756,0.629086483140356,0.11497784724284033,-0.6710611187622172,-1.212568861892245,0.4470866002977665
0.49538294441536407,2.617616897777585,-2.062323280748433,-0.7788932863322565,3.0003881147303506,-1.4511753095238709,-1.8989248943334467,0.8172664123956246,0.515276940293702,0.6190026987405703,-0.8743430182951124,-2.2367031338760426
0.49538294441536407,-0.4828779898782494,-0.23867722427928223,0.5744955354993195,-1.16593974119116,-1.071231882347867,-0.824215291621093,-0.582792261263707,-1.8865176180114829,-1.1870866457633324,0.7322297387912664,0.4470866002977665
-1.5088075574348547,2.3393673565777022,-2.236003857555019,-0.6298963518186885,1.4380151687597835,-0.7546123597011971,-1.8598445451439065,-0.5075202895615996,2.2499063435141156,0.36098993524001355,1.9160201913812298,-2.2367031338760426
0.050007277337537445,1.5046187329780547,-1.454441261925383,-0.7788932863322565,1.7273434920876665,-1.3245275004652028,-1.8989248943334467,0.9151199756083892,2.0497567969886816,0.8770154622411283,-0.19789133110084717,-2.2367031338760426
0.9407586114931897,-0.40337812096399717,1.5849688321898683,-0.45606659488619244,-0.18222344187635914,-0.6279645506425292,-0.08168865701983036,-0.31181316313611196,-0.4187542768249792,-1.3590951547637042,-0.28244779200013,0.4470866002977665
0.050007277337537445,2.1406176842920717,-1.628121838731969,-0.7540604639133285,2.479597132740161,0.19524620823881242,0.07463273973833018,0.629086483140356,1.449308157412386,-0.24103984626128802,-0.1133348702015644,-2.2367031338760426
0.7180707779542764,0.6301201749212809,0.10868392933388919,-0.33190248279155243,-0.7608800885321242,-0.5646406461131952,-0.5311126726995419,-0.9365705282636703,-0.9524864008927987,0.7910112077409422,1.5777943477840972,0.4470866002977665
1.163446445032103,-0.4828779898782494,1.0639271017701109,-0.8037261087511844,1.0908211807663248,-0.5646406461131952,-1.3713401802746548,0.2527266246297772,1.0490090643615215,0.7910112077409422,1.070455582388399,-2.2367031338760426
2.1655416959572125,-0.40337812096399717,0.19552421773718215,0.7855745260602074,-1.3974023998534661,1.018456967120154,1.5987663581303955,0.6215592859701369,-0.6189038233504129,-0.4130483552616594,0.14033451249628545,0.4470866002977665
-0.061336639431918714,0.789119912749785,0.19552421773718215,-0.6795619966565444,1.9009404860843961,-0.5646406461131952,-1.6449026246014358,0.3656345821829383,1.2491586108869552,2.0810750252437304,0.3940038951941338,-2.2367031338760426
0.3840390276459069,0.07362109252151577,1.4981285437865755,2.0768812918444635,0.6857615281072887,1.6516960124134936,1.481525310561775,1.6076221152678358,-1.2193524629267085,-0.06903133726091613,-1.212568861892245,0.4470866002977665
-0.28402447297083205,-1.1983768101065189,1.5849688321898683,-0.6298963518186885,-0.12435777721078256,1.6516960124134936,1.3056637392088444,0.4785425397360994,2.65020543656498,2.597100552244846,-0.19789133110084717,0.4470866002977665
0.49538294441536407,-0.08537864530698869,-0.7597189546990398,-0.8782245760079684,-0.12435777721078256,-0.944584073289199,0.2895746602808009,-0.4247211206892731,-0.9524864008927987,2.2530835342441025,-0.19789133110084717,0.4470866002977665
-0.8407440568181148,-0.32387825204974496,-1.1070801083122115,-0.8533917535890405,-1.16593974119116,-0.6912884551718631,-0.17938952999368069,-0.6204282471147607,1.2491586108869552,-0.06903133726091613,-0.5361171746979798,0.4470866002977665
0.050007277337537445,-0.005878776392736454,-0.41235780108586817,0.6117447691277116,1.2065525100974779,-0.1846972189371914,0.7780790251500526,0.5538145114382068,-0.6189038233504129,-0.4130483552616594,-0.7052300964965453,0.4470866002977665
0.6067268611848202,1.6636184708065591,-1.2807606851187971,-0.7540604639133285,2.1324031447467027,-1.1978796914065348,-1.6644427991962059,1.0807183133530422,1.0490090643615215,0.9630197167413141,-0.9588994791943952,-2.2367031338760426
0.27269511087645076,-0.4828779898782494,0.10868392933388919,-0.8533917535890405,0.33856754011382967,-0.43799283705452724,-0.2966305775623011,-0.8989345424126166,-0.3520377613165032,-0.24103984626128802,0.3940038951941338,0.4470866002977665
-0.5067123065097453,-0.7213775966210059,1.237607678576697,0.7607417036412795,0.2807018754482531,1.335076489766824,1.481525310561775,0.7419944406935172,0.048261331734361396,-0.24103984626128802,-1.2971253227915278,0.4470866002977665
2.9449491133434074,0.5506203060070287,0.977086813366818,-0.7540604639133285,1.3222838394286303,-1.6411470231118728,-2.0943266402811473,1.0016827430658044,-0.48547079233345813,2.0810750252437304,-0.1133348702015644,-2.2367031338760426
0.6067268611848202,1.4251188640638024,-1.0202398199089184,-0.7540604639133285,1.6116121627565132,-1.3245275004652028,-1.4885812278432753,0.6667224689914097,1.1157255798700003,0.2749856807398276,-0.7897865573958297,-2.2367031338760426
0.27269511087645076,0.23262083035002024,0.28236450614047515,1.9030515349119674,-0.008626447879629403,-1.5144992140532048,-1.5472017516275853,0.10218268122552057,-0.21860473029954836,-0.9290738822627745,0.901342660589832,0.4470866002977665
0.1613511941069936,0.07362109252151577,-0.06499664747269676,1.2325653296009116,-0.41368610053866506,2.0316394395894974,1.4033646121826948,0.9377015671190048,-0.685620338858889,-0.15503559176110207,-0.36700425289941424,0.4470866002977665
-0.6180562232792015,-0.16487851422124092,2.279691139416211,-0.9775558656836805,0.6857615281072887,-1.007907977818533,-0.0035279586407500917,-0.5752650640935297,-1.0859194319097536,-0.8430696277625891,-0.9588994791943952,0.4470866002977665
0.49538294441536407,1.0276195194925417,-0.9333995315056256,1.6298904883037595,0.04923921678594718,0.8284852535321521,0.7194585013657424,1.5323501435657285,0.31512739376827115,-0.5850568642620313,-1.3816817836908106,0.4470866002977665
-0.061336639431918714,0.7096200438355332,0.5428853713503535,0.9842371054116316,0.2807018754482531,0.32189401729748035,0.5435969300128118,0.7796304265445708,-0.4187542768249792,-0.06903133726091613,-1.1280124009929609,0.4470866002977665
1.3861342785710153,-0.40337812096399717,1.5849688321898683,0.06542267591129555,-0.47155176520424164,-0.7546123597011971,-0.39433145053615143,0.06454669537446688,-0.685620338858889,-1.4450994092638898,-0.45156071379869706,0.4470866002977665
0.9407586114931897,-1.4368764168492754,-0.06499664747269676,-0.7788932863322565,-0.47155176520424164,0.7651613490028182,1.149342342450684,0.5914504972893023,1.3825916419039102,-0.8430696277625891,-1.3816817836908106,0.4470866002977665
-0.3953683897402892,0.4711204370927765,1.4112882553832824,0.3882493673573595,0.7436271927728654,-0.5013167415838612,0.5826772792023519,0.5538145114382068,-0.552187307841934,-0.49905260976184534,-0.8743430182951124,0.4470866002977665
-0.8407440568181148,1.9021180775493158,1.237607678576697,1.7540546003983994,0.04923921678594718,-0.24802112346652536,1.2861235646140743,1.3065342284593644,-0.3520377613165032,-0.06903133726091613,-1.1280124009929609,0.4470866002977665
-0.3953683897402892,-0.7213775966210059,-0.23867722427928223,1.7664710116078637,0.570030198776136,-0.3746689325251933,0.09417291433310024,1.7431116643316544,1.516024672920865,-0.49905260976184534,-1.043455940093678,0.4470866002977665
0.6067268611848202,0.23262083035002024,-0.23867722427928223,-0.23257119311584049,-1.16593974119116,0.9551330625908201,-0.39433145053615143,-1.636599865093336,-0.15188821479106943,-0.06903133726091613,2.1696895740790785,0.4470866002977665
0.7180707779542764,-0.40337812096399717,2.366531427819504,0.7359088812223515,-0.41368610053866506,1.9683155350601635,1.168882517045454,1.005446341650935,-1.0192029164012777,-1.1010823912631464,-1.3816817836908106,0.4470866002977665
0.49538294441536407,1.4251188640638024,-0.3255175126825752,-0.7043948190754724,1.3222838394286303,-1.071231882347867,-1.8598445451439065,-0.018252473497859634,0.8488595178360907,1.0490239712415002,1.1550120432876818,-2.2367031338760426
2.2768856127266686,0.5506203060070287,0.890246524963525,-0.6298963518186885,3.1739851087270794,-1.5778231185825387,-2.1529471640654574,0.794684820885009,-0.6189038233504129,0.6190026987405703,1.070455582388399,-2.2367031338760426
-1.1747758071264842,2.379117291034828,-1.9754829923451402,-0.7043948190754724,1.3222838394286303,-0.944584073289199,-1.8793847197386766,-0.06341565651913243,2.2499063435141156,2.2530835342441025,0.3940038951941338,-2.2367031338760426
1.3861342785710153,-0.40337812096399717,1.150767390173404,-0.9030573984268965,-0.12435777721078256,-1.5144992140532048,-1.0000768629740235,0.177454652927628,-0.552187307841934,0.9630197167413141,-0.36700425289941424,0.4470866002977665
0.8294146947237335,-1.5163762857635275,0.10868392933388919,-0.8782245760079684,0.6857615281072887,1.018456967120154,0.5826772792023519,0.4785425397360994,0.9822925488530455,-0.7570653732624032,-1.212568861892245,0.4470866002977665
-0.8407440568181148,-0.5623778587925017,-0.3255175126825752,-0.5057322397240485,-0.5294174298698182,-0.05804940987852345,0.05509256514356011,-1.6328362665082474,-0.685620338858889,-1.1870866457633324,1.8314637304819472,0.4470866002977665
0.8294146947237335,2.8163665700632157,-2.670205299571484,-0.6298963518186885,2.4217314680745847,-1.4511753095238709,-1.9770855927125268,1.3065342284593644,0.31512739376827115,1.9090665162433584,-1.1280124009929609,-2.2367031338760426
-1.7314953909737671,1.7431183397208114,-1.2807606851187971,-0.5553978845619044,-0.703014423866548,0.19524620823881242,0.15279343811741045,-2.020486920774134,-0.15188821479106943,0.18898142623964168,2.1696895740790785,0.4470866002977665
-0.8407440568181148,0.9481196505782894,-0.7597189546990398,-0.7788932863322565,1.7273434920876665,-0.6279645506425292,-1.2540991327060345,0.9038291798530815,1.9830402814802057,0.7910112077409422,-0.9588994791943952,-2.2367031338760426
-0.6180562232792015,0.9481196505782894,0.10868392933388919,-0.8782245760079684,-0.008626447879629403,-1.3245275004652028,-1.0391572121635637,-0.7258090074977445,-0.9524864008927987,-0.8430696277625891,0.6476732778919837,0.4470866002977665
-1.2861197238959414,0.07362109252151577,0.6297256597536466,-0.04632502497388049,-0.8766114178632773,-0.5013167415838612,-0.5115724981047718,-1.1021688660083233,1.3158751263954314,-0.7570653732624032,0.9858991214891163,0.4470866002977665
1.831509945648842,-0.005878776392736454,-0.06499664747269676,-1.0023886881026083,-0.18222344187635914,-0.944584073289199,-0.21846987918322083,-0.5413926768275646,-1.8198011025030039,-1.0150781367629604,-0.45156071379869706,0.4470866002977665
-0.28402447297083205,-1.1188769411922665,-0.3255175126825752,-0.8782245760079684,-0.9344770825288539,0.5118657308854823,0.5631371046075818,-0.5225746839020378,1.1824420953784764,0.10297717173945574,-0.1133348702015644,0.4470866002977665
-2.0655271412821374,-0.005878776392736454,-0.06499664747269676,-1.0023886881026083,-0.6451487592009714,-0.1846972189371914,0.6217576283918921,-0.7258090074977445,2.1164733124971606,0.4469941897401995,-0.45156071379869706,0.4470866002977665
-0.5067123065097453,0.033871158064389666,-0.9333995315056256,0.4130821897762874,-0.41368610053866506,-1.3878514049945367,0.11371308892787031,0.3806889765233765,-1.8865176180114829,0.016972917239269796,-1.5507947054893763,0.4470866002977665
-0.7294001400486586,-0.32387825204974496,1.3244479669799898,1.5305591986280473,0.2807018754482531,0.8284852535321521,1.1102619932611437,1.1221178977891846,-0.2853212458080243,1.3930409892422437,-1.043455940093678,0.4470866002977665
-0.061336639431918714,-1.1983768101065189,0.5428853713503535,-0.7788932863322565,-0.8187457531977007,0.32189401729748035,-0.49203232351000176,-1.6591814566039933,-1.9532341335199588,0.7050069532407564,1.1550120432876818,0.4470866002977665
-1.0634318903570281,-0.32387825204974496,-0.41235780108586817,-0.9030573984268965,-0.5872830945353948,0.06859839918014449,0.34819518406511113,-1.008078901380689,1.582741188429341,-0.6710611187622172,0.3940038951941338,0.4470866002977665
-0.17268055620137587,-0.4828779898782494,-0.06499664747269676,1.7043889555605436,-0.2979547712075123,1.3984003942961578,0.2504943110912608,0.4935969340765376,-1.2860689784351873,0.6190026987405703,-0.19789133110084717,0.4470866002977665
0.050007277337537445,-0.7213775966210059,-0.41235780108586817,-0.5305650621429765,-0.703014423866548,0.8284852535321521,0.23095413649649071,-1.18496803488065,0.7821430023276118,-0.8430696277625891,1.1550120432876818,0.4470866002977665
-0.28402447297083205,-0.4828779898782494,0.4560450829470606,0.9097386381548473,-0.6451487592009714,2.0316394395894974,1.6769270565094756,0.6027412930446101,-0.2853212458080243,-0.06903133726091613,-0.8743430182951124,0.4470866002977665
1.3861342785710153,0.39162056817852425,-0.15183693587598973,0.6614104139655674,-0.7608800885321242,0.3852179218268143,0.035552390548790044,-0.010725276327640537,-0.4187542768249792,-1.4450994092638898,1.1550120432876818,0.4470866002977665
0.27269511087645076,-0.005878776392736454,0.36920479454376764,0.5620791242898555,-0.12435777721078256,0.8918091580614861,1.1298021678559138,0.5914504972893023,-0.552187307841934,0.18898142623964168,-0.7897865573958297,0.4470866002977665
0.27269511087645076,-1.277876679020771,0.19552421773718215,-0.9527230432647524,-1.2238054058567367,-0.944584073289199,-1.1173179105426438,-0.08599724802974795,0.9822925488530455,-0.9290738822627745,-0.6206736355972626,0.4470866002977665
-0.8407440568181148,-0.8008774655352581,0.6297256597536466,0.4627478346141434,-0.703014423866548,2.094963344118831,2.438993865705508,0.4409065538850457,-1.0859194319097536,-1.2730909002635182,-1.1280124009929609,0.4470866002977665
0.050007277337537445,-0.16487851422124092,0.19552421773718215,-1.0023886881026083,-0.41368610053866506,-0.6912884551718631,-0.06214848242506029,-1.297875992433811,-0.08517169928259348,-0.06903133726091613,0.6476732778919837,0.4470866002977665
-0.061336639431918714,-1.1983768101065189,0.36920479454376764,-0.9030573984268965,-0.2979547712075123,-0.6279645506425292,1.2079628662349942,-0.4623571065403268,0.18169436275131629,0.9630197167413141,0.14033451249628545,0.4470866002977665
1.7201660288793859,-0.8008774655352581,0.890246524963525,-0.15807272585905652,-0.703014423866548,-0.43799283705452724,-0.4138716251309215,0.2903626104808309,-0.2853212458080243,0.18898142623964168,-0.7897865573958297,0.4470866002977665
-0.28402447297083205,0.23262083035002024,0.8034062365602325,-0.7043948190754724,-0.8766114178632773,0.19524620823881242,-0.17938952999368069,-1.7645622169869355,-1.6863680714860492,-0.24103984626128802,1.3241249650862474,0.4470866002977665
0.27269511087645076,-0.8008774655352581,0.28236450614047515,1.7292217779794716,-0.2979547712075123,0.3852179218268143,1.8137082786728662,0.8549023982466782,-0.8857698853843228,-0.06903133726091613,-0.8743430182951124,0.4470866002977665
1.0521025282626468,-0.9598772033637624,1.237607678576697,-0.8533917535890405,-0.18222344187635914,-0.881260168759865,-0.4724921489152317,-0.8387169650509056,-0.6189038233504129,-1.0150781367629604,0.309447434294851,0.4470866002977665
-1.9541832245126805,0.4711204370927765,0.19552421773718215,-0.9278902208458244,-1.16593974119116,-1.134555786877201,-0.7655947678367827,-1.4032567528167947,0.9822925488530455,-1.1010823912631464,0.901342660589832,0.4470866002977665
2.2768856127266686,-0.08537864530698869,1.5849688321898683,0.5620791242898555,-0.5294174298698182,0.06859839918014449,-0.7069742440524726,-0.04836126217869424,-1.8865176180114829,-1.6171079182642616,0.7322297387912664,0.4470866002977665
1.4974781953404734,-0.6418777277067537,1.0639271017701109,-0.4312337724672644,-0.7608800885321242,-1.071231882347867,-0.3747912759413814,-0.4247211206892731,-0.48547079233345813,-1.2730909002635182,0.7322297387912664,0.4470866002977665
-1.9541832245126805,0.23262083035002024,0.5428853713503535,0.31375090010057555,-0.9923427471944305,0.7018374444734842,0.2504943110912608,-1.192495232050869,0.18169436275131629,-0.8430696277625891,1.5777943477840972,0.4470866002977665
1.2747903618015592,-0.40337812096399717,0.19552421773718215,1.5305591986280473,0.2228362107826765,1.3667384420314908,0.7389986759605125,1.3818062001615137,-1.2860689784351873,-0.15503559176110207,-0.36700425289941424,0.4470866002977665
-0.17268055620137587,-0.40337812096399717,0.28236450614047515,2.523872095385167,0.6857615281072887,0.7018374444734842,0.8171593743395927,1.1748082779806766,0.11497784724284033,0.10297717173945574,-0.1133348702015644,0.4470866002977665
0.8294146947237335,-1.1983768101065189,0.890246524963525,-0.8037261087511844,-0.008626447879629403,1.8416677260014955,1.0321012948820634,-0.27417717728505825,0.11497784724284033,1.307036734742058,0.4785603560934166,0.4470866002977665
-1.5088075574348547,0.789119912749785,-0.5860383778924542,-0.7540604639133285,-0.8187457531977007,-1.3245275004652028,-1.3127196564903445,-2.1747944627634794,0.6487099713106569,-0.06903133726091613,2.4233589567769283,0.4470866002977665
0.6067268611848202,-0.40337812096399717,-0.06499664747269676,-0.08357425860227258,-1.2238054058567367,-0.12137331440785742,-0.550652847294312,-1.1586228447849038,-0.48547079233345813,-1.1010823912631464,1.1550120432876818,0.4470866002977665
-0.17268055620137587,-0.9598772033637624,-0.6728786662957469,0.04058985349236742,-0.8187457531977007,2.538230675824169,1.6378467073199356,0.10218268122552057,0.048261331734361396,1.5650494982426149,-0.45156071379869706,0.4470866002977665
-1.1747758071264842,0.07362109252151577,-0.9333995315056256,2.3500423384526714,0.10710488145152376,-0.12137331440785742,0.46543623163373155,1.0280279331615503,0.11497784724284033,-0.8430696277625891,-0.28244779200013,0.4470866002977665
-0.6180562232792015,-1.1983768101065189,-0.49919808948916117,-0.9030573984268965,-0.06649211254520598,-0.6912884551718631,-0.843755466215863,-0.23654119143400454,2.5834889210565013,0.2749856807398276,-0.36700425289941424,0.4470866002977665
-0.6180562232792015,-1.1188769411922665,-0.06499664747269676,-0.5305650621429765,-0.8187457531977007,0.13192230370947847,0.09417291433310024,-0.9064617395828357,-1.2860689784351873,-0.15503559176110207,-0.19789133110084717,0.4470866002977665
-1.2861197238959414,-0.40337812096399717,-0.06499664747269676,-0.5802307069808325,-0.8187457531977007,2.791526293941505,0.1723336127121805,-1.4032567528167947,-0.15188821479106943,-1.1010823912631464,0.7322297387912664,0.4470866002977665
-1.3974636406653975,0.19287089589289413,0.28236450614047515,-0.9775558656836805,-0.47155176520424164,-1.134555786877201,1.0516414694768335,-0.7258090074977445,0.31512739376827115,1.307036734742058,-0.5361171746979798,0.4470866002977665
-1.8428393077432244,-0.8008774655352581,-0.15183693587598973,-1.0520543329404644,-1.16593974119116,-1.261203595935869,-1.0586973867583338,-0.6693550287211639,0.515276940293702,-0.9290738822627745,-0.7052300964965453,0.4470866002977665
-1.7314953909737671,-0.16487851422124092,0.6297256597536466,-0.9278902208458244,-1.1080740765255834,0.005274494650810516,0.23095413649649071,-1.8737065759550078,0.3818439092767471,-1.2730909002635182,1.4932378868848144,0.4470866002977665
1.0521025282626468,0.4711204370927765,0.021843640930596212,-0.5181486509335125,-0.6451487592009714,-1.6411470231118728,-1.8793847197386766,-1.0645328801572695,-0.21860473029954836,-1.2730909002635182,1.070455582388399,0.4470866002977665
1.4974781953404734,0.7096200438355332,0.890246524963525,0.8104073484791353,0.10710488145152376,-1.007907977818533,0.035552390548790044,1.4947141577146748,1.1157255798700003,-0.15503559176110207,-1.1280124009929609,0.4470866002977665
1.163446445032103,-0.6418777277067537,0.5428853713503535,1.1580668623441275,0.33856754011382967,-0.5013167415838612,0.7585388505552826,1.5135321506402017,0.6487099713106569,-0.32704410076147394,-0.7052300964965453,0.4470866002977665
-0.7294001400486586,-1.0393770722780147,0.4560450829470606,-0.9278902208458244,-0.8187457531977007,-0.31134502799585934,-0.17938952999368069,-1.200022429221088,-0.4187542768249792,0.016972917239269796,0.309447434294851,0.4470866002977665
0.3840390276459069,1.5841186018923068,-0.15183693587598973,1.5802248434659036,-0.8187457531977007,1.9049916305308296,2.028650199215337,1.09200910910835,-0.552187307841934,0.4469941897401995,-0.9588994791943952,0.4470866002977665
-1.0634318903570281,-0.40337812096399717,0.19552421773718215,-0.14565631464959258,-0.47155176520424164,-1.007907977818533,-0.7851349424315528,-1.7269262311358817,0.448560424785226,-0.06903133726091613,1.7469072695826628,0.4470866002977665
-1.2861197238959414,2.2996174221205763,-2.670205299571484,-0.9030573984268965,-0.24008910654193572,2.601554580353503,1.501065485156545,-0.7182818103275254,2.2499063435141156,-0.6710611187622172,0.22489097339556824,0.4470866002977665
1.4974781953404734,-0.9598772033637624,1.5849688321898683,-0.9278902208458244,0.16497054611709994,-1.261203595935869,0.32865500947034104,-0.8010809791998519,-1.0859194319097536,-0.4130483552616594,0.309447434294851,0.4470866002977665
0.6067268611848202,-0.2443783831354927,0.19552421773718215,0.6862432363844956,-0.008626447879629403,0.7018374444734842,1.168882517045454,1.3065342284593644,0.9822925488530455,0.7050069532407564,-0.45156071379869706,0.4470866002977665
-0.5067123065097453,0.07362109252151577,-0.06499664747269676,-0.6547291742376166,0.16497054611709994,-0.6912884551718631,0.13325326352264039,-1.6140182735827207,-0.6189038233504129,0.10297717173945574,1.8314637304819472,0.4470866002977665
0.8294146947237335,2.8561165045203416,-0.6728786662957469,-0.7043948190754724,2.3060001387434315,-0.881260168759865,-0.4724921489152317,0.8549023982466782,0.6487099713106569,-0.24103984626128802,-0.9588994791943952,-2.2367031338760426
0.050007277337537445,1.34561899514955,-1.628121838731969,-0.10840708102120049,0.10710488145152376,-0.5013167415838612,-0.6678938948629324,0.01938351235319407,-2.4202497420793025,-1.3590951547637042,-1.3816817836908106,0.4470866002977665
-1.1747758071264842,-0.9598772033637624,-0.8465592431023328,-0.8037261087511844,-0.18222344187635914,1.6516960124134936,0.2895746602808009,-0.1951416069978204,0.6487099713106569,-0.5850568642620313,-0.9588994791943952,0.4470866002977665
-1.3974636406653975,-1.5163762857635275,-0.41235780108586817,0.13992114316807952,-0.8187457531977007,-0.6279645506425292,-0.4138716251309215,-0.25912278294462004,-0.8857698853843228,0.5329984442403845,-0.6206736355972626,0.4470866002977665
-0.17268055620137587,2.0611178153778194,-2.670205299571484,-0.6050635293997605,1.380149504094207,0.06859839918014449,-1.0977777359478738,0.36939818076802694,1.3825916419039102,0.4469941897401995,0.4785603560934166,-2.2367031338760426
-0.952087973587572,-0.2443783831354927,-0.3255175126825752,-0.058741436183344445,-1.050208411860007,1.5883721078841597,0.38727553325465125,-1.3204575839444683,-0.4187542768249792,-0.7570653732624032,1.5777943477840972,0.4470866002977665
-0.7294001400486586,-0.8803773344495102,-1.0202398199089184,1.8285530676551836,-0.008626447879629403,1.4617242988254917,0.4849764062285016,1.0355551303317694,-0.4187542768249792,-0.7570653732624032,-1.1280124009929609,0.4470866002977665
-0.061336639431918714,-0.9598772033637624,0.19552421773718215,-0.8285589311701125,-0.5294174298698182,-0.24802112346652536,-0.43341179972569155,-1.5538006962210096,-0.8857698853843228,-0.4130483552616594,1.4086814259855318,0.4470866002977665
-0.8407440568181148,-0.4828779898782494,0.7165659481569395,-0.9030573984268965,0.16497054611709994,0.7018374444734842,0.2895746602808009,-1.2527128094125382,0.048261331734361396,-0.9290738822627745,0.3940038951941338,0.4470866002977665
0.3840390276459069,1.6636184708065591,0.10868392933388919,-0.7043948190754724,1.2644181747630545,1.2717525852374898,-0.9805366883792535,0.09465548405530148,0.7821430023276118,2.683104806745031,1.9160201913812298,-2.2367031338760426
-0.17268055620137587,0.39162056817852425,0.10868392933388919,-0.7788932863322565,1.0908211807663248,-1.7044709276412067,-2.1920275132549976,-0.4247211206892731,0.9155760333445666,0.36098993524001355,1.8314637304819472,-2.2367031338760426
-1.1747758071264842,1.34561899514955,-0.06499664747269676,-0.8533917535890405,-0.6451487592009714,-0.7546123597011971,-0.824215291621093,-1.2640036051678878,1.64945770393782,-0.7570653732624032,1.070455582388399,0.4470866002977665
0.27269511087645076,0.07362109252151577,-0.5860383778924542,0.16475396558700742,-0.8766114178632773,-0.5013167415838612,-0.0035279586407500917,-0.22148679709356636,-2.019950649028438,1.307036734742058,-0.28244779200013,0.4470866002977665
0.27269511087645076,-1.277876679020771,0.7165659481569395,-0.7788932863322565,-0.2979547712075123,-0.6279645506425292,0.7585388505552826,0.3279985963318846,1.9830402814802057,-0.32704410076147394,-0.5361171746979798,0.4470866002977665
0.050007277337537445,-1.1983768101065189,0.4560450829470606,-0.5802307069808325,-1.1080740765255834,-0.1846972189371914,-0.43341179972569155,-1.0043153027955587,-0.7523368543673679,-1.1870866457633324,0.4785603560934166,0.4470866002977665
1.2747903618015592,-0.08537864530698869,0.021843640930596212,-0.9527230432647524,-0.41368610053866506,1.145104776178822,0.05509256514356011,-0.9516249226041085,-1.5529350404690943,-0.49905260976184534,0.3940038951941338,0.4470866002977665
-1.6201514742043108,-0.5623778587925017,0.10868392933388919,0.9345714605737753,0.6857615281072887,-0.7546123597011971,-0.3552511013466113,0.02691070952341317,0.31512739376827115,-1.7031121727644476,-0.19789133110084717,0.4470866002977665
-0.28402447297083205,-0.4828779898782494,0.28236450614047515,1.9651335909592873,-0.008626447879629403,-0.05804940987852345,0.7976191997448226,1.7581660586720924,1.449308157412386,-0.32704410076147394,-0.9588994791943952,0.4470866002977665
2.2768856127266686,1.34561899514955,0.10868392933388919,-0.5305650621429765,2.074537480081126,-0.6279645506425292,0.035552390548790044,1.6828940869699434,0.6487099713106569,0.9630197167413141,-1.043455940093678,-2.2367031338760426
-0.6180562232792015,-0.005878776392736454,-0.23867722427928223,-0.6050635293997605,-0.5294174298698182,0.19524620823881242,0.32865500947034104,-1.6817630481146089,-0.01845518377411456,-1.1010823912631464,1.7469072695826628,0.4470866002977665
-0.3953683897402892,-0.2443783831354927,-0.6728786662957469,1.3567294416955515,0.04923921678594718,0.8918091580614861,1.3642842629931546,1.3592246086508564,-0.685620338858889,0.016972917239269796,-1.5507947054893763,0.4470866002977665
1.3861342785710153,2.2996174221205763,-1.1939203967155043,-0.6547291742376166,1.380149504094207,-1.261203595935869,-0.9219161645949433,0.8925383840977319,-0.15188821479106943,-0.49905260976184534,-1.1280124009929609,-2.2367031338760426
-0.28402447297083205,2.617616897777585,-0.6728786662957469,-0.7043948190754724,1.8430748214188195,-1.261203595935869,-0.02306813323552016,0.5462873142680295,0.9155760333445666,1.6510537527428006,0.22489097339556824,-2.2367031338760426
0.050007277337537445,1.5841186018923068,-1.8886427039418476,-0.7043948190754724,0.8014928574384419,-1.7044709276412067,-2.1724873386602277,0.7194128491828599,0.8488595178360907,0.2749856807398276,-0.1133348702015644,-2.2367031338760426
0.1613511941069936,-1.1983768101065189,0.4560450829470606,1.4312279089523352,-0.24008910654193572,-0.6912884551718631,-0.5897331964838521,0.7419944406935172,-0.4187542768249792,-0.5850568642620313,0.22489097339556824,0.4470866002977665
1.163446445032103,-0.6418777277067537,0.36920479454376764,1.0587355726684153,-0.24008910654193572,1.3984003942961578,1.2861235646140743,1.1559902850551498,-0.8857698853843228,0.4469941897401995,-0.9588994791943952,0.4470866002977665
-1.5088075574348547,-0.1251285797641148,-0.9333995315056256,-0.6795619966565444,0.04923921678594718,-0.8179362642305311,0.27003448568603083,-0.05588845934891334,-0.08517169928259348,1.4790452437424297,-0.5361171746979798,0.4470866002977665
-0.5067123065097453,-1.0393770722780147,-0.41235780108586817,-0.8782245760079684,-0.41368610053866506,0.5751896354148163,0.40681570784942134,0.06454669537446688,0.7821430023276118,1.8230622617431727,-0.9588994791943952,0.4470866002977665
-1.2861197238959414,-0.7213775966210059,-0.06499664747269676,-0.9527230432647524,-0.06649211254520598,0.32189401729748035,0.21141396190172065,-0.7258090074977445,0.24841087825979224,-0.49905260976184534,-0.19789133110084717,0.4470866002977665
-0.3953683897402892,-0.8008774655352581,0.6297256597536466,-0.6795619966565444,-1.281671070522313,0.5751896354148163,-0.3161707521570712,-0.9516249226041085,0.18169436275131629,-0.9290738822627745,0.3940038951941338,0.4470866002977665
1.4974781953404734,-0.2443783831354927,1.4981285437865755,-0.7043948190754724,2.5953284620713144,-1.5778231185825387,-2.113866814875917,0.05701949820424777,0.24841087825979224,0.9630197167413141,1.4932378868848144,-2.2367031338760426
-0.952087973587572,-0.2443783831354927,-0.3255175126825752,0.7607417036412795,-0.008626447879629403,0.6385135399441502,0.8171593743395927,0.3957433708637729,-0.08517169928259348,0.016972917239269796,-0.6206736355972626,0.4470866002977665
-0.5067123065097453,-1.1188769411922665,0.19552421773718215,-0.8782245760079684,-1.16593974119116,-1.071231882347867,-0.4138716251309215,-0.4247211206892731,0.048261331734361396,0.36098993524001355,-0.45156071379869706,0.4470866002977665
-0.6180562232792015,-0.5623778587925017,-0.6728786662957469,0.5869119467087834,1.2065525100974779,0.005274494650810516,0.7194585013657424,0.8549023982466782,0.18169436275131629,0.18898142623964168,-1.2971253227915278,0.4470866002977665
-1.3974636406653975,1.1866192573210461,1.3244479669799898,-0.8782245760079684,-0.47155176520424164,0.005274494650810516,0.9539405965029832,-0.27417717728505825,-0.6189038233504129,-0.32704410076147394,-1.5507947054893763,0.4470866002977665
0.9407586114931897,-0.8008774655352581,1.5849688321898683,-0.9278902208458244,-0.703014423866548,-0.6912884551718631,-0.4138716251309215,-1.4785287245189023,-1.1526359474182326,-1.961124936265005,1.2395685041869646,0.4470866002977665
2.0541977791877564,0.789119912749785,2.887573158239262,-0.6795619966565444,2.5953284620713144,-1.3878514049945367,-1.5276615770328152,1.7581660586720924,2.1164733124971606,1.307036734742058,-0.1133348702015644,-2.2367031338760426
0.050007277337537445,2.7368667011489634,-1.2807606851187971,-0.7043948190754724,1.4958808334253602,-1.4511753095238709,-1.8598445451439065,0.8022120180551864,0.9822925488530455,0.36098993524001355,-0.7897865573958297,-2.2367031338760426
2.8336051965739513,1.1866192573210461,-0.5860383778924542,-0.5553978845619044,2.5374627974057375,-1.071231882347867,-1.4885812278432753,1.5323501435657285,-0.685620338858889,1.9950707707435444,-0.5361171746979798,-2.2367031338760426
-0.6180562232792015,-0.4828779898782494,-0.23867722427928223,-0.0090757913454884,-1.050208411860007,-0.12137331440785742,-0.43341179972569155,-1.3882023584763565,-0.8857698853843228,0.6190026987405703,1.8314637304819472,0.4470866002977665
-0.061336639431918714,0.07362109252151577,-0.41235780108586817,-0.6547291742376166,-1.050208411860007,-1.261203595935869,-0.3357109267518412,-1.079587274497666,-1.0859194319097536,-0.7570653732624032,0.3940038951941338,0.4470866002977665
-0.7294001400486586,2.0611178153778194,-0.23867722427928223,-0.7043948190754724,-0.008626447879629403,-1.134555786877201,-1.3908803548694249,-0.07094285368935153,1.2491586108869552,0.7910112077409422,1.8314637304819472,-2.2367031338760426
1.163446445032103,2.0611178153778194,0.7165659481569395,-0.2574040155347685,-0.8187457531977007,-0.5646406461131952,0.035552390548790044,-0.8387169650509056,0.448560424785226,1.3930409892422437,1.8314637304819472,0.4470866002977665
-0.8407440568181148,0.153120961435768,-1.454441261925383,-0.033908613764416534,0.2228362107826765,-0.24802112346652536,0.15279343811741045,0.3091806034063577,-0.08517169928259348,-0.24103984626128802,-1.043455940093678,0.4470866002977665
1.163446445032103,1.9021180775493158,-1.1939203967155043,0.8104073484791353,-0.47155176520424164,-1.134555786877201,-1.175938434326954,0.629086483140356,-0.8857698853843228,-1.7891164272646334,-0.9588994791943952,0.4470866002977665
-0.8407440568181148,1.7431183397208114,-2.4965247227648977,-1.0023886881026083,-0.7608800885321242,-1.5778231185825387,-0.7655947678367827,-0.5978466556041452,0.11497784724284033,-1.3590951547637042,-0.9588994791943952,0.4470866002977665
0.3840390276459069,0.23262083035002024,-0.06499664747269676,-0.9030573984268965,0.5121645341105594,-0.3746689325251933,1.0321012948820634,0.3279985963318846,0.24841087825979224,0.016972917239269796,-1.2971253227915278,0.4470866002977665
0.27269511087645076,-0.6418777277067537,0.19552421773718215,1.9278843573308952,0.04923921678594718,1.208428680708156,1.2275030408297642,1.7958020445231462,1.2491586108869552,-0.9290738822627745,-0.7052300964965453,0.4470866002977665
0.49538294441536407,-0.5623778587925017,-0.7597189546990398,1.4312279089523352,-0.3558204358730885,-0.31134502799585934,-0.7655947678367827,0.5538145114382068,-2.4202497420793025,-1.2730909002635182,-0.7897865573958297,0.4470866002977665
-0.3953683897402892,-0.8008774655352581,1.6718091205931613,0.9345714605737753,-0.703014423866548,0.6385135399441502,1.3838244375879247,-0.3720307404977812,-1.753084586994528,0.4469941897401995,0.309447434294851,0.4470866002977665
0.3840390276459069,1.107119388406794,0.4560450829470606,0.23925243284379158,1.4958808334253602,-1.1978796914065348,-0.6483537202681623,1.457078171863621,0.7154264868191358,2.7691090612452167,-0.1133348702015644,-2.2367031338760426
0.49538294441536407,-1.357376547935023,-0.06499664747269676,-0.9030573984268965,-0.8766114178632773,-0.3746689325251933,-0.570193021889082,-0.4698843037105459,2.0497567969886816,-1.0150781367629604,-0.028778409302281614,0.4470866002977665
0.27269511087645076,-0.16487851422124092,0.8034062365602325,2.1513797591012476,-0.18222344187635914,2.2216111531774994,2.1654314213787274,1.4194421860125674,-0.9524864008927987,0.7050069532407564,-0.8743430182951124,0.4470866002977665
0.1613511941069936,2.220117553206324,-2.5833650111681905,-0.6050635293997605,1.6694778274220898,-0.6912884551718631,-0.6874340694577025,1.3291158199700217,2.1831898280056365,0.7050069532407564,-0.7052300964965453,-2.2367031338760426
-0.17268055620137587,-0.40337812096399717,1.150767390173404,0.8104073484791353,-0.12435777721078256,1.335076489766824,1.2275030408297642,0.7194128491828599,-0.15188821479106943,0.016972917239269796,-1.043455940093678,0.4470866002977665
-0.8964160152028429,-0.8008774655352581,0.5428853713503535,-0.4312337724672644,-1.5709993938501956,-0.6912884551718631,-0.7851349424315528,-1.192495232050869,1.1157255798700003,-0.32704410076147394,1.1550120432876818,0.4470866002977665
0.27269511087645076,0.6301201749212809,1.150767390173404,-0.5802307069808325,1.0329555161007482,-0.5646406461131952,-1.410420529464195,0.3806889765233765,0.515276940293702,2.855113315745403,0.7322297387912664,-2.2367031338760426
1.2747903618015592,-0.4828779898782494,0.6297256597536466,-0.28223683795369653,0.16497054611709994,-0.8179362642305311,0.1723336127121805,-0.4247211206892731,-0.08517169928259348,-1.1010823912631464,0.7322297387912664,0.4470866002977665
-0.17268055620137587,-0.7213775966210059,-0.06499664747269676,1.4063950865334074,1.2644181747630545,2.284935057706833,1.442444961372235,0.9828647501402775,-2.2201001955538686,-0.7570653732624032,-1.3816817836908106,0.4470866002977665
-0.8407440568181148,1.6636184708065591,-1.9754829923451402,-0.1332399034401284,1.3222838394286303,-1.261203595935869,-1.7230633229805161,0.952755961459443,2.2499063435141156,1.0490239712415002,0.8167861996905492,-2.2367031338760426
0.3840390276459069,2.1803676187491976,-1.1070801083122115,-0.6298963518186885,1.7273434920876665,-1.007907977818533,-1.175938434326954,0.9226471727786083,0.5819934558021809,0.2749856807398276,-0.7052300964965453,-2.2367031338760426
-0.3953683897402892,-0.40337812096399717,-0.49919808948916117,1.6547233107226873,-0.18222344187635914,0.8918091580614861,1.1298021678559138,1.1221178977891846,0.7154264868191358,-0.6710611187622172,-0.7052300964965453,0.4470866002977665
-0.061336639431918714,-0.08537864530698869,-0.06499664747269676,1.3939786753239436,-0.6451487592009714,-1.7044709276412067,-1.8012240213595963,-0.7860265848594137,-1.0192029164012777,-1.6171079182642616,1.7469072695826628,0.4470866002977665
0.050007277337537445,-0.8008774655352581,0.5428853713503535,0.5620791242898555,-0.3558204358730885,0.32189401729748035,0.9148602473134431,0.7043584548424634,0.24841087825979224,0.4469941897401995,-0.7052300964965453,0.4470866002977665
-1.0634318903570281,-0.2443783831354927,-0.3255175126825752,2.6232033850608794,-0.703014423866548,0.005274494650810516,0.27003448568603083,0.05701949820424777,-0.21860473029954836,-0.5850568642620313,2.000576652280513,0.4470866002977665
0.49538294441536407,-0.5623778587925017,0.977086813366818,2.2507110487769593,1.0329555161007482,1.0817808716494879,1.5206056597513151,1.4947141577146748,-2.2201001955538686,-0.7570653732624032,-1.4662382445900934,0.4470866002977665
-0.28402447297083205,0.23262083035002024,-0.06499664747269676,2.6480362074798074,0.33856754011382967,1.2717525852374898,1.481525310561775,1.6076221152678358,-0.21860473029954836,-0.15503559176110207,-1.1280124009929609,0.4470866002977665
-1.0634318903570281,-0.40337812096399717,1.6718091205931613,-0.6795619966565444,-0.008626447879629403,1.7783438214721616,0.6412978029866622,-0.4247211206892731,-0.9524864008927987,0.8770154622411283,-0.7052300964965453,0.4470866002977665
-0.3953683897402892,-0.2443783831354927,0.4560450829470606,-0.8037261087511844,-0.5872830945353948,-0.5646406461131952,-0.3747912759413814,-1.026896894306216,0.448560424785226,0.5329984442403845,0.8167861996905492,0.4470866002977665
1.4974781953404734,-1.0393770722780147,0.5428853713503535,-0.9278902208458244,0.04923921678594718,-1.5778231185825387,-0.5115724981047718,-0.08599724802974795,-0.2853212458080243,0.10297717173945574,-0.45156071379869706,0.4470866002977665
2.3882295294961247,-0.16487851422124092,0.19552421773718215,-0.7168112302849365,0.8593585221040185,-1.134555786877201,-1.8207641959543663,0.463488145395703,0.24841087825979224,2.855113315745403,0.901342660589832,-2.2367031338760426
0.6067268611848202,0.23262083035002024,-0.5860383778924542,-0.26982042674423246,-0.9923427471944305,-1.6411470231118728,-1.683982973790976,-1.1096960631785424,-1.4195020094521422,-1.2730909002635182,0.9858991214891163,0.4470866002977665
1.4974781953404734,0.153120961435768,0.977086813366818,-0.9403066320552885,-0.8766114178632773,-0.8179362642305311,-0.4724921489152317,-1.0645328801572695,-0.15188821479106943,-1.6171079182642616,1.4932378868848144,0.4470866002977665
0.27269511087645076,-0.2443783831354927,-0.41235780108586817,1.8782187124930394,-0.12435777721078256,1.0817808716494879,1.149342342450684,1.34417021431046,-0.8190533698758439,0.10297717173945574,-1.3816817836908106,0.4470866002977665
0.49538294441536407,0.39162056817852425,-0.6728786662957469,-0.7540604639133285,-1.8024620525125017,0.005274494650810516,-1.0000768629740235,-1.7796166113273737,-1.9532341335199588,-1.2730909002635182,1.5777943477840972,0.4470866002977665
1.942853862418298,-0.7213775966210059,0.977086813366818,-0.6547291742376166,0.2807018754482531,-0.24802112346652536,-0.12076900620937049,0.02691070952341317,-1.5529350404690943,-0.6710611187622172,-0.5361171746979798,0.4470866002977665
-0.952087973587572,-0.08537864530698869,2.192850851012919,-0.5553978845619044,-0.12435777721078256,0.9551330625908201,1.2470432154245341,-0.5752650640935297,0.5819934558021809,0.5329984442403845,0.22489097339556824,0.4470866002977665
-0.17268055620137587,-0.4828779898782494,0.5428853713503535,-0.45606659488619244,-1.281671070522313,-0.12137331440785742,-0.5311126726995419,-1.3468027740402142,-0.552187307841934,-0.49905260976184534,1.3241249650862474,0.4470866002977665
-1.3974636406653975,-0.2443783831354927,-0.06499664747269676,-0.2574040155347685,-1.281671070522313,0.32189401729748035,-0.2966305775623011,-1.6177818721678092,0.24841087825979224,0.6190026987405703,1.789185500032305,0.4470866002977665
-1.0634318903570281,0.153120961435768,0.10868392933388919,1.9775500021687515,0.33856754011382967,-1.5778231185825387,-0.14030918080414057,0.6742496661616288,0.515276940293702,0.4469941897401995,0.7322297387912664,-2.2367031338760426
0.1613511941069936,-0.32387825204974496,-0.3255175126825752,1.3567294416955515,-0.41368610053866506,-0.31134502799585934,-0.12076900620937049,-0.2177231985084777,-1.2193524629267085,0.10297717173945574,0.7322297387912664,0.4470866002977665
0.6067268611848202,-1.0393770722780147,0.7165659481569395,-0.7540604639133285,0.33856754011382967,-0.5013167415838612,-0.570193021889082,0.06454669537446688,0.31512739376827115,-0.49905260976184534,-0.28244779200013,0.4470866002977665
0.49538294441536407,0.31212069926427205,-0.9333995315056256,2.2258782263580317,0.33856754011382967,2.0316394395894974,2.126351072189187,1.8635468190550346,-0.7523368543673679,-0.06903133726091613,-1.4662382445900934,0.4470866002977665
-2.28821497482105,0.2723707648071459,0.28236450614047515,-0.9775558656836805,1.1486868454319015,0.06859839918014449,0.44589605703896146,-0.9591521197742858,0.11497784724284033,-0.9290738822627745,-0.45156071379869706,0.4470866002977665
1.4974781953404734,2.7368667011489634,-1.628121838731969,-0.6547291742376166,2.0166718154155494,-1.007907977818533,-0.14030918080414057,1.005446341650935,-0.3520377613165032,1.307036734742058,-0.7052300964965453,-2.2367031338760426
-0.8407440568181148,-0.2443783831354927,0.19552421773718215,-0.8037261087511844,-1.1080740765255834,-0.43799283705452724,-0.17938952999368069,-1.4785287245189023,0.11497784724284033,-0.06903133726091613,1.2395685041869646,0.4470866002977665
0.6067268611848202,-0.8008774655352581,0.10868392933388919,-0.033908613764416534,0.4542988694449828,0.5118657308854823,-0.14030918080414057,0.0005655194276672184,-0.7523368543673679,0.10297717173945574,-0.36700425289941424,0.4470866002977665
1.3861342785710153,0.31212069926427205,0.19552421773718215,-0.6298963518186885,1.6116121627565132,-1.261203595935869,-1.429960704058965,0.7758668279594821,0.31512739376827115,2.597100552244846,0.309447434294851,-2.2367031338760426
-0.6180562232792015,0.31212069926427205,-0.8465592431023328,-0.7043948190754724,0.16497054611709994,0.9551330625908201,0.9930209456925233,-0.27417717728505825,-0.4187542768249792,-0.06903133726091613,-0.9588994791943952,0.4470866002977665
0.050007277337537445,-0.7213775966210059,0.021843640930596212,-0.5553978845619044,-1.050208411860007,0.6385135399441502,0.309114834875571,-1.5538006962210096,-0.4187542768249792,-1.1870866457633324,1.7469072695826628,0.4470866002977665
1.3861342785710153,0.23262083035002024,-0.15183693587598973,0.06542267591129555,1.6116121627565132,-0.7546123597011971,-0.550652847294312,-0.9591521197742858,-1.8198011025030039,-1.0150781367629604,1.5777943477840972,0.4470866002977665
-1.8428393077432244,0.7096200438355332,-0.49919808948916117,-0.2574040155347685,-0.9923427471944305,0.8918091580614861,0.1918737873069506,-1.2075496263912653,0.5819934558021809,0.6190026987405703,0.9436208910394741,0.4470866002977665
-1.5088075574348547,0.23262083035002024,-1.8018024155385546,-0.9030573984268965,-0.9923427471944305,-0.6912884551718631,-1.0196170375687936,-1.2527128094125382,0.9155760333445666,0.016972917239269796,0.4785603560934166,0.4470866002977665
0.7180707779542764,0.4711204370927765,1.7586494089964544,1.6795561331416153,2.653194126736891,1.7150199169428277,1.188422691640224,1.442023777523183,-2.0866671645369137,0.016972917239269796,-1.3816817836908106,0.4470866002977665
-0.7294001400486586,-0.40337812096399717,-0.49919808948916117,0.06542267591129555,-0.12435777721078256,-1.261203595935869,0.2504943110912608,-0.7182818103275254,-1.6863680714860492,1.4790452437424297,0.309447434294851,0.4470866002977665
-0.6180562232792015,-0.8803773344495102,-1.3676009735220902,0.4130821897762874,-0.12435777721078256,-0.31134502799585934,-0.14030918080414057,0.05701949820424777,-1.5529350404690943,0.6190026987405703,-0.6206736355972626,0.4470866002977665
-0.6180562232792015,-0.4828779898782494,0.19552421773718215,-0.8782245760079684,-0.47155176520424164,0.7018374444734842,-0.10122883161460043,-1.2527128094125382,-0.21860473029954836,-0.24103984626128802,0.5631168169927009,0.4470866002977665
-0.3953683897402892,-0.7213775966210059,0.5428853713503535,2.5983705626419513,-0.7608800885321242,1.9683155350601635,0.6412978029866622,1.7017120798954701,-1.3527854939436634,-0.9290738822627745,-1.1280124009929609,0.4470866002977665
-0.5067123065097453,-0.7213775966210059,-0.3255175126825752,-0.8285589311701125,-0.5294174298698182,0.32189401729748035,-0.08168865701983036,-0.808608176370071,1.0490090643615215,0.5329984442403845,0.309447434294851,0.4470866002977665
2.2768856127266686,1.107119388406794,1.5849688321898683,-0.5802307069808325,2.074537480081126,-0.6279645506425292,-0.8828358154054031,1.7958020445231462,0.8488595178360907,0.5329984442403845,-0.7897865573958297,-2.2367031338760426
-1.8428393077432244,-0.08537864530698869,-1.2807606851187971,-0.18290554827798444,-1.1080740765255834,0.3852179218268143,-0.39433145053615143,-1.290348795263592,0.515276940293702,-1.2730909002635182,0.9858991214891163,0.4470866002977665
0.7180707779542764,-0.5623778587925017,1.150767390173404,-0.28223683795369653,-0.6451487592009714,1.145104776178822,0.5045165808232717,-1.0645328801572695,-1.0859194319097536,-1.1870866457633324,0.8167861996905492,0.4470866002977665
-0.3953683897402892,-1.1983768101065189,0.4560450829470606,-0.9527230432647524,-0.9923427471944305,-0.24802112346652536,-0.5311126726995419,-1.9151061603911501,0.048261331734361396,-1.4450994092638898,2.1696895740790785,0.4470866002977665
-0.3953683897402892,-0.4828779898782494,0.7165659481569395,-0.8658081647985044,-0.47155176520424164,0.5751896354148163,-0.6092733710786222,-1.0645328801572695,0.8488595178360907,-0.9290738822627745,0.6476732778919837,0.4470866002977665
-0.8407440568181148,-0.6418777277067537,-0.6728786662957469,-0.9278902208458244,-1.7445963878469255,-0.8179362642305311,0.15279343811741045,-0.808608176370071,-1.1526359474182326,-1.961124936265005,-0.028778409302281614,0.4470866002977665
1.4974781953404734,2.7766166356060893,-1.3676009735220902,-0.7540604639133285,1.785209156753243,-0.881260168759865,-1.5276615770328152,1.231262256757257,0.5819934558021809,0.2749856807398276,-0.8743430182951124,-2.2367031338760426
-0.5067123065097453,-1.277876679020771,0.10868392933388919,-0.9030573984268965,-0.703014423866548,-0.7546123597011971,-0.863295640810633,-1.6140182735827207,-0.2853212458080243,-0.8430696277625891,1.4086814259855318,0.4470866002977665
0.1613511941069936,-0.16487851422124092,0.28236450614047515,0.7110760588034234,-0.703014423866548,1.145104776178822,0.15279343811741045,0.015619913768105414,-0.08517169928259348,-0.9290738822627745,0.055778051597001166,0.4470866002977665
-1.0634318903570281,1.941868012006442,-0.41235780108586817,-0.10840708102120049,0.2807018754482531,-0.881260168759865,0.11371308892787031,0.13981866707657428,0.11497784724284033,-0.4130483552616594,-1.2971253227915278,0.4470866002977665
-2.1768710580515935,-0.32387825204974496,0.8034062365602325,-0.9278902208458244,1.6116121627565132,0.7018374444734842,0.07463273973833018,-0.7107546131573063,0.6487099713106569,-0.32704410076147394,-0.45156071379869706,0.4470866002977665
-0.061336639431918714,1.34561899514955,0.4560450829470606,-0.35673530521048047,-1.050208411860007,0.005274494650810516,0.2895746602808009,-1.3279847811146874,-0.552187307841934,-1.1010823912631464,1.3241249650862474,0.4470866002977665
0.27269511087645076,1.6636184708065591,-2.062323280748433,-0.8782245760079684,1.4958808334253602,-1.6411470231118728,-1.9575454181177567,1.2688982426083109,0.6487099713106569,2.597100552244846,-0.8743430182951124,-2.2367031338760426
0.6067268611848202,-0.9598772033637624,0.8034062365602325,0.5372463018709274,0.4542988694449828,1.208428680708156,-0.19892970458845077,0.5538145114382068,-1.0859194319097536,0.10297717173945574,-0.6206736355972626,0.4470866002977665
-0.6180562232792015,-0.40337812096399717,-0.41235780108586817,-0.9527230432647524,0.2228362107826765,-0.5646406461131952,1.0907218186663736,-0.33439475464672747,-0.8857698853843228,0.2749856807398276,-1.1280124009929609,0.4470866002977665
-1.5088075574348547,-0.16487851422124092,-2.236003857555019,-1.0272215105215365,-0.5872830945353948,-1.261203595935869,-1.762143672170056,-0.5752650640935297,0.9155760333445666,-1.3590951547637042,-1.212568861892245,0.4470866002977665
0.050007277337537445,-0.7213775966210059,-0.41235780108586817,1.0587355726684153,-1.2238054058567367,0.3852179218268143,0.035552390548790044,-0.6204282471147607,-1.0859194319097536,-1.4450994092638898,1.5777943477840972,0.4470866002977665
0.050007277337537445,-1.0393770722780147,0.5428853713503535,-0.8533917535890405,-0.2979547712075123,-0.944584073289199,-0.3161707521570712,-0.6655914301360335,-0.2853212458080243,-0.06903133726091613,0.14033451249628545,0.4470866002977665
0.7180707779542764,-0.32387825204974496,0.10868392933388919,-0.9278902208458244,-0.2979547712075123,-0.5013167415838612,-0.9414563391897133,-0.5903194584339261,-1.0859194319097536,1.4790452437424297,-0.1133348702015644,0.4470866002977665
0.1613511941069936,-0.8803773344495102,0.36920479454376764,-0.4312337724672644,-0.8187457531977007,-0.6279645506425292,-0.257550228372761,-0.7446270004232713,-0.7523368543673679,0.2749856807398276,0.3940038951941338,0.4470866002977665
-0.17268055620137587,-0.7213775966210059,0.36920479454376764,0.13992114316807952,-0.2979547712075123,-0.6279645506425292,-0.12076900620937049,-0.04836126217869424,0.515276940293702,0.18898142623964168,0.055778051597001166,0.4470866002977665
-0.17268055620137587,0.39162056817852425,-0.5860383778924542,-0.08357425860227258,-0.5294174298698182,-0.43799283705452724,0.07463273973833018,-1.139804851859377,0.31512739376827115,-1.4450994092638898,1.66235080868338,0.4470866002977665
-0.6180562232792015,0.31212069926427205,-0.9333995315056256,0.18958678800593554,-0.8187457531977007,-0.8179362642305311,-0.06214848242506029,0.177454652927628,0.7154264868191358,-0.6710611187622172,-0.45156071379869706,0.4470866002977665
0.6067268611848202,-0.2443783831354927,0.28236450614047515,-0.18290554827798444,-1.16593974119116,0.32189401729748035,-0.08168865701983036,-1.1021688660083233,-1.5529350404690943,-0.8430696277625891,1.4086814259855318,0.4470866002977665
-1.0634318903570281,-0.8008774655352581,-0.15183693587598973,2.0272156470066074,-0.3558204358730885,-0.1846972189371914,0.09417291433310024,2.044199551140126,1.1157255798700003,-0.49905260976184534,-1.7199076272879432,0.4470866002977665
-0.8407440568181148,-0.5623778587925017,-0.23867722427928223,1.8037202452362553,0.04923921678594718,1.4617242988254917,0.2504943110912608,0.4785425397360994,-0.21860473029954836,-1.1870866457633324,0.055778051597001166,0.4470866002977665
2.722261279804495,-1.1983768101065189,-0.6728786662957469,-0.8285589311701125,-0.3558204358730885,-1.071231882347867,-1.0391572121635637,0.10218268122552057,-1.0192029164012777,-1.6171079182642616,-0.9588994791943952,0.4470866002977665
0.1613511941069936,2.7766166356060893,-2.670205299571484,-0.6298963518186885,0.2228362107826765,-1.5778231185825387,-2.1334069894706875,-0.28170437445527735,0.8488595178360907,1.307036734742058,1.7469072695826628,-2.2367031338760426
2.722261279804495,0.23262083035002024,0.5428853713503535,-0.6795619966565444,1.5537464980909366,-1.6411470231118728,-2.0943266402811473,1.5323501435657285,-0.01845518377411456,0.9630197167413141,-1.212568861892245,-2.2367031338760426
0.27269511087645076,1.5841186018923068,-0.5860383778924542,1.2573981520198394,2.5953284620713144,0.2585701127681464,1.501065485156545,1.5699861294167823,1.2491586108869552,-0.32704410076147394,-1.3816817836908106,0.4470866002977665
-0.8407440568181148,0.4711204370927765,-0.5860383778924542,0.2889180776816474,-0.9344770825288539,-0.7546123597011971,-0.6678938948629324,-1.7269262311358817,-1.2193524629267085,-2.1331334452653765,2.3388024958776454,0.4470866002977665
0.050007277337537445,-0.16487851422124092,0.36920479454376764,-0.8782245760079684,-0.703014423866548,0.7018374444734842,-0.21846987918322083,-1.0306604928913046,0.5819934558021809,0.9630197167413141,0.8167861996905492,0.4470866002977665
-0.7294001400486586,-0.7213775966210059,-0.06499664747269676,-0.7292276414944004,0.10710488145152376,-0.5013167415838612,-0.0035279586407500917,-0.7107546131573063,0.11497784724284033,-0.32704410076147394,-0.19789133110084717,0.4470866002977665
-0.17268055620137587,1.7431183397208114,0.36920479454376764,-0.28223683795369653,-0.8187457531977007,-0.31134502799585934,-0.21846987918322083,-1.2527128094125382,0.24841087825979224,0.5329984442403845,1.7469072695826628,0.4470866002977665
-1.0634318903570281,-0.005878776392736454,0.6297256597536466,-0.033908613764416534,-0.47155176520424164,0.6385135399441502,-0.3747912759413814,-1.5989638792422824,0.11497784724284033,0.4469941897401995,2.0851331131797957,0.4470866002977665
-1.1747758071264842,-1.277876679020771,0.021843640930596212,0.21441961042486346,-0.41368610053866506,1.3984003942961578,0.6803781521762022,0.21509063877872348,1.9830402814802057,-0.4130483552616594,-0.1133348702015644,0.4470866002977665
-1.3974636406653975,-0.4828779898782494,-0.7597189546990398,1.2077325071819836,0.04923921678594718,1.208428680708156,0.09417291433310024,0.6704860675764984,-0.15188821479106943,-0.49905260976184534,-0.45156071379869706,0.4470866002977665
0.050007277337537445,-0.8008774655352581,0.28236450614047515,0.7607417036412795,0.5121645341105594,-0.7546123597011971,-0.3747912759413814,0.5538145114382068,-1.5529350404690943,0.7050069532407564,-1.043455940093678,0.4470866002977665
-0.28402447297083205,-0.7213775966210059,0.7165659481569395,-0.9278902208458244,0.04923921678594718,-0.31134502799585934,0.6217576283918921,-0.17632361407229355,1.8496072504632508,-0.32704410076147394,-0.5361171746979798,0.4470866002977665
1.0521025282626468,-0.9598772033637624,0.977086813366818,-0.8285589311701125,0.5121645341105594,-0.8179362642305311,-1.762143672170056,0.02691070952341317,0.448560424785226,1.5650494982426149,0.4785603560934166,-2.2367031338760426
0.6067268611848202,-1.1188769411922665,1.150767390173404,1.5802248434659036,-0.12435777721078256,2.1582872486481652,0.5045165808232717,1.1559902850551498,-0.3520377613165032,-0.49905260976184534,-0.5361171746979798,0.4470866002977665
2.0541977791877564,-0.32387825204974496,1.3244479669799898,-0.7043948190754724,2.7110597914024677,-0.6912884551718631,-1.7816838467648262,0.3581073850127192,0.24841087825979224,0.4469941897401995,0.5631168169927009,-2.2367031338760426
-1.2861197238959414,-1.4368764168492754,-0.41235780108586817,0.04058985349236742,-0.5294174298698182,-0.7546123597011971,-0.3357109267518412,0.3204713991616655,0.9155760333445666,-0.32704410076147394,-1.1280124009929609,0.4470866002977665
1.3861342785710153,0.7096200438355332,0.021843640930596212,-0.7540604639133285,1.9588061507499728,-1.4511753095238709,-1.8793847197386766,0.7796304265445708,0.11497784724284033,1.5650494982426149,-0.028778409302281614,-2.2367031338760426
-0.5067123065097453,-1.277876679020771,2.1060105626096264,0.23925243284379158,-0.18222344187635914,2.791526293941505,0.8171593743395927,0.3355257935021037,-1.6863680714860492,-0.9290738822627745,-1.1280124009929609,0.4470866002977665
-1.5088075574348547,-0.6816276621638797,-0.5860383778924542,1.2077325071819836,0.33856754011382967,1.7783438214721616,0.38727553325465125,0.5726325043637337,-0.3520377613165032,-1.0150781367629604,-0.36700425289941424,0.4470866002977665
0.49538294441536407,-1.1983768101065189,1.5849688321898683,-0.9278902208458244,0.39643320477940625,-0.8179362642305311,0.5826772792023519,-0.8387169650509056,0.048261331734361396,-0.32704410076147394,0.4785603560934166,0.4470866002977665
-0.8407440568181148,0.153120961435768,-1.0202398199089184,0.16475396558700742,-0.3558204358730885,-0.5646406461131952,0.44589605703896146,0.12100067415104743,-0.48547079233345813,1.0490239712415002,-0.6206736355972626,0.4470866002977665
1.4974781953404734,-0.8803773344495102,1.5849688321898683,-0.8037261087511844,-0.5872830945353948,0.4485418263561483,0.9148602473134431,-0.010725276327640537,-1.1526359474182326,-1.1870866457633324,-0.45156071379869706,0.4470866002977665
0.050007277337537445,1.266119126235298,-2.062323280748433,-0.9527230432647524,-0.7608800885321242,-0.881260168759865,0.602217453797122,-1.1021688660083233,-1.3527854939436634,-1.4450994092638898,-0.1133348702015644,0.4470866002977665
-1.0634318903570281,0.6301201749212809,-1.5412815503286759,-0.9278902208458244,-0.3558204358730885,1.8416677260014955,1.0125611202872935,-1.0494784858168313,-1.0859194319097536,0.10297717173945574,-0.028778409302281614,0.4470866002977665
1.4974781953404734,-1.357376547935023,1.237607678576697,-0.8533917535890405,-0.5294174298698182,-0.8179362642305311,-0.43341179972569155,-0.6693550287211639,-1.3527854939436634,0.4469941897401995,0.309447434294851,0.4470866002977665
1.2747903618015592,0.153120961435768,0.4560450829470606,0.6117447691277116,-0.6451487592009714,0.32189401729748035,0.6999183267709723,0.7495216378637363,-0.21860473029954836,0.2749856807398276,-0.028778409302281614,0.4470866002977665
0.9407586114931897,-0.5623778587925017,-1.1070801083122115,0.43791501219521556,-0.12435777721078256,0.13192230370947847,0.7780790251500526,0.8925383840977319,-0.15188821479106943,0.4469941897401995,-0.7052300964965453,0.4470866002977665
-0.17268055620137587,-0.8008774655352581,1.5849688321898683,2.3748751608715994,0.6857615281072887,1.208428680708156,0.9734807710977532,1.946345987927361,2.1831898280056365,-0.5850568642620313,-0.7052300964965453,0.4470866002977665
1.7201660288793859,2.1803676187491976,-1.1070801083122115,-0.7043948190754724,1.7273434920876665,-1.6411470231118728,-1.762143672170056,1.0430823275019885,-0.15188821479106943,-0.24103984626128802,-0.7052300964965453,-2.2367031338760426
0.9407586114931897,-0.16487851422124092,0.19552421773718215,0.9469878717832395,-0.7608800885321242,0.13192230370947847,1.188422691640224,0.8549023982466782,-0.7523368543673679,-0.4130483552616594,0.055778051597001166,0.4470866002977665
-0.6180562232792015,-1.357376547935023,0.021843640930596212,-0.9278902208458244,-0.8187457531977007,1.3984003942961578,0.34819518406511113,-1.1623864433699926,1.0490090643615215,-1.3590951547637042,0.7322297387912664,0.4470866002977665
0.7180707779542764,0.7096200438355332,-0.3255175126825752,0.06542267591129555,-1.050208411860007,0.06859839918014449,-0.3747912759413814,-0.8311897678806865,-0.01845518377411456,0.9630197167413141,1.4086814259855318,0.4470866002977665
-1.1747758071264842,-0.16487851422124092,0.19552421773718215,0.6117447691277116,-0.6451487592009714,1.7150199169428277,1.6573868819147057,0.38445257510846514,0.24841087825979224,-0.8430696277625891,-0.8743430182951124,0.4470866002977665
0.27269511087645076,-0.8803773344495102,0.28236450614047515,-0.5553978845619044,-0.9344770825288539,1.145104776178822,0.602217453797122,-1.4785287245189023,-0.4187542768249792,-1.0150781367629604,1.7469072695826628,0.4470866002977665
0.3840390276459069,-0.7213775966210059,1.5849688321898683,1.2325653296009116,-0.9923427471944305,1.0817808716494879,0.7976191997448226,-0.08599724802974795,-1.4195020094521422,-1.961124936265005,0.4785603560934166,0.4470866002977665
2.4995734462655808,-0.2443783831354927,1.5849688321898683,1.7043889555605436,-0.3558204358730885,-0.12137331440785742,0.32865500947034104,1.5323501435657285,-0.8190533698758439,-1.4450994092638898,-0.45156071379869706,0.4470866002977665
-0.8407440568181148,1.5841186018923068,-1.454441261925383,-0.7540604639133285,0.4542988694449828,-1.007907977818533,-1.683982973790976,0.011856315182974973,1.716174219446296,0.5329984442403845,0.7322297387912664,-2.2367031338760426
0.6067268611848202,0.07362109252151577,-0.41235780108586817,-0.7788932863322565,-0.3558204358730885,-1.134555786877201,0.2504943110912608,-0.04836126217869424,-1.0192029164012777,-1.1010823912631464,-0.9588994791943952,0.4470866002977665
2.722261279804495,2.4188672254919545,-0.23867722427928223,-0.4312337724672644,2.248134474077855,-0.8179362642305311,-0.9414563391897133,2.3227058464379398,0.5819934558021809,0.18898142623964168,-0.7897865573958297,-2.2367031338760426
-0.7294001400486586,-0.6418777277067537,-0.06499664747269676,-0.7788932863322565,-0.8766114178632773,-0.944584073289199,-0.570193021889082,-1.2527128094125382,0.3818439092767471,-0.9290738822627745,0.9858991214891163,0.4470866002977665
0.3840390276459069,0.07362109252151577,0.36920479454376764,-0.8782245760079684,0.10710488145152376,-1.4511753095238709,0.8366995489343628,-0.5602106697530915,0.11497784724284033,-0.7570653732624032,0.055778051597001166,0.4470866002977665
0.050007277337537445,-0.005878776392736454,0.021843640930596212,1.0339027502494873,-0.703014423866548,0.8918091580614861,0.38727553325465125,-0.6655914301360335,-1.619651555977573,-1.7031121727644476,1.1550120432876818,0.4470866002977665
-1.3974636406653975,1.0276195194925417,-1.5412815503286759,0.5124134794519994,-1.3395367351878895,-0.1846972189371914,1.0321012948820634,-0.9892609084551622,0.7154264868191358,-0.24103984626128802,1.5777943477840972,0.4470866002977665
0.9407586114931897,-0.16487851422124092,-0.15183693587598973,-0.4436501836767285,-0.24008910654193572,0.6385135399441502,-0.06214848242506029,-0.9026981409977053,0.11497784724284033,-1.3590951547637042,0.7322297387912664,0.4470866002977665
-1.2861197238959414,0.19287089589289413,-1.454441261925383,0.21441961042486346,-0.12435777721078256,1.145104776178822,1.501065485156545,-0.08599724802974795,0.515276940293702,1.7370580072429866,-0.28244779200013,0.4470866002977665
1.3861342785710153,-0.7213775966210059,-0.06499664747269676,-0.7788932863322565,-0.06649211254520598,1.018456967120154,1.2665833900193042,-0.23654119143400454,-0.6189038233504129,-0.06903133726091613,-0.36700425289941424,0.4470866002977665
-0.7294001400486586,-1.0393770722780147,-0.7597189546990398,-0.8533917535890405,-0.2979547712075123,0.8918091580614861,0.6803781521762022,-0.582792261263707,-0.21860473029954836,-0.24103984626128802,-0.36700425289941424,0.4470866002977665
0.9407586114931897,-0.4828779898782494,0.28236450614047515,2.176212581520175,-0.24008910654193572,2.2216111531774994,1.2470432154245341,2.1947434945443405,-0.01845518377411456,2.0810750252437304,-1.4662382445900934,0.4470866002977665
0.9407586114931897,2.2996174221205763,-1.454441261925383,-0.6298963518186885,2.190268809412278,-1.7677948321705406,-2.055246291091607,1.34417021431046,1.3158751263954314,0.7910112077409422,0.14033451249628545,-2.2367031338760426
0.9407586114931897,-0.2443783831354927,-0.7597189546990398,-0.8782245760079684,0.4542988694449828,-0.43799283705452724,0.1918737873069506,0.177454652927628,0.3818439092767471,-0.24103984626128802,-0.9588994791943952,0.4470866002977665
0.27269511087645076,0.6301201749212809,0.10868392933388919,-0.7788932863322565,0.9750898514351717,0.19524620823881242,-1.175938434326954,1.2086806652466415,1.582741188429341,2.3390877887442882,-0.6206736355972626,-2.2367031338760426
-0.8407440568181148,-1.1188769411922665,-0.23867722427928223,-0.058741436183344445,-0.6451487592009714,0.5118657308854823,0.2504943110912608,-0.31181316313611196,1.2491586108869552,-0.4130483552616594,0.14033451249628545,0.4470866002977665
-0.061336639431918714,0.07362109252151577,-1.1939203967155043,0.6614104139655674,-0.3558204358730885,2.4115828667655013,1.9309493262414865,0.7419944406935172,-0.6189038233504129,-0.9290738822627745,-1.4662382445900934,0.4470866002977665
-0.5067123065097453,0.23262083035002024,1.3244479669799898,-0.9775558656836805,-1.4552680645190428,-1.5778231185825387,-0.7851349424315528,-1.986614533508169,-0.48547079233345813,0.2749856807398276,1.9160201913812298,0.4470866002977665
-0.3953683897402892,-0.7213775966210059,-0.15183693587598973,2.3500423384526714,-0.12435777721078256,0.5118657308854823,-0.042608307830290224,1.6603124954593278,-1.1526359474182326,-0.06903133726091613,-1.2971253227915278,0.4470866002977665
-0.061336639431918714,0.4711204370927765,-0.23867722427928223,2.2010454039391036,-0.9923427471944305,0.19524620823881242,0.32865500947034104,0.3279985963318846,-0.8190533698758439,-1.1870866457633324,0.8167861996905492,0.4470866002977665
-0.6180562232792015,0.6301201749212809,0.19552421773718215,-0.40640095004833654,-0.12435777721078256,-1.1978796914065348,-1.3127196564903445,-0.3720307404977812,0.9155760333445666,0.9630197167413141,1.3241249650862474,-2.2367031338760426
2.610917363035039,0.6301201749212809,0.8034062365602325,-0.5802307069808325,1.4380151687597835,-1.3245275004652028,-1.8403043705491364,1.6828940869699434,0.7821430023276118,2.0810750252437304,-0.36700425289941424,-2.2367031338760426
-0.6180562232792015,-0.2443783831354927,1.150767390173404,0.5372463018709274,-0.008626447879629403,1.145104776178822,1.149342342450684,0.5086513284169758,-0.48547079233345813,-0.24103984626128802,-1.212568861892245,0.4470866002977665
0.27269511087645076,0.5506203060070287,0.6297256597536466,-0.5305650621429765,1.1486868454319015,-0.5013167415838612,-1.5276615770328152,-0.13868762822123984,0.7821430023276118,1.8230622617431727,1.9160201913812298,-2.2367031338760426
0.1613511941069936,-0.08537864530698869,0.4560450829470606,0.4627478346141434,0.39643320477940625,0.8601472057968191,2.2240519451630374,1.231262256757257,1.782890734954775,1.135028225741686,-0.36700425289941424,0.4470866002977665
-0.952087973587572,-0.2443783831354927,-0.49919808948916117,0.4875806570330716,0.4542988694449828,0.8284852535321521,1.5792261835356254,0.5914504972893023,-0.21860473029954836,-0.9290738822627745,-1.2971253227915278,0.4470866002977665
-0.3953683897402892,-1.7946258269634099,0.19552421773718215,-0.8782245760079684,-0.703014423866548,-0.881260168759865,-0.21846987918322083,-0.32686755747650836,0.31512739376827115,0.8770154622411283,-0.9588994791943952,0.4470866002977665
0.6067268611848202,2.0611178153778194,-2.4965247227648977,-0.5802307069808325,1.6694778274220898,-1.261203595935869,-1.6644427991962059,0.6177956873850065,0.9155760333445666,0.9630197167413141,0.14033451249628545,-2.2367031338760426
-0.952087973587572,-1.1983768101065189,0.28236450614047515,0.2889180776816474,-0.8187457531977007,0.005274494650810516,-0.12076900620937049,-0.1048152409552748,0.6487099713106569,0.6190026987405703,-0.4233752268322965,0.4470866002977665
0.27269511087645076,1.4251188640638024,-0.5860383778924542,-0.6795619966565444,1.2644181747630545,-1.6411470231118728,-1.6449026246014358,0.7796304265445708,0.7154264868191358,-0.24103984626128802,-1.043455940093678,-2.2367031338760426
-0.3953683897402892,0.07362109252151577,-0.41235780108586817,-0.08357425860227258,-0.9923427471944305,-0.31134502799585934,-0.0035279586407500917,-0.7333362046679636,1.1824420953784764,1.9090665162433584,1.5777943477840972,0.4470866002977665
0.1613511941069936,-1.1983768101065189,1.150767390173404,-0.6050635293997605,1.1486868454319015,-0.881260168759865,-1.742603497575286,-0.24406838860418187,0.8488595178360907,0.2749856807398276,1.4932378868848144,-2.2367031338760426
-0.3953683897402892,0.07362109252151577,0.19552421773718215,-0.6050635293997605,0.2228362107826765,0.5751896354148163,1.9407194135388717,-0.28923157162545465,-0.48547079233345813,0.7910112077409422,-0.5361171746979798,0.4470866002977665
0.9407586114931897,-0.32387825204974496,-0.23867722427928223,-0.7788932863322565,0.10710488145152376,-0.6279645506425292,0.13325326352264039,-0.19890520558295086,-0.48547079233345813,-0.5850568642620313,-0.6206736355972626,0.4470866002977665
0.6067268611848202,-0.40337812096399717,0.021843640930596212,-0.8285589311701125,-0.9344770825288539,0.32189401729748035,-0.21846987918322083,-1.3129303867742492,-1.6863680714860492,-0.6710611187622172,1.070455582388399,0.4470866002977665
2.0541977791877564,-0.08537864530698869,0.6297256597536466,-0.6547291742376166,0.6857615281072887,-0.7546123597011971,-0.9414563391897133,0.5651053071935563,1.1157255798700003,1.8230622617431727,0.9858991214891163,-2.2367031338760426
-0.061336639431918714,-0.7213775966210059,0.10868392933388919,1.0835683950873436,-0.47155176520424164,-0.5646406461131952,-0.19892970458845077,0.7043584548424634,0.7821430023276118,0.2749856807398276,0.055778051597001166,0.4470866002977665
-1.3974636406653975,-0.8008774655352581,0.10868392933388919,-1.0023886881026083,-0.5872830945353948,0.4485418263561483,0.016012215954019974,-1.200022429221088,0.11497784724284033,-0.4130483552616594,-0.028778409302281614,0.4470866002977665
-2.0655271412821374,-0.04562871084986257,-1.5412815503286759,-0.7913096975417204,-0.703014423866548,-0.881260168759865,-0.9219161645949433,-1.4785287245189023,1.1824420953784764,0.016972917239269796,1.4368669129519307,0.4470866002977665
0.6067268611848202,0.789119912749785,-0.6728786662957469,2.4493736281283836,0.33856754011382967,-0.1846972189371914,1.0516414694768335,1.9011828049060882,-0.2853212458080243,-0.15503559176110207,-0.7897865573958297,0.4470866002977665
-0.5067123065097453,0.789119912749785,-0.7597189546990398,-0.033908613764416534,0.2228362107826765,1.145104776178822,0.42635588244419137,0.2527266246297772,-0.552187307841934,0.9630197167413141,-1.212568861892245,0.4470866002977665
-1.2861197238959414,-1.0393770722780147,0.5428853713503535,-0.9278902208458244,-0.703014423866548,-0.7546123597011971,-0.9023759900001732,-2.031777716529442,-0.8857698853843228,-0.15503559176110207,1.7469072695826628,0.4470866002977665
1.163446445032103,-1.1188769411922665,-0.15183693587598973,-0.6298963518186885,-1.1080740765255834,1.335076489766824,-0.02306813323552016,-1.689290245284828,-1.2860689784351873,-1.5311036637640756,1.9160201913812298,0.4470866002977665
2.1655416959572125,-0.005878776392736454,0.4560450829470606,-0.5802307069808325,0.4542988694449828,-1.3245275004652028,-1.5862821008171255,0.6366136803105333,1.1824420953784764,1.5650494982426149,0.9858991214891163,-2.2367031338760426
-0.8407440568181148,0.39162056817852425,-0.41235780108586817,2.0520484694255354,0.16497054611709994,1.4617242988254917,1.5792261835356254,1.3818062001615137,0.18169436275131629,-0.4130483552616594,-1.3816817836908106,0.4470866002977665
-0.5067123065097453,1.1866192573210461,-0.5860383778924542,1.6298904883037595,0.16497054611709994,1.5883721078841597,0.9930209456925233,0.7344672435232981,-0.9524864008927987,0.4469941897401995,-0.7052300964965453,0.4470866002977665
-0.8407440568181148,-1.1983768101065189,1.4112882553832824,-0.8782245760079684,-1.1080740765255834,-0.5013167415838612,-0.7655947678367827,-1.4785287245189023,0.24841087825979224,-0.7570653732624032,1.3241249650862474,0.4470866002977665
-0.28402447297083205,-0.32387825204974496,-0.06499664747269676,2.2258782263580317,-1.1080740765255834,0.19524620823881242,0.21141396190172065,0.5161785255871532,0.9155760333445666,-0.06903133726091613,1.1550120432876818,0.4470866002977665
-0.3953683897402892,-0.40337812096399717,0.4560450829470606,-0.9278902208458244,-0.7608800885321242,0.7651613490028182,0.11371308892787031,-1.1247504575189389,-1.4195020094521422,1.0490239712415002,0.6476732778919837,0.4470866002977665
1.4974781953404734,-0.08537864530698869,0.4560450829470606,1.2573981520198394,-0.3558204358730885,0.13192230370947847,0.9539405965029832,1.6076221152678358,0.048261331734361396,0.016972917239269796,-1.1280124009929609,0.4470866002977665
2.3882295294961247,-0.32387825204974496,1.237607678576697,1.4063950865334074,-0.7608800885321242,-0.1846972189371914,0.07463273973833018,1.1559902850551498,-0.15188821479106943,-0.4130483552616594,-0.19789133110084717,0.4470866002977665
0.1613511941069936,-1.1983768101065189,-0.49919808948916117,-0.9030573984268965,-0.8187457531977007,-0.1846972189371914,0.05509256514356011,-0.9139889367530131,0.31512739376827115,0.36098993524001355,0.6476732778919837,0.4470866002977665
-0.28402447297083205,1.7431183397208114,-0.15183693587598973,-0.15807272585905652,1.2065525100974779,-0.6912884551718631,-0.12076900620937049,-1.4258383443274103,-0.01845518377411456,0.7050069532407564,2.3388024958776454,0.4470866002977665
1.4974781953404734,2.6971167666918374,-1.8018024155385546,-0.5057322397240485,2.363865803409008,-0.881260168759865,-1.5667419262223554,1.5436409393210362,0.448560424785226,0.36098993524001355,-0.9588994791943952,-2.2367031338760426
-0.061336639431918714,-0.40337812096399717,1.5849688321898683,-0.8285589311701125,0.570030198776136,0.5118657308854823,0.895320072718673,0.9678103557998812,2.8503549830904107,0.10297717173945574,-1.043455940093678,0.4470866002977665
-0.5067123065097453,-0.6418777277067537,0.6297256597536466,-0.9030573984268965,-0.9344770825288539,-0.12137331440785742,-0.15984935539891063,-0.35697634615738477,0.448560424785226,0.2749856807398276,-0.7897865573958297,0.4470866002977665
-1.5088075574348547,-0.5226279243353755,-0.49919808948916117,1.1828996847630553,-0.9344770825288539,-1.1978796914065348,-1.0196170375687936,0.02691070952341317,0.5819934558021809,-1.4450994092638898,-0.1133348702015644,0.4470866002977665
0.6067268611848202,0.7096200438355332,-1.628121838731969,-0.4808994173051205,2.5374627974057375,-0.12137331440785742,-1.3127196564903445,1.0430823275019885,0.9822925488530455,1.6510537527428006,-0.28244779200013,-2.2367031338760426
-0.3953683897402892,-0.4828779898782494,-0.06499664747269676,2.3500423384526714,0.2228362107826765,0.5751896354148163,1.2275030408297642,1.5323501435657285,-1.3527854939436634,-0.06903133726091613,-1.2971253227915278,0.4470866002977665
-0.5067123065097453,-0.2443783831354927,0.28236450614047515,-0.33190248279155243,-0.47155176520424164,-0.12137331440785742,0.016012215954019974,-1.0607692815721392,0.3818439092767471,-0.24103984626128802,1.2395685041869646,0.4470866002977665
-0.17268055620137587,-1.1188769411922665,-1.1939203967155043,0.04058985349236742,0.04923921678594718,-0.31134502799585934,-0.7460545932420126,-0.34944914898716567,-1.4862185249606181,-1.1010823912631464,-0.7052300964965453,0.4470866002977665
1.163446445032103,2.220117553206324,-2.236003857555019,-0.7292276414944004,2.363865803409008,-1.1978796914065348,-1.7230633229805161,1.2877162355338376,0.9155760333445666,0.8770154622411283,-0.5361171746979798,-2.2367031338760426
-0.28402447297083205,1.266119126235298,0.28236450614047515,0.9842371054116316,-0.2979547712075123,0.005274494650810516,1.0125611202872935,0.9301743699487857,-0.01845518377411456,0.7910112077409422,-1.212568861892245,0.4470866002977665
0.27269511087645076,0.4711204370927765,0.8034062365602325,1.6547233107226873,-0.9344770825288539,0.19524620823881242,1.8332484532676363,0.8925383840977319,-0.8190533698758439,0.016972917239269796,-0.7052300964965453,0.4470866002977665
-0.952087973587572,-0.4828779898782494,-0.5860383778924542,1.7788874228173273,-0.12435777721078256,1.2717525852374898,1.0125611202872935,1.5323501435657285,0.8488595178360907,-0.49905260976184534,-0.9588994791943952,0.4470866002977665
-0.8407440568181148,-0.40337812096399717,-0.15183693587598973,-0.7292276414944004,-0.703014423866548,-0.944584073289199,-0.6483537202681623,-1.173677239125342,0.7154264868191358,0.8770154622411283,0.9858991214891163,0.4470866002977665
-0.8407440568181148,-0.08537864530698869,-0.8465592431023328,-0.9527230432647524,-0.9344770825288539,0.005274494650810516,-0.17938952999368069,-1.8925245688805348,-1.6863680714860492,-0.7570653732624032,1.3241249650862474,0.4470866002977665
-0.6180562232792015,-0.9598772033637624,0.977086813366818,-0.5057322397240485,-0.9344770825288539,0.06859839918014449,-0.7265144186472425,-1.1774408377104308,0.515276940293702,-0.8430696277625891,0.901342660589832,0.4470866002977665
-0.8407440568181148,-1.1188769411922665,-0.06499664747269676,-0.9527230432647524,-0.6451487592009714,-1.071231882347867,-0.8046751170263229,-0.34944914898716567,1.8496072504632508,0.2749856807398276,-0.28244779200013,0.4470866002977665
-1.1747758071264842,-0.5623778587925017,-1.628121838731969,-0.8782245760079684,-0.7608800885321242,1.8416677260014955,2.4780742148950483,-0.13116043105102074,0.7821430023276118,-0.5850568642620313,-0.8743430182951124,0.4470866002977665
-0.7294001400486586,-0.08537864530698869,-0.23867722427928223,0.01575703107343951,-0.3558204358730885,0.32189401729748035,0.9344004219082132,0.42208856095951885,-0.01845518377411456,1.5650494982426149,-0.9588994791943952,0.4470866002977665
0.6067268611848202,-0.5623778587925017,0.021843640930596212,2.0272156470066074,0.10710488145152376,-0.31134502799585934,1.168882517045454,1.8484924247145964,-1.1526359474182326,0.18898142623964168,-1.2971253227915278,0.4470866002977665
-0.6180562232792015,-0.8008774655352581,-0.8465592431023328,0.04058985349236742,2.8267911207336205,-0.6279645506425292,-0.2966305775623011,-0.010725276327640537,-1.0192029164012777,-0.4130483552616594,-0.8743430182951124,0.4470866002977665
-0.061336639431918714,2.4188672254919545,0.977086813366818,1.7540546003983994,1.0908211807663248,-0.43799283705452724,0.21141396190172065,1.257607446853003,-0.21860473029954836,-1.4450994092638898,-1.1280124009929609,0.4470866002977665
-1.6201514742043108,0.31212069926427205,0.36920479454376764,-0.9527230432647524,-0.18222344187635914,-1.071231882347867,0.9148602473134431,-0.7258090074977445,0.7821430023276118,1.4790452437424297,-0.6206736355972626,0.4470866002977665
-0.28402447297083205,-0.40337812096399717,0.7165659481569395,-0.9527230432647524,-0.47155176520424164,0.8918091580614861,0.5240567554180418,-0.16126921973185535,0.6487099713106569,0.6190026987405703,-0.8743430182951124,0.4470866002977665
-2.1768710580515935,-0.32387825204974496,0.10868392933388919,-0.10840708102120049,-0.9344770825288539,1.7150199169428277,1.1298021678559138,-1.644127062263555,1.516024672920865,-1.7031121727644476,1.66235080868338,0.4470866002977665
-0.6180562232792015,-0.005878776392736454,-0.3255175126825752,0.6117447691277116,0.04923921678594718,1.0817808716494879,0.9539405965029832,-0.2628863815297505,0.31512739376827115,-0.49905260976184534,0.3940038951941338,0.4470866002977665
0.6067268611848202,-0.8803773344495102,1.5849688321898683,-0.9030573984268965,-0.9923427471944305,-1.4511753095238709,-0.45295197432046164,-0.8010809791998519,-1.0859194319097536,0.9630197167413141,0.3940038951941338,0.4470866002977665
-1.5088075574348547,0.31212069926427205,-1.454441261925383,0.01575703107343951,-0.12435777721078256,1.0817808716494879,1.5206056597513151,-0.08599724802974795,0.515276940293702,1.7370580072429866,-0.28244779200013,0.4470866002977665
0.6067268611848202,0.5506203060070287,2.279691139416211,-0.6547291742376166,3.347582102723809,-1.6411470231118728,-2.113866814875917,0.7984484194700977,0.9155760333445666,0.36098993524001355,0.6476732778919837,-2.2367031338760426
-1.6201514742043108,-1.1983768101065189,0.021843640930596212,-0.9278902208458244,-1.281671070522313,0.005274494650810516,-1.0196170375687936,-1.5538006962210096,0.7154264868191358,-0.5850568642620313,0.8449716866569498,0.4470866002977665
0.7180707779542764,1.8226182086350635,-2.4965247227648977,-0.8037261087511844,2.1324031447467027,-0.881260168759865,-1.742603497575286,0.7382308421084285,0.9822925488530455,0.016972917239269796,-0.19789133110084717,-2.2367031338760426
-0.5067123065097453,-0.2443783831354927,-0.3255175126825752,0.06542267591129555,-0.47155176520424164,0.8284852535321521,1.149342342450684,0.3279985963318846,-0.21860473029954836,1.5650494982426149,-1.043455940093678,0.4470866002977665
-0.28402447297083205,-0.40337812096399717,1.5849688321898683,0.7855745260602074,0.2228362107826765,1.0817808716494879,1.501065485156545,0.6215592859701369,-0.21860473029954836,-0.24103984626128802,-0.9588994791943952,0.4470866002977665
-1.6201514742043108,-1.0393770722780147,-0.7597189546990398,0.13992114316807952,-0.6451487592009714,-1.3245275004652028,-0.6678938948629324,-0.8914073452423975,1.582741188429341,-0.5850568642620313,1.3241249650862474,0.4470866002977665
2.0541977791877564,0.8686197816640372,-0.8465592431023328,-0.6050635293997605,2.5374627974057375,0.13192230370947847,-0.6288135456733922,1.6189129110231437,-0.21860473029954836,0.10297717173945574,-1.212568861892245,-2.2367031338760426
-0.3953683897402892,0.07362109252151577,0.28236450614047515,0.6862432363844956,-0.24008910654193572,2.0316394395894974,1.7941681040780961,0.5011241312467567,-0.01845518377411456,-0.24103984626128802,-0.7897865573958297,0.4470866002977665
-1.2861197238959414,-0.32387825204974496,-0.41235780108586817,-0.35673530521048047,1.3222838394286303,-0.31134502799585934,-1.0000768629740235,-1.5011103160295176,-0.8190533698758439,-1.1010823912631464,0.7322297387912664,0.4470866002977665
-0.3953683897402892,1.5046187329780547,-2.5833650111681905,-0.8533917535890405,0.6857615281072887,-0.881260168759865,-1.8403043705491364,0.4785425397360994,1.1824420953784764,0.6190026987405703,-0.7052300964965453,-2.2367031338760426
0.050007277337537445,-0.16487851422124092,1.5849688321898683,-0.28223683795369653,-0.06649211254520598,0.3852179218268143,0.309114834875571,-0.04836126217869424,-1.8198011025030039,-0.9290738822627745,-1.043455940093678,0.4470866002977665
-0.3953683897402892,0.7096200438355332,-0.06499664747269676,0.09025549833022346,-0.5872830945353948,-0.6912884551718631,0.09417291433310024,-0.7107546131573063,0.9155760333445666,1.9090665162433584,1.66235080868338,0.4470866002977665
-0.7294001400486586,0.23262083035002024,0.021843640930596212,0.2640852552627195,-1.6288650585157722,-0.8179362642305311,-1.0196170375687936,-1.550037097635921,-0.01845518377411456,-1.8751206817648194,2.3388024958776454,0.4470866002977665
-0.17268055620137587,1.5046187329780547,-1.7149621271352617,-0.8533917535890405,1.5537464980909366,-0.944584073289199,-1.3908803548694249,0.5726325043637337,0.9155760333445666,2.425092043244474,-0.9588994791943952,-2.2367031338760426
-0.28402447297083205,0.7096200438355332,-0.7597189546990398,0.9594042829927036,0.2228362107826765,-0.43799283705452724,-0.14030918080414057,0.6893040605020252,-0.01845518377411456,-0.49905260976184534,-1.043455940093678,0.4470866002977665
-1.0634318903570281,-0.08537864530698869,1.150767390173404,-0.8533917535890405,-0.12435777721078256,-1.007907977818533,1.2079628662349942,0.23390863170425033,1.8496072504632508,0.10297717173945574,-0.19789133110084717,0.4470866002977665
0.8294146947237335,-0.08537864530698869,0.10868392933388919,-0.8285589311701125,-0.6451487592009714,-0.5013167415838612,0.07463273973833018,-0.7634449933487982,-1.9532341335199588,-1.5311036637640756,0.309447434294851,0.4470866002977665
0.6067268611848202,0.31212069926427205,1.4981285437865755,1.8533858900741116,0.4542988694449828,1.9049916305308296,1.1004919059637588,1.5436409393210362,-1.6863680714860492,0.10297717173945574,-1.5507947054893763,0.4470866002977665
-0.952087973587572,-0.32387825204974496,0.19552421773718215,-0.6795619966565444,-1.5709993938501956,-0.31134502799585934,-0.06214848242506029,-2.0054325264336956,-0.685620338858889,-1.7891164272646334,1.5777943477840972,0.4470866002977665
0.1613511941069936,-0.8803773344495102,-0.06499664747269676,-1.0023886881026083,-1.6867307231813489,-1.7044709276412067,-1.8012240213595963,-1.7382170268911894,-0.15188821479106943,-1.2730909002635182,1.1550120432876818,0.4470866002977665
0.49538294441536407,-0.8803773344495102,0.5428853713503535,-0.9278902208458244,-1.16593974119116,-0.1846972189371914,-0.6092733710786222,-0.9817337112849431,-0.552187307841934,0.8770154622411283,0.9858991214891163,0.4470866002977665
-0.3953683897402892,-1.357376547935023,1.150767390173404,-0.8285589311701125,-0.3558204358730885,1.018456967120154,0.38727553325465125,-0.34944914898716567,0.6487099713106569,0.016972917239269796,-0.36700425289941424,0.4470866002977665
-0.28402447297083205,-0.005878776392736454,0.19552421773718215,-0.7292276414944004,-0.8766114178632773,-1.1978796914065348,-0.9023759900001732,-1.2376584150721417,0.448560424785226,1.221032480241872,1.5777943477840972,0.4470866002977665
-0.28402447297083205,-0.16487851422124092,1.237607678576697,2.325209516033744,0.33856754011382967,-0.05804940987852345,1.188422691640224,1.7920384459380159,-0.552187307841934,0.5329984442403845,-1.2971253227915278,0.4470866002977665
1.163446445032103,-0.32387825204974496,0.19552421773718215,-0.9278902208458244,0.10710488145152376,0.6385135399441502,-0.3357109267518412,-1.4710015273486832,-1.4862185249606181,-0.49905260976184534,1.4932378868848144,0.4470866002977665
-0.3953683897402892,-0.4828779898782494,-0.49919808948916117,-0.9030573984268965,-0.47155176520424164,-0.1846972189371914,-0.6874340694577025,-1.5387463018805714,-2.3535332265708235,-0.24103984626128802,0.4785603560934166,0.4470866002977665
0.8294146947237335,-0.40337812096399717,0.10868392933388919,-0.9278902208458244,-0.47155176520424164,-0.31134502799585934,-0.06214848242506029,-0.34944914898716567,-0.08517169928259348,0.4469941897401995,0.14033451249628545,0.4470866002977665
-0.7294001400486586,-1.357376547935023,0.7165659481569395,-0.9278902208458244,-0.24008910654193572,-0.31134502799585934,-0.08168865701983036,-0.7258090074977445,0.24841087825979224,0.18898142623964168,-0.28244779200013,0.4470866002977665
-0.061336639431918714,1.107119388406794,-0.3255175126825752,-0.058741436183344445,-0.7608800885321242,-0.881260168759865,-0.7851349424315528,-1.2602400065827573,-0.685620338858889,-1.2730909002635182,1.5777943477840972,0.4470866002977665
-0.6180562232792015,-0.8008774655352581,1.150767390173404,0.6117447691277116,-0.18222344187635914,1.018456967120154,1.2079628662349942,0.6667224689914097,0.11497784724284033,-0.4130483552616594,-1.2971253227915278,0.4470866002977665
0.6067268611848202,2.1406176842920717,-0.9333995315056256,-0.7292276414944004,1.4380151687597835,0.19524620823881242,-1.4885812278432753,0.3806889765233765,-0.8190533698758439,-0.6710611187622172,-1.1280124009929609,-2.2367031338760426
0.6067268611848202,-0.8803773344495102,0.890246524963525,-0.9278902208458244,0.10710488145152376,-0.31134502799585934,0.21141396190172065,-0.9779701126998127,-0.21860473029954836,0.10297717173945574,0.3940038951941338,0.4470866002977665
-1.0634318903570281,-0.2443783831354927,-0.3255175126825752,-0.6547291742376166,0.16497054611709994,-0.5013167415838612,0.5240567554180418,0.02691070952341317,0.048261331734361396,1.3930409892422437,-0.28244779200013,0.4470866002977665
0.1613511941069936,-0.8008774655352581,0.8034062365602325,-0.9278902208458244,1.2065525100974779,-0.43799283705452724,0.6999183267709723,-0.4247211206892731,1.3158751263954314,-0.6710611187622172,-0.028778409302281614,0.4470866002977665
-1.5088075574348547,-1.0393770722780147,-0.15183693587598973,-0.6547291742376166,-0.47155176520424164,-1.6411470231118728,-1.429960704058965,-1.0043153027955587,-1.0192029164012777,-0.49905260976184534,-0.45156071379869706,0.4470866002977665
1.4974781953404734,2.2996174221205763,-1.5412815503286759,-0.5802307069808325,2.1324031447467027,-1.5778231185825387,-1.8793847197386766,1.6828940869699434,0.5819934558021809,0.7050069532407564,-1.212568861892245,-2.2367031338760426
-0.17268055620137587,0.07362109252151577,0.7165659481569395,1.1580668623441275,-1.281671070522313,0.19524620823881242,0.07463273973833018,-0.4021395291786576,-0.2853212458080243,-1.3590951547637042,1.2395685041869646,0.4470866002977665
-1.5088075574348547,-0.9598772033637624,1.4112882553832824,-0.10840708102120049,-1.050208411860007,-0.7546123597011971,-0.15984935539891063,-0.650537035795637,2.2499063435141156,-0.49905260976184534,0.4785603560934166,0.4470866002977665
0.27269511087645076,2.538117028863333,-2.409684434361605,-0.6795619966565444,1.8430748214188195,-0.881260168759865,-0.6288135456733922,1.3253522213848914,2.0497567969886816,0.6190026987405703,-0.7052300964965453,-2.2367031338760426
-0.28402447297083205,-0.005878776392736454,-1.8886427039418476,-0.8782245760079684,-0.5294174298698182,1.3984003942961578,0.40681570784942134,-0.7032274159870872,-0.685620338858889,-0.5850568642620313,-0.45156071379869706,0.4470866002977665
-0.7294001400486586,-0.8803773344495102,-0.41235780108586817,1.9278843573308952,-0.12435777721078256,1.8416677260014955,0.44589605703896146,0.5011241312467567,0.24841087825979224,-1.3590951547637042,0.14033451249628545,0.4470866002977665
-1.1747758071264842,0.153120961435768,0.10868392933388919,0.7855745260602074,-0.5872830945353948,-1.3878514049945367,-1.683982973790976,-1.0645328801572695,-0.01845518377411456,-1.2730909002635182,1.7469072695826628,0.4470866002977665
-0.952087973587572,0.07362109252151577,-0.49919808948916117,-0.7788932863322565,2.190268809412278,-1.6411470231118728,-1.7230633229805161,0.2677810189701736,0.9155760333445666,-0.5850568642620313,-0.45156071379869706,-2.2367031338760426
-0.952087973587572,2.2996174221205763,-1.9754829923451402,-0.7788932863322565,1.3222838394286303,-1.071231882347867,-1.4690410532485052,-0.21395959992334726,1.0490090643615215,0.2749856807398276,0.309447434294851,-2.2367031338760426
-0.8407440568181148,2.538117028863333,0.021843640930596212,-0.8037261087511844,2.3060001387434315,-1.007907977818533,-1.0977777359478738,1.118354299204096,1.582741188429341,2.425092043244474,-1.1280124009929609,-2.2367031338760426
-0.952087973587572,-0.4828779898782494,-0.23867722427928223,1.2573981520198394,0.39643320477940625,1.5883721078841597,0.21141396190172065,0.02691070952341317,-0.01845518377411456,-1.3590951547637042,0.22489097339556824,0.4470866002977665
-0.7294001400486586,-1.0393770722780147,-0.5860383778924542,-0.3815681276294085,0.2807018754482531,-0.6912884551718631,-0.02306813323552016,-0.07470645227444019,-0.7523368543673679,0.10297717173945574,-1.212568861892245,0.4470866002977665
-0.7294001400486586,-0.6418777277067537,1.6718091205931613,1.3567294416955515,-0.2979547712075123,1.9049916305308296,0.23095413649649071,0.5613417086084259,-2.4202497420793025,-0.4130483552616594,-1.2971253227915278,0.4470866002977665
-0.952087973587572,-0.32387825204974496,-0.23867722427928223,1.2077325071819836,-0.3558204358730885,1.9049916305308296,0.09417291433310024,0.5237057227573723,-0.552187307841934,-0.7570653732624032,-0.36700425289941424,0.4470866002977665
0.6067268611848202,2.1406176842920717,-2.409684434361605,-0.20773837069691256,1.8430748214188195,-0.24802112346652536,-1.4495008786537351,0.7495216378637363,-1.3527854939436634,-0.32704410076147394,-1.212568861892245,-2.2367031338760426
-0.061336639431918714,0.153120961435768,-0.8465592431023328,-0.9775558656836805,0.2807018754482531,0.5118657308854823,0.5435969300128118,-0.4623571065403268,-0.685620338858889,-0.49905260976184534,-1.043455940093678,0.4470866002977665
-0.952087973587572,-0.005878776392736454,0.28236450614047515,-0.5305650621429765,-0.3558204358730885,1.8100057737368287,0.8171593743395927,-0.8048445777849823,0.31512739376827115,-0.32704410076147394,0.14033451249628545,0.4470866002977665
0.49538294441536407,-0.40337812096399717,0.10868392933388919,-0.30706966037262445,-0.9344770825288539,-0.12137331440785742,1.422904786777465,-0.974206514114724,-0.8190533698758439,1.3930409892422437,1.5777943477840972,0.4470866002977665
0.9407586114931897,-0.08537864530698869,0.5428853713503535,-0.9030573984268965,0.16497054611709994,-0.944584073289199,-0.4724921489152317,0.06454669537446688,0.6487099713106569,0.9630197167413141,-0.5361171746979798,0.4470866002977665
-0.28402447297083205,-0.32387825204974496,0.021843640930596212,2.6728690298987354,-0.703014423866548,0.8284852535321521,1.149342342450684,1.4947141577146748,0.24841087825979224,0.4469941897401995,-0.8743430182951124,0.4470866002977665
0.49538294441536407,-0.16487851422124092,1.6718091205931613,-0.7788932863322565,-0.3558204358730885,0.2585701127681464,0.13325326352264039,-0.08599724802974795,1.516024672920865,-0.06903133726091613,-0.36700425289941424,0.4470866002977665
0.49538294441536407,2.4586171599490805,-2.236003857555019,-0.7540604639133285,1.1486868454319015,-0.43799283705452724,-1.5276615770328152,0.8172664123956246,1.3158751263954314,0.5329984442403845,0.7322297387912664,-2.2367031338760426
-0.8407440568181148,0.39162056817852425,-0.3255175126825752,-0.4312337724672644,-0.9344770825288539,-1.134555786877201,-0.9219161645949433,-1.696817442455047,-2.1533836800453927,1.5650494982426149,1.66235080868338,0.4470866002977665
0.6067268611848202,-0.9598772033637624,1.5849688321898683,-0.8285589311701125,-0.06649211254520598,0.7018374444734842,0.38727553325465125,-0.27417717728505825,1.1824420953784764,-0.32704410076147394,0.055778051597001166,0.4470866002977665
-0.6180562232792015,-0.4828779898782494,-0.06499664747269676,0.13992114316807952,-0.5872830945353948,-1.007907977818533,0.1723336127121805,0.3279985963318846,-0.552187307841934,-0.15503559176110207,-0.8743430182951124,0.4470866002977665
-0.17268055620137587,2.8561165045203416,-2.4965247227648977,-0.7788932863322565,0.10710488145152376,-1.6411470231118728,-2.1334069894706875,0.8549023982466782,1.716174219446296,0.10297717173945574,-0.9588994791943952,-2.2367031338760426
0.27269511087645076,0.8288698472069111,0.4560450829470606,-0.7292276414944004,1.9009404860843961,-1.134555786877201,-1.4690410532485052,1.231262256757257,1.716174219446296,1.135028225741686,-1.212568861892245,-2.2367031338760426
0.27269511087645076,-0.16487851422124092,-0.9333995315056256,0.6862432363844956,-0.12435777721078256,1.2717525852374898,1.0516414694768335,0.7118856520126825,-0.4187542768249792,0.10297717173945574,-0.9588994791943952,0.4470866002977665
-0.5067123065097453,-1.0393770722780147,0.19552421773718215,0.7607417036412795,0.16497054611709994,-0.944584073289199,0.21141396190172065,0.9678103557998812,0.3818439092767471,-0.5850568642620313,-1.6353511663886604,0.4470866002977665
0.050007277337537445,-1.357376547935023,1.5849688321898683,0.23925243284379158,0.2807018754482531,-0.5646406461131952,-0.042608307830290224,0.5538145114382068,0.9155760333445666,-1.2730909002635182,-1.043455940093678,0.4470866002977665
-1.1747758071264842,1.0276195194925417,0.4560450829470606,-0.6050635293997605,-1.050208411860007,-1.1978796914065348,-0.9219161645949433,-0.7220454089126559,-0.01845518377411456,-0.24103984626128802,0.14033451249628545,0.4470866002977665
-1.2861197238959414,-0.5623778587925017,1.150767390173404,-0.35673530521048047,-1.1080740765255834,-1.6411470231118728,-0.21846987918322083,-0.9892609084551622,2.0497567969886816,-0.6710611187622172,0.901342660589832,0.4470866002977665
0.49538294441536407,-0.8008774655352581,-0.06499664747269676,0.7359088812223515,-0.5294174298698182,-1.071231882347867,-0.042608307830290224,0.10218268122552057,-1.753084586994528,-1.4450994092638898,-0.19789133110084717,0.4470866002977665
-0.5067123065097453,-0.9598772033637624,0.28236450614047515,-0.8285589311701125,-1.1080740765255834,0.5118657308854823,-0.08168865701983036,-1.6516542594337742,-0.08517169928259348,1.4790452437424297,1.5777943477840972,0.4470866002977665
-0.17268055620137587,-0.2443783831354927,1.150767390173404,1.6298904883037595,-0.47155176520424164,1.7150199169428277,2.0091100246205666,1.118354299204096,-0.01845518377411456,0.4469941897401995,-0.9588994791943952,0.4470866002977665
-0.17268055620137587,-0.7213775966210059,0.4560450829470606,-0.9278902208458244,0.2228362107826765,0.4485418263561483,0.13325326352264039,-0.23654119143400454,-1.2193524629267085,0.2749856807398276,-1.212568861892245,0.4470866002977665
-0.6180562232792015,-0.4828779898782494,0.5428853713503535,-0.10840708102120049,-0.5294174298698182,0.6385135399441502,0.5240567554180418,-0.6881730216466908,-0.2853212458080243,-0.9290738822627745,0.3940038951941338,0.4470866002977665
2.4995734462655808,-0.9598772033637624,0.977086813366818,-0.7292276414944004,-0.06649211254520598,-0.944584073289199,-0.3161707521570712,0.46725174398079167,-0.8857698853843228,1.307036734742058,-0.5361171746979798,0.4470866002977665
-1.8428393077432244,-0.6418777277067537,2.192850851012919,-1.0023886881026083,-0.41368610053866506,0.9551330625908201,0.40681570784942134,-1.0306604928913046,-0.4187542768249792,0.9630197167413141,-0.7897865573958297,0.4470866002977665
0.050007277337537445,-0.5623778587925017,0.4560450829470606,-0.0090757913454884,2.0166718154155494,-1.3245275004652028,0.2504943110912608,0.10218268122552057,0.7154264868191358,-1.1870866457633324,0.14033451249628545,0.4470866002977665
0.1613511941069936,-0.16487851422124092,-0.06499664747269676,2.7473674971555195,-0.703014423866548,1.7150199169428277,1.5792261835356254,2.111944325672014,0.515276940293702,1.3930409892422437,-1.3816817836908106,0.4470866002977665
1.831509945648842,-1.1983768101065189,0.6297256597536466,-0.3815681276294085,-0.47155176520424164,0.6385135399441502,0.44589605703896146,-0.27417717728505825,-1.8198011025030039,-1.0150781367629604,-0.36700425289941424,0.4470866002977665
-1.2861197238959414,-0.9598772033637624,0.19552421773718215,-0.18290554827798444,-0.5872830945353948,1.145104776178822,0.2504943110912608,-1.0758236759125774,-0.4187542768249792,-0.7570653732624032,0.5631168169927009,0.4470866002977665
-1.2861197238959414,0.8686197816640372,-0.06499664747269676,-0.6795619966565444,-0.7608800885321242,-0.31134502799585934,0.1723336127121805,-1.854888583029481,0.6487099713106569,-0.32704410076147394,1.9160201913812298,0.4470866002977665
-1.1747758071264842,-1.5163762857635275,-0.23867722427928223,-0.8782245760079684,-0.6451487592009714,0.32189401729748035,-0.7265144186472425,-1.200022429221088,0.7154264868191358,-0.7570653732624032,0.22489097339556824,0.4470866002977665
0.27269511087645076,-0.08537864530698869,-0.41235780108586817,-0.8533917535890405,-0.41368610053866506,0.9551330625908201,1.1298021678559138,-0.8989345424126166,-0.21860473029954836,0.4469941897401995,0.5631168169927009,0.4470866002977665
-0.3953683897402892,-0.1251285797641148,-0.5860383778924542,-0.8285589311701125,-0.5294174298698182,-0.12137331440785742,0.38727553325465125,-0.33439475464672747,0.8488595178360907,0.8770154622411283,-0.19789133110084717,0.4470866002977665
-0.5067123065097453,0.4711204370927765,-0.06499664747269676,-0.6795619966565444,-0.8766114178632773,0.5118657308854823,-0.257550228372761,-1.8774701745400966,-0.01845518377411456,0.18898142623964168,2.4233589567769283,0.4470866002977665
1.2747903618015592,-0.40337812096399717,-0.3255175126825752,-0.15807272585905652,-1.050208411860007,0.7651613490028182,0.05509256514356011,-0.6806458244764717,-0.4187542768249792,-1.5311036637640756,0.4785603560934166,0.4470866002977665
0.27269511087645076,2.3393673565777022,-2.4965247227648977,-0.7540604639133285,2.768925456068044,-1.3245275004652028,-1.742603497575286,0.403270568033992,1.582741188429341,0.18898142623964168,0.9858991214891163,-2.2367031338760426
0.6067268611848202,-0.6418777277067537,-0.15183693587598973,-0.5802307069808325,-0.9923427471944305,-0.43799283705452724,-0.43341179972569155,-0.74839059900836,-1.4862185249606181,0.2749856807398276,0.22489097339556824,0.4470866002977665
-0.952087973587572,-0.32387825204974496,0.10868392933388919,-0.9527230432647524,-0.8187457531977007,-0.43799283705452724,-0.19892970458845077,-1.5538006962210096,0.9155760333445666,-0.9290738822627745,1.5777943477840972,0.4470866002977665
-0.6180562232792015,-0.005878776392736454,0.6297256597536466,-0.5057322397240485,-0.5872830945353948,-0.7546123597011971,-0.3552511013466113,-1.026896894306216,-0.3520377613165032,-1.3590951547637042,0.309447434294851,0.4470866002977665
0.1613511941069936,-0.8803773344495102,0.021843640930596212,0.4751642458236074,0.2807018754482531,0.06859839918014449,1.774627929483326,0.7307036449382094,0.5819934558021809,0.7050069532407564,-0.19789133110084717,0.4470866002977665
0.8294146947237335,0.6301201749212809,-0.23867722427928223,-0.0090757913454884,-0.7608800885321242,0.32189401729748035,-0.21846987918322083,-0.8010809791998519,-0.21860473029954836,0.6190026987405703,1.3241249650862474,0.4470866002977665
-1.0634318903570281,-0.9598772033637624,-0.15183693587598973,-0.9278902208458244,-0.12435777721078256,-0.12137331440785742,-0.550652847294312,-1.3543299712103916,-0.01845518377411456,0.18898142623964168,0.5631168169927009,0.4470866002977665
0.49538294441536407,-0.4828779898782494,1.5849688321898683,-0.9527230432647524,-0.3558204358730885,0.2585701127681464,0.6999183267709723,-0.8387169650509056,-0.6189038233504129,0.36098993524001355,0.5631168169927009,0.4470866002977665
-0.28402447297083205,-0.005878776392736454,-0.06499664747269676,-0.7043948190754724,-0.5872830945353948,-0.8179362642305311,0.1918737873069506,-0.4247211206892731,0.9155760333445666,1.0490239712415002,-0.028778409302281614,0.4470866002977665
-0.7294001400486586,0.23262083035002024,-0.3255175126825752,-0.6050635293997605,-1.3974023998534661,0.5751896354148163,0.6217576283918921,-1.12098685893385,0.8488595178360907,0.7910112077409422,1.070455582388399,0.4470866002977665
2.0541977791877564,-0.32387825204974496,0.7165659481569395,-0.7292276414944004,3.0003881147303506,-0.6912884551718631,-1.8207641959543663,0.5763961029488641,-0.48547079233345813,1.5650494982426149,0.4785603560934166,-2.2367031338760426
-0.3953683897402892,-0.8803773344495102,0.6297256597536466,0.7359088812223515,0.2228362107826765,-0.05804940987852345,0.4849764062285016,0.2903626104808309,0.6487099713106569,0.4469941897401995,0.309447434294851,0.4470866002977665
-2.0655271412821374,-0.08537864530698869,-0.06499664747269676,-0.6547291742376166,-0.008626447879629403,0.5751896354148163,0.5826772792023519,-1.689290245284828,0.448560424785226,-0.4130483552616594,1.3241249650862474,0.4470866002977665
-0.17268055620137587,0.07362109252151577,0.19552421773718215,-1.0520543329404644,-1.2238054058567367,-1.007907977818533,-1.0586973867583338,-1.5161647103699558,-0.7523368543673679,-1.7031121727644476,0.9858991214891163,0.4470866002977665
2.8336051965739513,1.981617946463568,0.19552421773718215,-0.6298963518186885,2.363865803409008,0.2585701127681464,-1.0391572121635637,1.231262256757257,0.3818439092767471,1.9090665162433584,0.9858991214891163,-2.2367031338760426
-0.28402447297083205,-1.4368764168492754,-0.15183693587598973,0.09025549833022346,0.16497054611709994,0.005274494650810516,0.035552390548790044,0.177454652927628,1.449308157412386,-1.1870866457633324,-0.7897865573958297,0.4470866002977665
1.4974781953404734,-0.5623778587925017,-0.3255175126825752,-0.7043948190754724,-1.050208411860007,-0.5646406461131952,0.8171593743395927,-0.9516249226041085,-1.5529350404690943,1.4790452437424297,1.070455582388399,0.4470866002977665
1.4974781953404734,-0.08537864530698869,1.5849688321898683,-0.28223683795369653,2.4217314680745847,-1.261203595935869,-1.8793847197386766,0.3957433708637729,0.31512739376827115,1.135028225741686,1.2395685041869646,-2.2367031338760426
-1.2861197238959414,-0.005878776392736454,0.021843640930596212,0.6365775915466395,0.2228362107826765,1.5250482033548258,2.1458912467839575,0.3656345821829383,-0.21860473029954836,-0.4130483552616594,-0.7052300964965453,0.4470866002977665
0.9407586114931897,-0.08537864530698869,0.4560450829470606,-0.08357425860227258,-1.3974023998534661,-0.6912884551718631,1.5206056597513151,-0.6430098386254179,-1.0859194319097536,1.307036734742058,1.070455582388399,0.4470866002977665
0.6067268611848202,2.2996174221205763,0.10868392933388919,-0.5553978845619044,3.1739851087270794,-1.134555786877201,-0.43341179972569155,2.0517267483103447,1.516024672920865,0.9630197167413141,-0.9588994791943952,-2.2367031338760426
-0.5067123065097453,-0.08537864530698869,0.7165659481569395,0.7110760588034234,-0.5872830945353948,1.9049916305308296,1.9309493262414865,0.7419944406935172,-0.21860473029954836,-0.06903133726091613,-1.043455940093678,0.4470866002977665
0.3840390276459069,2.7368667011489634,-0.9333995315056256,1.3070637968576952,1.3222838394286303,-0.1846972189371914,1.7941681040780961,1.1936262709062033,-1.753084586994528,0.6190026987405703,-1.212568861892245,0.4470866002977665
0.9407586114931897,-1.0393770722780147,1.3244479669799898,1.9030515349119674,-0.3558204358730885,0.6385135399441502,0.44589605703896146,2.285069860586886,0.11497784724284033,2.1670792797439162,-1.804464088187226,0.4470866002977665
-0.3953683897402892,-0.5623778587925017,-0.23867722427928223,0.43791501219521556,-0.9344770825288539,-0.31134502799585934,-0.570193021889082,-0.8311897678806865,-0.6189038233504129,-1.6171079182642616,1.4086814259855318,0.4470866002977665
0.050007277337537445,-0.16487851422124092,2.019170274206333,1.4312279089523352,-0.12435777721078256,1.7783438214721616,2.2240519451630374,1.005446341650935,-1.1526359474182326,0.8770154622411283,-0.9588994791943952,0.4470866002977665
-0.17268055620137587,-1.1983768101065189,0.4560450829470606,-0.9030573984268965,-0.8187457531977007,0.06859839918014449,-0.43341179972569155,-1.2602400065827573,-1.3527854939436634,0.6190026987405703,0.5631168169927009,0.4470866002977665
-0.17268055620137587,-0.005878776392736454,-1.8886427039418476,-0.8782245760079684,-0.47155176520424164,1.5883721078841597,0.4849764062285016,-0.650537035795637,-0.21860473029954836,-0.4130483552616594,-0.5361171746979798,0.4470866002977665
2.722261279804495,-0.40337812096399717,1.9323299858030403,-0.9278902208458244,-0.06649211254520598,-0.3746689325251933,-0.21846987918322083,-0.6881730216466908,0.048261331734361396,-1.961124936265005,1.5777943477840972,0.4470866002977665
-0.3953683897402892,-0.5623778587925017,0.6297256597536466,1.9403007685403595,-0.8187457531977007,-1.4511753095238709,-0.9023759900001732,-0.025779670668078732,-0.8190533698758439,0.5329984442403845,1.9160201913812298,0.4470866002977665
-0.061336639431918714,-1.277876679020771,-0.15183693587598973,-0.6547291742376166,-0.8766114178632773,-1.071231882347867,-0.7460545932420126,-0.9817337112849431,-0.8190533698758439,0.6190026987405703,0.4785603560934166,0.4470866002977665
1.3861342785710153,-0.8008774655352581,0.10868392933388919,1.4188114977428716,0.2807018754482531,1.3984003942961578,0.4849764062285016,1.231262256757257,-0.3520377613165032,-0.24103984626128802,-0.36700425289941424,0.4470866002977665
1.942853862418298,0.789119912749785,0.890246524963525,0.31375090010057555,1.7273434920876665,-0.3746689325251933,-1.5276615770328152,0.5161785255871532,0.11497784724284033,2.2530835342441025,1.66235080868338,-2.2367031338760426
-0.6180562232792015,-0.7213775966210059,0.28236450614047515,-0.8782245760079684,-1.4552680645190428,1.5883721078841597,-0.10122883161460043,-1.636599865093336,-0.2853212458080243,1.6510537527428006,0.901342660589832,0.4470866002977665
-0.28402447297083205,1.8226182086350635,-0.3255175126825752,0.5372463018709274,0.04923921678594718,-1.4511753095238709,1.1298021678559138,0.4107977652042111,-0.4187542768249792,-1.1010823912631464,-1.043455940093678,0.4470866002977665
0.6067268611848202,0.5506203060070287,-0.15183693587598973,-0.0090757913454884,-1.5709993938501956,0.4485418263561483,-0.14030918080414057,-1.3806751613061374,-0.9524864008927987,-0.24103984626128802,2.000576652280513,0.4470866002977665
-1.0634318903570281,-1.1983768101065189,0.5428853713503535,-0.8533917535890405,-1.3395367351878895,0.7651613490028182,-0.06214848242506029,-0.4247211206892731,1.582741188429341,0.016972917239269796,-0.7897865573958297,0.4470866002977665
1.4974781953404734,-0.8008774655352581,0.890246524963525,-0.6795619966565444,0.10710488145152376,-0.43799283705452724,-0.2380100537779909,0.02691070952341317,-2.4869662575877785,-0.49905260976184534,-0.9588994791943952,0.4470866002977665
-1.1747758071264842,-0.6418777277067537,-0.5860383778924542,-0.28223683795369653,-0.5872830945353948,1.9049916305308296,0.6217576283918921,-0.9553885211891971,0.5819934558021809,-0.06903133726091613,0.5631168169927009,0.4470866002977665
0.27269511087645076,0.23262083035002024,-0.6728786662957469,0.9842371054116316,3.2897164380582327,-0.5646406461131952,0.6803781521762022,1.1258814963743151,-1.4195020094521422,0.6190026987405703,-0.9588994791943952,0.4470866002977665
2.2768856127266686,-1.1188769411922665,1.5849688321898683,-0.9775558656836805,-0.5294174298698182,0.9551330625908201,0.21141396190172065,-0.34944914898716567,-0.8857698853843228,0.016972917239269796,-0.1133348702015644,0.4470866002977665
1.3861342785710153,-0.6418777277067537,0.8034062365602325,-0.9278902208458244,-1.2238054058567367,0.32189401729748035,0.016012215954019974,-0.7258090074977445,-0.685620338858889,-1.1010823912631464,0.055778051597001166,0.4470866002977665
1.3861342785710153,-0.8803773344495102,0.6297256597536466,-0.35673530521048047,0.2807018754482531,0.6385135399441502,1.0516414694768335,-0.32686755747650836,-0.01845518377411456,-0.8430696277625891,0.8167861996905492,0.4470866002977665
0.7180707779542764,-0.8803773344495102,-0.06499664747269676,2.3003766936148153,0.4542988694449828,1.3984003942961578,1.803938191375481,1.9087100020763073,-0.552187307841934,-0.4130483552616594,-1.4662382445900934,0.4470866002977665
-0.28402447297083205,2.617616897777585,-0.06499664747269676,-0.9278902208458244,-1.050208411860007,-0.8179362642305311,-0.863295640810633,-1.7796166113273737,-0.4187542768249792,0.7910112077409422,1.9160201913812298,0.4470866002977665
-1.9541832245126805,-1.238126744563645,0.19552421773718215,-0.8285589311701125,-1.16593974119116,-1.134555786877201,-1.1954786089217242,-1.5726186891465364,0.515276940293702,2.855113315745403,1.070455582388399,0.4470866002977665
-0.28402447297083205,-0.5623778587925017,0.36920479454376764,2.0272156470066074,0.10710488145152376,2.094963344118831,1.6573868819147057,1.1559902850551498,-0.48547079233345813,-0.06903133726091613,-0.9588994791943952,0.4470866002977665
0.050007277337537445,0.39162056817852425,0.10868392933388919,1.3815622641144794,-0.18222344187635914,0.2585701127681464,0.2895746602808009,-0.16126921973185535,-0.8857698853843228,-1.5311036637640756,0.8167861996905492,0.4470866002977665
-0.3953683897402892,0.39162056817852425,1.8454896973997472,1.2822309744387674,0.10710488145152376,-0.12137331440785742,0.38727553325465125,0.8850111869275546,-1.0192029164012777,-0.9290738822627745,-1.043455940093678,0.4470866002977665
-0.28402447297083205,-0.9598772033637624,0.10868392933388919,-0.30706966037262445,-0.41368610053866506,-0.31134502799585934,-0.863295640810633,-0.8274261692955979,-2.1533836800453927,0.5329984442403845,-0.1133348702015644,0.4470866002977665
-0.3953683897402892,0.5506203060070287,-1.3676009735220902,-0.08357425860227258,-0.24008910654193572,-0.3746689325251933,-0.824215291621093,-0.31181316313611196,-0.7523368543673679,-1.1010823912631464,-0.36700425289941424,0.4470866002977665
0.27269511087645076,-0.8008774655352581,0.021843640930596212,1.3815622641144794,-0.7608800885321242,0.32189401729748035,0.035552390548790044,0.3204713991616655,-0.685620338858889,-0.9290738822627745,-0.028778409302281614,0.4470866002977665
0.3840390276459069,-0.6418777277067537,-0.3255175126825752,-0.5802307069808325,-0.7608800885321242,0.5118657308854823,-0.0035279586407500917,-0.9591521197742858,-1.2193524629267085,0.7050069532407564,0.5631168169927009,0.4470866002977665
-1.2861197238959414,-0.40337812096399717,-0.5860383778924542,1.0587355726684153,-0.24008910654193572,1.5250482033548258,0.6217576283918921,0.8172664123956246,0.5819934558021809,-1.1010823912631464,-1.043455940093678,0.4470866002977665
-2.0655271412821374,-0.16487851422124092,-0.23867722427928223,0.8352401708980637,-1.281671070522313,-0.24802112346652536,-0.257550228372761,-0.31934036030633106,0.9155760333445666,-1.1870866457633324,0.309447434294851,0.4470866002977665
0.050007277337537445,-0.40337812096399717,2.4533717162227973,-0.8782245760079684,-0.6451487592009714,0.5751896354148163,-0.0035279586407500917,-0.8010809791998519,0.7821430023276118,-0.8430696277625891,0.3940038951941338,0.4470866002977665
-1.8428393077432244,2.0611178153778194,-2.5833650111681905,-0.8037261087511844,0.33856754011382967,-1.6411470231118728,-1.8207641959543663,-0.19890520558295086,2.3166228590225915,2.855113315745403,1.5777943477840972,-2.2367031338760426
-0.17268055620137587,-0.6418777277067537,0.977086813366818,0.6117447691277116,-0.24008910654193572,1.5883721078841597,1.3447440883983846,0.7043584548424634,-0.01845518377411456,-0.24103984626128802,-1.1280124009929609,0.4470866002977665
0.27269511087645076,-0.5623778587925017,-0.06499664747269676,-0.8285589311701125,-0.008626447879629403,-0.24802112346652536,0.21141396190172065,-0.23654119143400454,0.18169436275131629,-0.49905260976184534,-0.1133348702015644,0.4470866002977665
-0.28402447297083205,-0.40337812096399717,-0.06499664747269676,-0.7788932863322565,-0.2979547712075123,-0.3746689325251933,0.016012215954019974,0.177454652927628,1.449308157412386,0.8770154622411283,-0.36700425289941424,0.4470866002977665
-0.7294001400486586,-0.32387825204974496,0.6297256597536466,-1.0023886881026083,0.16497054611709994,-1.5144992140532048,0.38727553325465125,-0.4999930923913805,1.516024672920865,-0.06903133726091613,-0.1133348702015644,0.4470866002977665
0.3840390276459069,-0.40337812096399717,0.4560450829470606,0.06542267591129555,-0.47155176520424164,0.005274494650810516,0.40681570784942134,-0.31181316313611196,-0.4187542768249792,0.7050069532407564,0.309447434294851,0.4470866002977665
-1.1747758071264842,0.4711204370927765,-1.8018024155385546,-0.8285589311701125,0.5121645341105594,0.5118657308854823,0.15279343811741045,-0.5752650640935297,0.11497784724284033,-0.24103984626128802,-0.45156071379869706,0.4470866002977665
-1.0634318903570281,0.07362109252151577,0.10868392933388919,-0.033908613764416534,-0.41368610053866506,0.5751896354148163,1.2861235646140743,-0.5940830570190565,-0.01845518377411456,0.2749856807398276,0.309447434294851,0.4470866002977665
-0.5067123065097453,0.5506203060070287,0.28236450614047515,-0.3815681276294085,-0.703014423866548,0.19524620823881242,1.5596860089408553,-0.08599724802974795,-0.552187307841934,2.1670792797439162,-0.5361171746979798,0.4470866002977665
0.49538294441536407,-1.1983768101065189,0.19552421773718215,-0.9278902208458244,-0.3558204358730885,1.018456967120154,0.016012215954019974,-0.7333362046679636,-1.2193524629267085,1.4790452437424297,-0.1133348702015644,0.4470866002977665
0.6067268611848202,-0.08537864530698869,0.10868392933388919,-0.8782245760079684,-0.9344770825288539,0.005274494650810516,0.7976191997448226,-0.8989345424126166,-1.8198011025030039,-0.7570653732624032,-0.1133348702015644,0.4470866002977665
0.1613511941069936,-0.40337812096399717,0.5428853713503535,0.13992114316807952,-1.3395367351878895,0.005274494650810516,-0.2966305775623011,-1.1699136405402117,-1.0859194319097536,-1.5311036637640756,1.66235080868338,0.4470866002977665
-0.061336639431918714,-0.08537864530698869,-0.15183693587598973,-0.9030573984268965,0.2807018754482531,-0.43799283705452724,1.3447440883983846,-0.11610603671062433,0.448560424785226,0.2749856807398276,-0.6206736355972626,0.4470866002977665
-0.8407440568181148,0.23262083035002024,-0.15183693587598973,0.6614104139655674,-0.06649211254520598,0.8918091580614861,2.1849715959734977,0.5914504972893023,0.8488595178360907,0.9630197167413141,-0.5361171746979798,0.4470866002977665
0.6067268611848202,-0.9598772033637624,0.28236450614047515,-0.5802307069808325,-0.6451487592009714,0.13192230370947847,0.09417291433310024,-0.6129010499445834,-0.8190533698758439,-0.15503559176110207,0.3940038951941338,0.4470866002977665
0.8294146947237335,-0.08537864530698869,0.28236450614047515,-0.9278902208458244,-0.008626447879629403,-1.7044709276412067,-0.02306813323552016,-1.1623864433699926,-0.2853212458080243,-1.4450994092638898,1.2395685041869646,0.4470866002977665
-1.0634318903570281,1.107119388406794,0.977086813366818,-0.9527230432647524,0.16497054611709994,1.9049916305308296,1.501065485156545,-0.27417717728505825,-1.3527854939436634,-0.9290738822627745,-1.3816817836908106,0.4470866002977665
0.9407586114931897,1.1866192573210461,-0.41235780108586817,-0.7540604639133285,2.3060001387434315,-0.5013167415838612,-1.3127196564903445,1.5699861294167823,1.3825916419039102,1.9950707707435444,-1.212568861892245,-2.2367031338760426
-1.5088075574348547,-0.8406273999923842,-1.2807606851187971,1.8906351237025036,0.16497054611709994,0.005274494650810516,-0.10122883161460043,0.6441408774807524,1.1824420953784764,-1.1010823912631464,0.14033451249628545,0.4470866002977665
-0.28402447297083205,-0.5623778587925017,1.3244479669799898,-0.6795619966565444,-0.8766114178632773,-0.7546123597011971,-0.17938952999368069,-1.3091667881891187,-0.8190533698758439,0.9630197167413141,1.070455582388399,0.4470866002977665
1.163446445032103,2.4586171599490805,0.19552421773718215,-0.5553978845619044,2.3060001387434315,-0.944584073289199,-1.6253624500066657,1.231262256757257,0.5819934558021809,0.6190026987405703,0.055778051597001166,-2.2367031338760426
-0.3953683897402892,-0.16487851422124092,1.150767390173404,1.0090699278305595,0.2807018754482531,1.9683155350601635,1.1298021678559138,1.099536306278569,-1.3527854939436634,-0.49905260976184534,-1.4662382445900934,0.4470866002977665
2.4995734462655808,0.9481196505782894,1.8454896973997472,-0.6547291742376166,2.0166718154155494,-1.071231882347867,-1.8989248943334467,1.3818062001615137,0.8488595178360907,0.8770154622411283,0.5631168169927009,-2.2367031338760426
0.3840390276459069,-0.7213775966210059,1.5849688321898683,1.1084012175062716,-0.8187457531977007,-0.12137331440785742,0.27003448568603083,-0.010725276327640537,-1.5529350404690943,-1.6171079182642616,0.309447434294851,0.4470866002977665
0.6067268611848202,0.9481196505782894,-0.06499664747269676,-0.6795619966565444,0.8014928574384419,-1.5778231185825387,-2.113866814875917,0.38445257510846514,1.449308157412386,1.8230622617431727,0.7322297387912664,-2.2367031338760426
-1.5088075574348547,-0.4828779898782494,-0.41235780108586817,-0.33190248279155243,-0.6451487592009714,-0.8179362642305311,-0.10122883161460043,-1.3279847811146874,1.3158751263954314,-0.06903133726091613,1.66235080868338,0.4470866002977665
0.49538294441536407,2.220117553206324,-1.9754829923451402,-0.1332399034401284,2.190268809412278,-1.5778231185825387,-1.7816838467648262,1.3065342284593644,1.0490090643615215,-0.06903133726091613,-1.3816817836908106,-2.2367031338760426
0.3840390276459069,-1.3176266134778971,0.19552421773718215,-0.9527230432647524,-0.3558204358730885,-1.071231882347867,-1.0977777359478738,-1.4333655414976294,-0.8190533698758439,-1.1870866457633324,0.9858991214891163,0.4470866002977665
0.050007277337537445,-0.6418777277067537,-0.23867722427928223,-0.5553978845619044,0.2807018754482531,-0.944584073289199,-0.550652847294312,-0.07847005085952885,-0.2853212458080243,0.4469941897401995,-1.1280124009929609,0.4470866002977665
-0.17268055620137587,0.789119912749785,-0.06499664747269676,0.9594042829927036,-0.18222344187635914,-0.1846972189371914,0.21141396190172065,0.5161785255871532,-0.685620338858889,0.7050069532407564,-0.6206736355972626,0.4470866002977665
-0.952087973587572,0.07362109252151577,-0.5860383778924542,-0.8533917535890405,-0.703014423866548,0.4485418263561483,0.07463273973833018,-1.5538006962210096,0.448560424785226,-0.7570653732624032,1.4932378868848144,0.4470866002977665
-1.0634318903570281,-0.2443783831354927,1.8454896973997472,0.01575703107343951,1.7273434920876665,-0.05804940987852345,0.36773535865988116,0.3806889765233765,-0.8190533698758439,-1.2730909002635182,-1.3816817836908106,0.4470866002977665
1.3861342785710153,-0.08537864530698869,1.150767390173404,1.8533858900741116,-0.2979547712075123,1.335076489766824,0.6608379775814321,0.2226178359489008,-1.2193524629267085,-1.5311036637640756,1.1550120432876818,0.4470866002977665
-1.1747758071264842,0.9878695850354156,-1.2807606851187971,0.36341654493843156,-0.9923427471944305,-0.6279645506425292,0.27003448568603083,-0.9102253381679244,0.11497784724284033,-0.4130483552616594,1.3241249650862474,0.4470866002977665
-0.17268055620137587,-0.08537864530698869,-0.7597189546990398,0.31375090010057555,0.6857615281072887,0.6385135399441502,1.3642842629931546,1.7506388615018733,-0.2853212458080243,0.016972917239269796,-1.212568861892245,0.4470866002977665
-0.17268055620137587,2.379117291034828,-0.9333995315056256,-0.7788932863322565,1.6694778274220898,-1.261203595935869,-1.078237561353104,1.1936262709062033,2.1164733124971606,0.6190026987405703,-1.1280124009929609,-2.2367031338760426
-0.061336639431918714,-0.2443783831354927,-0.06499664747269676,0.8352401708980637,-1.281671070522313,0.3852179218268143,-0.14030918080414057,-0.9553885211891971,-1.5529350404690943,-1.1010823912631464,1.4086814259855318,0.4470866002977665
1.0521025282626468,1.7431183397208114,-0.5860383778924542,-0.7292276414944004,1.380149504094207,-1.007907977818533,-0.2966305775623011,0.7796304265445708,0.31512739376827115,0.2749856807398276,-1.043455940093678,-2.2367031338760426
-1.6201514742043108,-0.5623778587925017,1.237607678576697,-0.8037261087511844,-0.12435777721078256,-0.5646406461131952,-0.14030918080414057,-0.635482641455199,-0.01845518377411456,-0.24103984626128802,-0.5361171746979798,0.4470866002977665
0.49538294441536407,1.9021180775493158,-0.7597189546990398,-0.6795619966565444,3.347582102723809,-1.1978796914065348,-0.9414563391897133,0.7419944406935172,-1.1526359474182326,1.0490239712415002,-1.212568861892245,-2.2367031338760426
1.163446445032103,-0.7213775966210059,0.10868392933388919,1.3567294416955515,-0.2979547712075123,2.0316394395894974,1.5792261835356254,1.1559902850551498,-0.7523368543673679,0.18898142623964168,-0.9588994791943952,0.4470866002977665
-0.17268055620137587,0.4711204370927765,-0.23867722427928223,-0.7540604639133285,-1.3974023998534661,2.094963344118831,-0.277090402967531,-1.5048739146146481,1.516024672920865,0.7910112077409422,1.66235080868338,0.4470866002977665
-0.7294001400486586,0.07362109252151577,0.10868392933388919,-0.8533917535890405,-1.050208411860007,-0.43799283705452724,-0.3747912759413814,-1.768325815572024,-0.08517169928259348,-0.7570653732624032,2.000576652280513,0.4470866002977665
2.610917363035039,-0.32387825204974496,0.890246524963525,-0.7292276414944004,2.479597132740161,-1.5778231185825387,-2.0357061164968373,1.5323501435657285,0.3818439092767471,1.6510537527428006,-0.7897865573958297,-2.2367031338760426
0.49538294441536407,-0.16487851422124092,-0.49919808948916117,-0.28223683795369653,-0.24008910654193572,-0.05804940987852345,-0.12076900620937049,-0.7258090074977445,-0.7523368543673679,-0.9290738822627745,0.309447434294851,0.4470866002977665
0.3840390276459069,-0.4828779898782494,-0.3255175126825752,-0.28223683795369653,-0.06649211254520598,-0.944584073289199,-0.8046751170263229,-0.8274261692955979,-1.0192029164012777,-0.4130483552616594,0.5631168169927009,0.4470866002977665
-0.6180562232792015,-1.635626089134906,-0.15183693587598973,-0.9527230432647524,-0.7608800885321242,0.8284852535321521,0.38727553325465125,-0.9440977254338894,-0.3520377613165032,0.36098993524001355,0.055778051597001166,0.4470866002977665
-1.1747758071264842,-0.7213775966210059,-0.06499664747269676,-0.9030573984268965,0.2228362107826765,0.7018374444734842,-0.6678938948629324,-1.218840422146615,0.5819934558021809,-0.32704410076147394,0.7745079692409086,0.4470866002977665
0.7180707779542764,-0.8008774655352581,2.54021200462609,-0.7043948190754724,-0.12435777721078256,1.018456967120154,0.8757798981239029,-0.12363323388080165,-1.1526359474182326,0.2749856807398276,-0.45156071379869706,0.4470866002977665
0.9407586114931897,0.9481196505782894,1.5849688321898683,2.0023828245876794,-0.8766114178632773,0.3852179218268143,0.7389986759605125,0.5914504972893023,-0.552187307841934,-1.3590951547637042,0.5631168169927009,0.4470866002977665
0.9407586114931897,-0.4828779898782494,0.890246524963525,-0.30706966037262445,-0.3558204358730885,0.3852179218268143,0.5631371046075818,0.5538145114382068,0.9155760333445666,-0.49905260976184534,-0.5361171746979798,0.4470866002977665
-0.6180562232792015,-1.1983768101065189,0.977086813366818,-0.9775558656836805,-0.703014423866548,-0.12137331440785742,-0.14030918080414057,-1.1774408377104308,-0.2853212458080243,0.10297717173945574,0.309447434294851,0.4470866002977665
1.4974781953404734,2.379117291034828,-0.06499664747269676,-0.7043948190754724,2.074537480081126,-1.261203595935869,-1.3713401802746548,1.231262256757257,1.1824420953784764,0.8770154622411283,-0.36700425289941424,-2.2367031338760426
-1.0634318903570281,0.153120961435768,-1.1070801083122115,-0.4808994173051205,-0.703014423866548,-1.6411470231118728,-0.6874340694577025,-1.008078901380689,0.3818439092767471,-0.9290738822627745,0.7322297387912664,0.4470866002977665
0.3840390276459069,-0.8008774655352581,-0.8465592431023328,-0.8285589311701125,-0.12435777721078256,0.2585701127681464,0.2504943110912608,0.2753082161403927,1.0490090643615215,-0.4130483552616594,-0.5361171746979798,0.4470866002977665
-0.17268055620137587,1.0276195194925417,-0.9333995315056256,2.7473674971555195,0.9750898514351717,1.9049916305308296,1.2861235646140743,1.8484924247145964,-0.6189038233504129,-0.49905260976184534,-1.7199076272879432,0.4470866002977665
0.7180707779542764,-0.8803773344495102,0.021843640930596212,-0.8782245760079684,-0.06649211254520598,0.6385135399441502,0.42635588244419137,-0.19890520558295086,1.3825916419039102,0.18898142623964168,-0.45156071379869706,0.4470866002977665
-0.3953683897402892,-1.1188769411922665,-0.23867722427928223,-0.9527230432647524,-0.8187457531977007,1.5250482033548258,-0.2380100537779909,-1.7081082382103547,-1.4862185249606181,0.10297717173945574,1.070455582388399,0.4470866002977665
0.050007277337537445,-0.40337812096399717,0.28236450614047515,1.4808935537901915,-0.5872830945353948,-0.3746689325251933,-0.7069742440524726,0.14734586424679338,-0.7523368543673679,-1.4450994092638898,0.22489097339556824,0.4470866002977665
1.3861342785710153,-0.005878776392736454,0.8034062365602325,-0.6795619966565444,0.570030198776136,-1.5778231185825387,-2.1529471640654574,0.5387601170978105,0.5819934558021809,1.4790452437424297,0.4785603560934166,-2.2367031338760426
0.1613511941069936,-0.2443783831354927,-0.41235780108586817,-0.5305650621429765,-0.5294174298698182,1.208428680708156,-0.042608307830290224,-1.1774408377104308,-1.0859194319097536,0.7050069532407564,0.4785603560934166,0.4470866002977665
-0.6180562232792015,-0.005878776392736454,-0.23867722427928223,-0.8533917535890405,-0.6451487592009714,-1.1978796914065348,-0.02306813323552016,-0.7634449933487982,0.6487099713106569,0.016972917239269796,-0.19789133110084717,0.4470866002977665
0.3840390276459069,-0.7213775966210059,0.8034062365602325,2.4369572169189193,-0.3558204358730885,0.8601472057968191,0.18210370000956555,2.2097978888847787,0.9155760333445666,-0.8430696277625891,-1.2971253227915278,0.4470866002977665
-0.952087973587572,-0.32387825204974496,0.021843640930596212,-0.8533917535890405,-0.7608800885321242,-0.881260168759865,-0.7265144186472425,-1.192495232050869,0.6487099713106569,-0.5850568642620313,0.3940038951941338,0.4470866002977665
1.163446445032103,-0.8803773344495102,-0.06499664747269676,0.7855745260602074,-0.6451487592009714,0.7018374444734842,0.1918737873069506,-0.05212486076382468,-0.8190533698758439,1.3930409892422437,0.9858991214891163,0.4470866002977665
-1.6201514742043108,1.3853689296066762,-2.670205299571484,-0.8533917535890405,0.9750898514351717,-1.4511753095238709,-0.3357109267518412,0.02691070952341317,2.716921952073456,-0.9290738822627745,-0.7897865573958297,0.4470866002977665
-1.0634318903570281,-1.1188769411922665,-0.15183693587598973,1.1828996847630553,-0.24008910654193572,0.13192230370947847,-0.43341179972569155,0.5387601170978105,-0.685620338858889,-1.2730909002635182,-1.212568861892245,0.4470866002977665
-0.3953683897402892,-0.7213775966210059,0.5428853713503535,-0.9278902208458244,0.6278958634417122,0.8918091580614861,1.5401458343460852,-0.34944914898716567,0.9822925488530455,0.36098993524001355,-0.28244779200013,0.4470866002977665
-0.17268055620137587,0.153120961435768,1.150767390173404,0.5124134794519994,0.10710488145152376,-0.12137331440785742,0.6803781521762022,0.5914504972893023,-0.552187307841934,-0.7570653732624032,-0.9588994791943952,0.4470866002977665
0.3840390276459069,1.9021180775493158,-2.409684434361605,-0.8285589311701125,1.380149504094207,-0.881260168759865,-1.5276615770328152,0.629086483140356,0.9822925488530455,-0.24103984626128802,-1.3816817836908106,-2.2367031338760426
0.49538294441536407,-0.16487851422124092,0.021843640930596212,-0.8037261087511844,-0.7608800885321242,-0.5013167415838612,-0.19892970458845077,-0.4999930923913805,-1.0192029164012777,-1.1010823912631464,0.22489097339556824,0.4470866002977665
-0.5067123065097453,-0.6418777277067537,-0.9333995315056256,0.6365775915466395,0.10710488145152376,0.8284852535321521,1.149342342450684,0.4183249623744302,-0.2853212458080243,-0.24103984626128802,-0.9307139922279707,0.4470866002977665
-1.1747758071264842,-1.0393770722780147,-0.23867722427928223,-0.9775558656836805,-0.6451487592009714,-0.43799283705452724,-0.6288135456733922,-1.1247504575189389,0.448560424785226,0.36098993524001355,0.013499821147360529,0.4470866002977665
-0.7294001400486586,-0.8803773344495102,-1.1070801083122115,1.4063950865334074,-0.18222344187635914,1.6516960124134936,0.7585388505552826,1.0280279331615503,-0.8857698853843228,0.2749856807398276,-1.212568861892245,0.4470866002977665
-0.7294001400486586,-0.9598772033637624,-0.23867722427928223,-0.7788932863322565,-1.5131337291846192,-0.1846972189371914,0.7389986759605125,-1.2150768235614844,-0.15188821479106943,1.135028225741686,0.6476732778919837,0.4470866002977665
-0.3953683897402892,-0.6418777277067537,-0.06499664747269676,2.4742064505473116,0.16497054611709994,0.13192230370947847,-0.042608307830290224,1.6640760940444164,-1.2193524629267085,0.2749856807398276,-1.3816817836908106,0.4470866002977665
1.0521025282626468,-0.9598772033637624,-0.41235780108586817,-0.7043948190754724,-0.5294174298698182,-1.4511753095238709,0.44589605703896146,0.10218268122552057,-1.1526359474182326,1.9950707707435444,-0.7052300964965453,0.4470866002977665
-1.0634318903570281,-0.40337812096399717,-1.1070801083122115,0.5124134794519994,0.39643320477940625,1.208428680708156,1.442444961372235,0.7457580392786057,-0.08517169928259348,-0.6710611187622172,-1.3816817836908106,0.4470866002977665
-0.28402447297083205,1.1866192573210461,-0.3255175126825752,0.06542267591129555,-0.5294174298698182,0.2585701127681464,-0.4724921489152317,-0.9930245070402509,-0.4187542768249792,-0.5850568642620313,1.4932378868848144,0.4470866002977665
2.3882295294961247,2.2996174221205763,-2.670205299571484,-0.7540604639133285,0.570030198776136,-1.6411470231118728,-2.1529471640654574,1.4194421860125674,-0.2853212458080243,1.0490239712415002,-0.19789133110084717,-2.2367031338760426
-0.952087973587572,-0.32387825204974496,0.021843640930596212,-0.2574040155347685,-0.8187457531977007,0.7018374444734842,0.32865500947034104,-0.6580642329658561,0.11497784724284033,-0.4130483552616594,0.22489097339556824,0.4470866002977665
0.49538294441536407,0.07362109252151577,-0.3255175126825752,-0.8782245760079684,0.04923921678594718,0.4485418263561483,1.0321012948820634,-0.2177231985084777,-1.2860689784351873,0.10297717173945574,-1.1280124009929609,0.4470866002977665
-1.0634318903570281,-0.32387825204974496,-1.3676009735220902,-0.8533917535890405,0.4542988694449828,0.2585701127681464,0.15279343811741045,-0.12363323388080165,-0.685620338858889,-0.49905260976184534,-1.5507947054893763,0.4470866002977665
0.050007277337537445,-0.16487851422124092,0.5428853713503535,-0.8285589311701125,-0.7608800885321242,0.19524620823881242,0.11371308892787031,-1.2602400065827573,0.24841087825979224,-0.32704410076147394,1.4086814259855318,0.4470866002977665
1.2747903618015592,-0.32387825204974496,0.19552421773718215,-0.9030573984268965,-0.18222344187635914,-0.31134502799585934,-0.39433145053615143,-1.2301312179019226,-1.619651555977573,-0.5850568642620313,1.4932378868848144,0.4470866002977665
0.49538294441536407,-0.40337812096399717,-0.06499664747269676,0.7359088812223515,0.04923921678594718,0.4485418263561483,0.7194585013657424,0.8925383840977319,-0.6189038233504129,-0.24103984626128802,-1.4662382445900934,0.4470866002977665
0.49538294441536407,0.39162056817852425,-0.15183693587598973,-0.5802307069808325,2.248134474077855,-0.31134502799585934,-0.9414563391897133,0.9489923628743125,1.1157255798700003,1.4790452437424297,0.309447434294851,-2.2367031338760426
0.9407586114931897,-0.8803773344495102,-0.9333995315056256,-0.8782245760079684,-0.703014423866548,-0.3746689325251933,-0.7265144186472425,-1.1473320490295962,-1.2860689784351873,-0.4130483552616594,0.901342660589832,0.4470866002977665
0.7180707779542764,0.39162056817852425,1.4981285437865755,2.1265469366823195,-0.5872830945353948,0.8284852535321521,-0.08168865701983036,1.6076221152678358,-1.2193524629267085,-0.24103984626128802,-1.212568861892245,0.4470866002977665
-1.3974636406653975,-0.7213775966210059,-0.15183693587598973,-0.35673530521048047,-0.47155176520424164,-0.24802112346652536,0.5045165808232717,-1.4822923231039908,-0.3520377613165032,-1.2730909002635182,1.2395685041869646,0.4470866002977665
-0.28402447297083205,0.6301201749212809,-0.5860383778924542,-0.5553978845619044,-1.8024620525125017,-0.5646406461131952,-0.7851349424315528,-1.1623864433699926,-1.2860689784351873,-1.1870866457633324,0.7322297387912664,0.4470866002977665
-0.17268055620137587,-0.32387825204974496,0.977086813366818,0.5869119467087834,0.33856754011382967,1.7150199169428277,1.5596860089408553,0.6140320887999178,-0.685620338858889,-0.15503559176110207,-1.043455940093678,0.4470866002977665
0.3840390276459069,-0.5623778587925017,-0.06499664747269676,-0.6050635293997605,-0.3558204358730885,0.005274494650810516,-0.3161707521570712,-1.0645328801572695,-1.1526359474182326,0.4469941897401995,0.5631168169927009,0.4470866002977665
0.9407586114931897,-0.40337812096399717,1.150767390173404,-0.9030573984268965,-0.6451487592009714,0.7651613490028182,0.23095413649649071,0.177454652927628,-0.2853212458080243,1.221032480241872,-0.5361171746979798,0.4470866002977665
-0.952087973587572,0.153120961435768,0.10868392933388919,0.7110760588034234,0.2228362107826765,1.335076489766824,1.2275030408297642,0.9941555458955853,1.1157255798700003,1.221032480241872,-0.9588994791943952,0.4470866002977665
-0.17268055620137587,-0.9598772033637624,0.8034062365602325,1.2201489183914473,0.39643320477940625,0.6385135399441502,-0.3357109267518412,0.5237057227573723,-1.619651555977573,0.4469941897401995,-0.1133348702015644,0.4470866002977665
-1.2861197238959414,-1.277876679020771,0.021843640930596212,0.23925243284379158,-0.703014423866548,-1.5144992140532048,-0.9219161645949433,-0.9064617395828357,-0.15188821479106943,-0.6710611187622172,1.070455582388399,0.4470866002977665
0.9407586114931897,-0.005878776392736454,0.8034062365602325,-0.8285589311701125,-1.2238054058567367,-0.6912884551718631,-0.6483537202681623,-1.0645328801572695,-0.48547079233345813,-0.24103984626128802,1.070455582388399,0.4470866002977665
-0.3953683897402892,-0.8008774655352581,-0.06499664747269676,1.2325653296009116,-0.41368610053866506,2.094963344118831,1.0516414694768335,0.403270568033992,-1.0192029164012777,-0.06903133726091613,-0.45156071379869706,0.4470866002977665
0.8294146947237335,0.8686197816640372,0.6297256597536466,0.7855745260602074,0.7436271927728654,1.145104776178822,0.46543623163373155,1.005446341650935,1.1824420953784764,0.6190026987405703,0.309447434294851,0.4470866002977665
0.27269511087645076,-0.5623778587925017,-1.0202398199089184,0.6862432363844956,-0.18222344187635914,1.3984003942961578,1.0907218186663736,0.7043584548424634,-0.3520377613165032,-1.1010823912631464,-0.9588994791943952,0.4470866002977665
-0.17268055620137587,1.107119388406794,0.4560450829470606,0.01575703107343951,-0.8766114178632773,-0.1846972189371914,0.6999183267709723,-1.1021688660083233,-0.7523368543673679,-0.9290738822627745,1.4932378868848144,0.4470866002977665
-0.061336639431918714,-0.7213775966210059,0.10868392933388919,0.21441961042486346,-0.41368610053866506,-0.6912884551718631,-0.02306813323552016,-0.3645035433276039,-0.3520377613165032,0.36098993524001355,0.4785603560934166,0.4470866002977665
1.4974781953404734,-0.7213775966210059,0.28236450614047515,-0.9527230432647524,-0.2979547712075123,-0.6912884551718631,-0.08168865701983036,-0.4623571065403268,-1.4862185249606181,-0.32704410076147394,-0.36700425289941424,0.4470866002977665
1.2747903618015592,-0.40337812096399717,-0.06499664747269676,0.7110760588034234,0.04923921678594718,0.5118657308854823,0.6217576283918921,0.5538145114382068,-1.5529350404690943,0.6190026987405703,-0.5361171746979798,0.4470866002977665
0.1613511941069936,-1.5163762857635275,-0.06499664747269676,-0.45606659488619244,-1.7445963878469255,-1.007907977818533,-1.6253624500066657,-1.463474330178464,-1.3527854939436634,0.10297717173945574,1.070455582388399,0.4470866002977665
0.6067268611848202,2.538117028863333,-0.3255175126825752,-0.7292276414944004,2.0166718154155494,-0.881260168759865,-0.570193021889082,0.8398480039062818,0.24841087825979224,0.6190026987405703,-0.7052300964965453,-2.2367031338760426
-0.952087973587572,-0.40337812096399717,-0.23867722427928223,-0.8037261087511844,-0.2979547712075123,-0.43799283705452724,-0.43341179972569155,-1.7871438084975926,-0.552187307841934,-0.5850568642620313,1.5777943477840972,0.4470866002977665
0.9407586114931897,-0.8008774655352581,0.28236450614047515,1.7292217779794716,-0.5294174298698182,1.5250482033548258,0.38727553325465125,0.7419944406935172,-1.3527854939436634,-1.7031121727644476,-0.28244779200013,0.4470866002977665
-0.952087973587572,-0.32387825204974496,1.150767390173404,0.43791501219521556,-0.41368610053866506,1.9049916305308296,2.1458912467839575,0.42208856095951885,-0.685620338858889,-0.9290738822627745,-1.4662382445900934,0.4470866002977665
1.0521025282626468,1.8623681430921897,-2.1491635691517263,-0.23257119311584049,2.248134474077855,-0.24802112346652536,-1.156398259732184,0.9678103557998812,0.9155760333445666,1.3930409892422437,0.055778051597001166,-2.2367031338760426
1.0521025282626468,-0.2443783831354927,1.5849688321898683,0.6862432363844956,-0.18222344187635914,1.0817808716494879,1.4619851359670049,0.5538145114382068,-1.2193524629267085,0.36098993524001355,0.309447434294851,0.4470866002977665
1.0521025282626468,-0.16487851422124092,0.021843640930596212,0.5993283579182475,-0.8187457531977007,0.3852179218268143,0.6608379775814321,-0.04836126217869424,-1.0859194319097536,-1.7031121727644476,0.14033451249628545,0.4470866002977665
-0.17268055620137587,-0.9598772033637624,0.19552421773718215,-0.0090757913454884,-0.06649211254520598,0.7018374444734842,0.1918737873069506,-0.4134303249339653,-0.685620338858889,0.4469941897401995,0.309447434294851,0.4470866002977665
0.8294146947237335,-1.1188769411922665,1.8454896973997472,0.23925243284379158,-1.8024620525125017,-0.6279645506425292,-0.7069742440524726,-0.3870851348382194,-0.552187307841934,-0.9290738822627745,1.070455582388399,0.4470866002977665
-0.17268055620137587,-1.0393770722780147,0.10868392933388919,0.5620791242898555,-0.06649211254520598,-0.881260168759865,-0.21846987918322083,0.3957433708637729,1.3158751263954314,-0.5850568642620313,-0.19789133110084717,0.4470866002977665
-0.8407440568181148,2.1406176842920717,-2.670205299571484,-0.8285589311701125,0.9750898514351717,-1.4511753095238709,-1.996625767307297,1.005446341650935,2.2499063435141156,2.855113315745403,-1.043455940093678,-2.2367031338760426
2.9449491133434074,0.153120961435768,1.8454896973997472,-0.6795619966565444,1.4958808334253602,-1.134555786877201,-1.8598445451439065,0.43714295529995706,0.9155760333445666,2.1670792797439162,1.4932378868848144,-2.2367031338760426
0.6067268611848202,0.5506203060070287,1.4981285437865755,-0.5802307069808325,1.4380151687597835,-0.5646406461131952,-0.7069742440524726,1.231262256757257,0.6487099713106569,1.6510537527428006,-0.8743430182951124,-2.2367031338760426
-0.6180562232792015,0.31212069926427205,1.7586494089964544,0.7110760588034234,0.39643320477940625,1.3984003942961578,1.1102619932611437,0.4107977652042111,-0.685620338858889,-0.49905260976184534,-0.8743430182951124,0.4470866002977665
-0.061336639431918714,-0.8008774655352581,0.19552421773718215,-0.7788932863322565,-0.8187457531977007,1.0817808716494879,0.309114834875571,-1.5161647103699558,0.18169436275131629,-0.8430696277625891,1.66235080868338,0.4470866002977665
-0.061336639431918714,-0.8803773344495102,1.6718091205931613,1.2573981520198394,-0.703014423866548,2.981498007529507,0.9148602473134431,0.9301743699487857,-0.48547079233345813,0.36098993524001355,-0.36700425289941424,0.4470866002977665
-1.1747758071264842,1.0276195194925417,-2.670205299571484,-0.8285589311701125,-0.3558204358730885,-1.7677948321705406,-2.1334069894706875,0.177454652927628,1.716174219446296,2.9411175702455887,0.901342660589832,-2.2367031338760426
0.1613511941069936,2.6971167666918374,-1.1070801083122115,-0.7788932863322565,1.2644181747630545,-1.134555786877201,-1.5667419262223554,1.1559902850551498,1.449308157412386,0.7910112077409422,-1.2971253227915278,-2.2367031338760426
0.27269511087645076,2.4586171599490805,-2.1491635691517263,-0.5553978845619044,1.6694778274220898,-1.007907977818533,-0.6874340694577025,1.3291158199700217,1.9163237659717267,0.2749856807398276,-0.9588994791943952,-2.2367031338760426
0.6067268611848202,-0.5623778587925017,0.021843640930596212,2.0023828245876794,0.04923921678594718,0.9551330625908201,1.8918689770519463,1.7205300728210389,-0.9524864008927987,0.18898142623964168,-1.5507947054893763,0.4470866002977665
0.050007277337537445,-0.8803773344495102,0.28236450614047515,-0.7043948190754724,0.04923921678594718,-1.1978796914065348,0.309114834875571,-0.650537035795637,0.18169436275131629,-0.4130483552616594,0.8167861996905492,0.4470866002977665
-0.952087973587572,-1.1983768101065189,-0.3255175126825752,1.9030515349119674,0.917224186769595,2.0316394395894974,0.8171593743395927,2.0592539454805223,2.9170714985988897,-0.6710611187622172,-1.4662382445900934,0.4470866002977665
-1.3974636406653975,-1.277876679020771,-0.23867722427928223,-0.30706966037262445,-0.18222344187635914,1.6516960124134936,0.602217453797122,-0.9892609084551622,-0.01845518377411456,-2.0471291907651907,0.4785603560934166,0.4470866002977665
-0.17268055620137587,-1.0393770722780147,-0.23867722427928223,0.8849058157359195,-0.06649211254520598,1.335076489766824,2.380373341921198,0.4785425397360994,-0.01845518377411456,0.18898142623964168,-0.1133348702015644,0.4470866002977665
0.1613511941069936,1.0276195194925417,2.713892581432676,1.7043889555605436,-0.24008910654193572,1.335076489766824,0.6217576283918921,1.34417021431046,-0.685620338858889,-0.4130483552616594,-1.6353511663886604,0.4470866002977665
-0.952087973587572,-1.277876679020771,-0.15183693587598973,0.31375090010057555,-0.12435777721078256,0.5118657308854823,0.602217453797122,0.2941262090659195,2.5167724055480254,-0.5850568642620313,-0.028778409302281614,0.4470866002977665
0.3840390276459069,-0.6418777277067537,0.890246524963525,2.3997079832905275,-0.008626447879629403,2.664878484882837,2.0091100246205666,1.7694568544274003,-0.4187542768249792,1.7370580072429866,-1.043455940093678,0.4470866002977665
0.49538294441536407,-0.16487851422124092,-0.23867722427928223,1.3070637968576952,-0.9344770825288539,0.7651613490028182,0.34819518406511113,0.4409065538850457,-0.8190533698758439,-0.32704410076147394,-0.028778409302281614,0.4470866002977665
0.3840390276459069,-1.357376547935023,1.5849688321898683,-0.9527230432647524,-0.5872830945353948,-0.1846972189371914,-0.4138716251309215,-0.4247211206892731,-0.15188821479106943,1.8230622617431727,-0.028778409302281614,0.4470866002977665
-0.28402447297083205,-1.1983768101065189,0.10868392933388919,1.8782187124930394,-0.7608800885321242,-0.8179362642305311,0.6999183267709723,1.0280279331615503,-2.2868167110623476,-1.2730909002635182,-1.3816817836908106,0.4470866002977665
-0.5067123065097453,-0.5623778587925017,0.4560450829470606,-0.6795619966565444,-1.2238054058567367,0.32189401729748035,0.27003448568603083,-1.5538006962210096,0.3818439092767471,-1.2730909002635182,1.5777943477840972,0.4470866002977665
-0.3953683897402892,-0.6418777277067537,-0.5860383778924542,-0.2574040155347685,-0.18222344187635914,0.32189401729748035,0.34819518406511113,-0.650537035795637,-0.48547079233345813,1.135028225741686,0.5631168169927009,0.4470866002977665
1.0521025282626468,0.4711204370927765,-0.6728786662957469,-0.7788932863322565,1.6694778274220898,-0.5013167415838612,-1.3908803548694249,0.8925383840977319,0.3818439092767471,1.3930409892422437,-1.1280124009929609,-2.2367031338760426
0.050007277337537445,2.617616897777585,-2.4965247227648977,-0.7043948190754724,1.0908211807663248,-1.3878514049945367,-1.8989248943334467,1.1559902850551498,1.64945770393782,1.3930409892422437,-1.043455940093678,-2.2367031338760426
-0.7294001400486586,-0.16487851422124092,-0.15183693587598973,-0.40640095004833654,-0.6451487592009714,0.06859839918014449,0.38727553325465125,-1.6667086537741707,-0.3520377613165032,-1.2730909002635182,1.8314637304819472,0.4470866002977665
1.0521025282626468,1.5841186018923068,0.28236450614047515,-0.5802307069808325,0.04923921678594718,-1.134555786877201,0.2895746602808009,-0.2177231985084777,-0.8857698853843228,0.016972917239269796,-0.5361171746979798,0.4470866002977665
0.27269511087645076,-0.6418777277067537,0.6297256597536466,2.325209516033744,0.570030198776136,1.5250482033548258,1.442444961372235,1.4947141577146748,-0.8857698853843228,-0.5850568642620313,-1.3816817836908106,0.4470866002977665
0.050007277337537445,1.7431183397208114,-2.4965247227648977,-0.9775558656836805,-0.703014423866548,0.5118657308854823,-0.257550228372761,-0.34944914898716567,-0.15188821479106943,-1.6171079182642616,-1.3816817836908106,0.4470866002977665
0.49538294441536407,-1.0393770722780147,0.8034062365602325,-0.8285589311701125,-0.06649211254520598,-0.5646406461131952,-0.3552511013466113,-0.08599724802974795,0.3818439092767471,-0.5850568642620313,0.055778051597001166,0.4470866002977665
2.3882295294961247,0.7096200438355332,1.6718091205931613,-0.7788932863322565,1.3222838394286303,-1.5144992140532048,-2.0357061164968373,0.2602538217999545,-0.08517169928259348,1.5650494982426149,1.5777943477840972,-2.2367031338760426
-1.0634318903570281,0.07362109252151577,1.3244479669799898,-0.8533917535890405,0.10710488145152376,1.5883721078841597,1.3447440883983846,-0.31934036030633106,0.11497784724284033,-0.15503559176110207,-0.8743430182951124,0.4470866002977665
1.3861342785710153,2.0611178153778194,-0.41235780108586817,-0.6795619966565444,0.6857615281072887,-0.1846972189371914,-1.078237561353104,0.7419944406935172,0.515276940293702,-0.6710611187622172,-0.45156071379869706,-2.2367031338760426
-0.28402447297083205,-0.40337812096399717,1.5849688321898683,0.8352401708980637,-0.06649211254520598,1.4617242988254917,1.3838244375879247,0.5538145114382068,0.048261331734361396,-0.9290738822627745,-0.28244779200013,0.4470866002977665
-0.5067123065097453,-0.5623778587925017,-0.23867722427928223,-0.9527230432647524,-0.8187457531977007,-0.31134502799585934,-0.7265144186472425,-1.7495078226464973,0.18169436275131629,-1.5311036637640756,1.4086814259855318,0.4470866002977665
0.050007277337537445,-0.6418777277067537,0.36920479454376764,-0.8782245760079684,-0.703014423866548,0.005274494650810516,-0.14030918080414057,-1.026896894306216,-0.4187542768249792,-0.24103984626128802,0.14033451249628545,0.4470866002977665
0.8294146947237335,-0.40337812096399717,0.28236450614047515,0.36341654493843156,0.10710488145152376,0.32189401729748035,0.8366995489343628,-0.08599724802974795,-0.21860473029954836,1.6510537527428006,0.7322297387912664,0.4470866002977665
0.050007277337537445,-0.005878776392736454,0.7165659481569395,0.6365775915466395,0.39643320477940625,0.7018374444734842,1.9114091516467164,0.9753375529700584,0.9822925488530455,0.2749856807398276,-0.28244779200013,0.4470866002977665
0.3840390276459069,-1.238126744563645,1.5849688321898683,-0.9030573984268965,-0.5294174298698182,0.19524620823881242,0.309114834875571,-0.4999930923913805,-0.552187307841934,2.2530835342441025,-0.1133348702015644,0.4470866002977665
-0.5067123065097453,-1.1983768101065189,0.19552421773718215,-0.9775558656836805,-1.2238054058567367,-0.5013167415838612,-0.8828358154054031,-1.1774408377104308,0.515276940293702,-1.0150781367629604,0.6476732778919837,0.4470866002977665
-0.6180562232792015,1.981617946463568,-1.3676009735220902,-0.7788932863322565,1.7273434920876665,-0.881260168759865,-1.078237561353104,-0.3720307404977812,0.7154264868191358,0.7910112077409422,-0.1133348702015644,-2.2367031338760426
0.1613511941069936,-1.0393770722780147,0.977086813366818,-0.8782245760079684,-0.18222344187635914,1.018456967120154,0.7194585013657424,-0.8763529509019593,-1.8198011025030039,-1.7031121727644476,-0.1133348702015644,0.4470866002977665
0.9407586114931897,2.1406176842920717,-2.4965247227648977,-0.7292276414944004,1.4380151687597835,-1.3878514049945367,-1.996625767307297,1.0807183133530422,0.9155760333445666,0.5329984442403845,-0.9588994791943952,-2.2367031338760426
0.8294146947237335,-0.005878776392736454,-0.41235780108586817,0.7110760588034234,-0.9923427471944305,-0.5013167415838612,-0.5897331964838521,0.177454652927628,-0.6189038233504129,-0.06903133726091613,-0.19789133110084717,0.4470866002977665
-0.7294001400486586,-0.8008774655352581,2.366531427819504,1.2573981520198394,1.9009404860843961,0.19524620823881242,0.11371308892787031,0.8549023982466782,-1.8198011025030039,-0.4130483552616594,-1.4662382445900934,0.4470866002977665
0.8294146947237335,1.0276195194925417,-0.5860383778924542,1.5553920210469754,-0.9923427471944305,0.6385135399441502,0.9148602473134431,0.3279985963318846,-0.685620338858889,-0.6710611187622172,0.5631168169927009,0.4470866002977665
0.1613511941069936,0.153120961435768,-1.1070801083122115,0.33858372251950347,2.653194126736891,-0.24802112346652536,0.895320072718673,0.3054170048212273,-2.1533836800453927,-0.15503559176110207,-0.9588994791943952,0.4470866002977665
-0.6180562232792015,0.5506203060070287,-1.0202398199089184,-0.10840708102120049,-0.5872830945353948,0.32189401729748035,-0.02306813323552016,-0.9102253381679244,-1.0192029164012777,-0.7570653732624032,0.4785603560934166,0.4470866002977665
0.9407586114931897,2.1406176842920717,-1.5412815503286759,-0.7043948190754724,3.1161194440615025,-0.881260168759865,-1.6449026246014358,0.177454652927628,0.11497784724284033,0.18898142623964168,0.4785603560934166,-2.2367031338760426
0.8294146947237335,0.07362109252151577,2.627052293029383,1.7043889555605436,-0.41368610053866506,2.2216111531774994,1.3252039138036145,1.509768552055113,-1.4862185249606181,0.2749856807398276,-1.1280124009929609,0.4470866002977665
-0.3953683897402892,-0.32387825204974496,-0.49919808948916117,-0.9278902208458244,-0.8766114178632773,0.32189401729748035,-0.17938952999368069,-1.7871438084975926,-0.4187542768249792,-1.1870866457633324,1.4932378868848144,0.4470866002977665
-0.17268055620137587,-0.40337812096399717,-0.15183693587598973,1.7292217779794716,0.2228362107826765,1.4617242988254917,0.7780790251500526,0.5763961029488641,-1.2860689784351873,0.6190026987405703,-0.19789133110084717,0.4470866002977665
-0.28402447297083205,0.39162056817852425,-0.23867722427928223,0.8352401708980637,-0.8187457531977007,-0.12137331440785742,-0.7655947678367827,-0.9102253381679244,-1.753084586994528,-1.0150781367629604,1.5777943477840972,0.4470866002977665
-0.8407440568181148,1.107119388406794,-0.9333995315056256,-0.8285589311701125,1.2065525100974779,-1.7677948321705406,-2.055246291091607,0.7043584548424634,1.2491586108869552,0.4469941897401995,-1.212568861892245,-2.2367031338760426
-0.28402447297083205,-0.9598772033637624,0.890246524963525,2.6480362074798074,0.4542988694449828,2.791526293941505,0.6803781521762022,2.0968899313316176,-0.15188821479106943,-0.5850568642620313,-1.5507947054893763,0.4470866002977665
-1.3974636406653975,-0.5226279243353755,0.19552421773718215,-0.9527230432647524,0.04923921678594718,-0.1846972189371914,0.5826772792023519,-0.4623571065403268,-0.6189038233504129,-0.7570653732624032,-1.1280124009929609,0.4470866002977665
0.1613511941069936,-0.8008774655352581,-0.06499664747269676,-0.8782245760079684,-0.6451487592009714,0.8918091580614861,0.44589605703896146,-0.27417717728505825,-0.6189038233504129,-1.5311036637640756,-0.6206736355972626,0.4470866002977665
0.9407586114931897,0.9481196505782894,0.10868392933388919,-0.5305650621429765,1.8430748214188195,-0.12137331440785742,-1.2150187835164943,1.3065342284593644,0.5819934558021809,1.135028225741686,-0.28244779200013,-2.2367031338760426
-0.28402447297083205,-1.1983768101065189,0.28236450614047515,-0.8285589311701125,-1.281671070522313,-0.24802112346652536,-0.21846987918322083,-0.19890520558295086,0.7821430023276118,0.6190026987405703,-0.45156071379869706,0.4470866002977665
-1.3974636406653975,-0.4828779898782494,-0.8465592431023328,-0.8533917535890405,-0.24008910654193572,-0.6279645506425292,-0.2380100537779909,-0.9440977254338894,0.515276940293702,0.7050069532407564,0.309447434294851,0.4470866002977665
-0.952087973587572,-0.7213775966210059,-0.6728786662957469,-0.45606659488619244,0.2228362107826765,-1.007907977818533,-0.3161707521570712,0.3279985963318846,-0.552187307841934,-0.7570653732624032,-1.6353511663886604,0.4470866002977665
1.0521025282626468,0.31212069926427205,-0.8465592431023328,-0.7540604639133285,1.4380151687597835,0.9551330625908201,-0.3552511013466113,0.9301743699487857,0.31512739376827115,0.6190026987405703,-0.9588994791943952,-2.2367031338760426
0.1613511941069936,0.07362109252151577,0.10868392933388919,1.5057263762091195,-0.5872830945353948,-0.944584073289199,-1.0586973867583338,-0.08599724802974795,0.11497784724284033,-0.9290738822627745,0.7322297387912664,0.4470866002977665
-0.7294001400486586,-0.7213775966210059,-0.23867722427928223,-0.6298963518186885,-0.3558204358730885,0.4485418263561483,-0.3552511013466113,-1.4860559216891214,-0.552187307841934,-1.1870866457633324,0.8167861996905492,0.4470866002977665
0.8294146947237335,2.2996174221205763,-2.670205299571484,-0.5802307069808325,0.39643320477940625,-1.5144992140532048,-2.0943266402811473,0.926410771363697,1.0490090643615215,0.4469941897401995,0.14033451249628545,-2.2367031338760426
0.27269511087645076,2.0611178153778194,-2.1491635691517263,-0.8285589311701125,1.6116121627565132,-1.3878514049945367,-1.8207641959543663,1.231262256757257,0.9155760333445666,1.6510537527428006,-0.8743430182951124,-2.2367031338760426
-1.0634318903570281,0.23262083035002024,0.10868392933388919,-0.28223683795369653,-0.24008910654193572,-1.134555786877201,-0.08168865701983036,-1.0720600773274886,1.1157255798700003,-0.5850568642620313,0.9858991214891163,0.4470866002977665
1.0521025282626468,0.2723707648071459,1.7586494089964544,2.5735377402230237,-0.06649211254520598,1.4617242988254917,0.9930209456925233,1.7958020445231462,-0.8857698853843228,0.016972917239269796,-1.2971253227915278,0.4470866002977665
-0.28402447297083205,1.34561899514955,-2.4965247227648977,-0.6795619966565444,1.8430748214188195,0.32189401729748035,-0.17938952999368069,0.4935969340765376,-0.8190533698758439,0.18898142623964168,-0.7897865573958297,-2.2367031338760426
0.9407586114931897,-0.7213775966210059,0.6297256597536466,1.3318966192766237,0.6278958634417122,-0.1846972189371914,-0.4138716251309215,1.0430823275019885,-0.685620338858889,-0.32704410076147394,-0.5361171746979798,0.4470866002977665
-0.17268055620137587,0.07362109252151577,-0.06499664747269676,-0.40640095004833654,-1.1080740765255834,-1.007907977818533,-0.7851349424315528,-1.2489492108274496,0.7154264868191358,1.0490239712415002,1.66235080868338,0.4470866002977665
-0.17268055620137587,2.8561165045203416,-2.670205299571484,-0.7540604639133285,1.8430748214188195,-0.5646406461131952,-1.5862821008171255,1.1597538836402383,1.1824420953784764,1.9950707707435444,-0.7897865573958297,-2.2367031338760426
0.27269511087645076,-0.5623778587925017,-0.15183693587598973,-0.6795619966565444,-0.6451487592009714,0.3852179218268143,-0.3552511013466113,-0.7258090074977445,0.31512739376827115,1.135028225741686,0.309447434294851,0.4470866002977665
1.0521025282626468,-0.16487851422124092,0.7165659481569395,0.43791501219521556,-0.703014423866548,-1.5778231185825387,-0.06214848242506029,-0.04836126217869424,-0.685620338858889,-0.7570653732624032,0.055778051597001166,0.4470866002977665
-0.8407440568181148,-0.4828779898782494,2.019170274206333,0.5124134794519994,-0.12435777721078256,1.7150199169428277,1.0907218186663736,0.23014503311911988,-0.21860473029954836,1.6510537527428006,-0.19789133110084717,0.4470866002977665
-1.1747758071264842,-1.0393770722780147,-0.23867722427928223,0.04058985349236742,-0.5294174298698182,1.208428680708156,0.36773535865988116,-0.8575349579764324,-0.4187542768249792,-0.5850568642620313,0.5631168169927009,0.4470866002977665
-0.17268055620137587,-0.6418777277067537,-0.15183693587598973,2.5983705626419513,1.4380151687597835,1.5883721078841597,1.0321012948820634,1.6828940869699434,-1.0859194319097536,-0.8430696277625891,-1.6353511663886604,0.4470866002977665
-0.061336639431918714,-0.08537864530698869,-0.8465592431023328,2.6728690298987354,0.4542988694449828,1.145104776178822,0.7585388505552826,1.633967305363582,-0.7523368543673679,-0.24103984626128802,-1.3816817836908106,0.4470866002977665
-0.28402447297083205,-0.08537864530698869,1.6718091205931613,1.7788874228173273,-0.18222344187635914,0.4485418263561483,0.13325326352264039,1.3065342284593644,-1.2193524629267085,0.18898142623964168,-1.4662382445900934,0.4470866002977665
-0.061336639431918714,-0.9598772033637624,1.5849688321898683,0.4130821897762874,-0.703014423866548,1.145104776178822,1.0125611202872935,-0.27417717728505825,-0.15188821479106943,-2.0471291907651907,0.7322297387912664,0.4470866002977665
0.1613511941069936,-0.2443783831354927,1.150767390173404,-0.7788932863322565,-0.9344770825288539,0.06859839918014449,-0.257550228372761,-1.2150768235614844,0.18169436275131629,-0.24103984626128802,1.3241249650862474,0.4470866002977665
-0.6180562232792015,0.31212069926427205,-0.23867722427928223,1.9030515349119674,-0.5294174298698182,-0.7546123597011971,0.07463273973833018,0.5500509128531181,-0.15188821479106943,-0.6710611187622172,-0.028778409302281614,0.4470866002977665
-0.3953683897402892,0.5506203060070287,-0.15183693587598973,-0.5057322397240485,-0.7608800885321242,-1.007907977818533,-0.3747912759413814,-1.79467100566777,-1.2193524629267085,-1.1870866457633324,1.5777943477840972,0.4470866002977665
-1.2861197238959414,0.31212069926427205,-0.15183693587598973,-0.4312337724672644,-0.8187457531977007,0.6385135399441502,0.602217453797122,-1.026896894306216,0.8488595178360907,0.6190026987405703,0.8449716866569498,0.4470866002977665
-1.6201514742043108,1.4251188640638024,-2.409684434361605,-0.7788932863322565,-0.24008910654193572,-0.1846972189371914,-0.6483537202681623,-1.1774408377104308,1.8496072504632508,2.683104806745031,2.8461412612733437,-2.2367031338760426
-1.9541832245126805,-0.4828779898782494,-0.6728786662957469,-0.8782245760079684,-0.06649211254520598,-0.6912884551718631,-0.843755466215863,-1.4747651259338135,0.6487099713106569,0.9630197167413141,0.6476732778919837,0.4470866002977665
-0.061336639431918714,-0.8008774655352581,-0.23867722427928223,-0.6298963518186885,0.4542988694449828,1.145104776178822,0.7585388505552826,0.177454652927628,-1.3527854939436634,-0.32704410076147394,-1.5507947054893763,0.4470866002977665
-0.28402447297083205,-0.8008774655352581,0.10868392933388919,0.1150883207491516,-0.06649211254520598,-0.12137331440785742,0.38727553325465125,0.403270568033992,1.1157255798700003,-0.4130483552616594,-0.7897865573958297,0.4470866002977665
0.7180707779542764,-0.16487851422124092,1.5849688321898683,1.1580668623441275,-1.050208411860007,0.8918091580614861,1.501065485156545,-0.04836126217869424,-0.6189038233504129,-1.1010823912631464,1.4086814259855318,0.4470866002977665
0.3840390276459069,-0.4828779898782494,0.4560450829470606,2.0272156470066074,0.10710488145152376,0.2585701127681464,1.5596860089408553,1.7581660586720924,-1.2193524629267085,-0.4130483552616594,-1.4662382445900934,0.4470866002977665
-1.0634318903570281,-0.9598772033637624,-0.41235780108586817,1.8533858900741116,-0.008626447879629403,1.208428680708156,0.5240567554180418,1.231262256757257,0.515276940293702,-1.2730909002635182,-1.4662382445900934,0.4470866002977665
1.163446445032103,-0.7213775966210059,0.021843640930596212,0.16475396558700742,0.04923921678594718,-0.43799283705452724,-0.45295197432046164,-0.34944914898716567,-0.8190533698758439,-0.7570653732624032,0.22489097339556824,0.4470866002977665
0.050007277337537445,-0.7213775966210059,-0.41235780108586817,-0.9527230432647524,-0.6451487592009714,-0.6912884551718631,-0.9609965137844834,-1.4032567528167947,-0.8190533698758439,-1.1010823912631464,0.901342660589832,0.4470866002977665
-0.6180562232792015,0.39162056817852425,-0.8465592431023328,-0.6795619966565444,-0.06649211254520598,-0.31134502799585934,-1.410420529464195,1.0092099402360235,1.64945770393782,2.2530835342441025,-0.7897865573958297,-2.2367031338760426
1.6088221121099298,2.0611178153778194,1.150767390173404,1.4312279089523352,0.16497054611709994,0.9551330625908201,1.4619851359670049,1.5699861294167823,-0.48547079233345813,0.016972917239269796,-0.19789133110084717,0.4470866002977665
-0.3953683897402892,0.39162056817852425,1.8454896973997472,1.5802248434659036,-0.12435777721078256,-1.4511753095238709,-0.19892970458845077,1.005446341650935,-1.0192029164012777,-0.4130483552616594,-1.043455940093678,0.4470866002977665
-1.1747758071264842,-0.40337812096399717,-0.8465592431023328,1.8782187124930394,-0.8187457531977007,0.32189401729748035,0.6217576283918921,1.231262256757257,0.3818439092767471,-0.6710611187622172,-0.9588994791943952,0.4470866002977665
0.27269511087645076,-1.1983768101065189,0.10868392933388919,-1.0272215105215365,-0.47155176520424164,1.208428680708156,0.016012215954019974,-0.650537035795637,0.31512739376827115,-1.5311036637640756,-0.5361171746979798,0.4470866002977665
0.1613511941069936,-0.4828779898782494,0.021843640930596212,-0.6547291742376166,0.10710488145152376,0.06859839918014449,0.6999183267709723,-0.9516249226041085,-0.552187307841934,0.016972917239269796,0.6476732778919837,0.4470866002977665
-0.5067123065097453,-0.40337812096399717,-0.3255175126825752,1.9775500021687515,-0.24008910654193572,2.4115828667655013,1.8527886278624064,1.0430823275019885,-0.3520377613165032,-0.6710611187622172,-0.5361171746979798,0.4470866002977665
-0.6180562232792015,-1.1983768101065189,-0.7597189546990398,-0.8782245760079684,-0.47155176520424164,0.6385135399441502,0.5631371046075818,-0.23654119143400454,1.782890734954775,0.6190026987405703,-0.5361171746979798,0.4470866002977665
-0.952087973587572,0.39162056817852425,-0.41235780108586817,0.7979909372696715,-0.7608800885321242,-1.071231882347867,-0.6288135456733922,-1.3618571683806107,-1.0859194319097536,-2.0471291907651907,2.000576652280513,0.4470866002977665
1.942853862418298,0.23262083035002024,1.3244479669799898,2.2010454039391036,0.39643320477940625,2.348258962236167,1.5206056597513151,1.8334380303742,0.9155760333445666,-1.1870866457633324,-0.9588994791943952,0.4470866002977665
1.163446445032103,-0.40337812096399717,-0.23867722427928223,-0.033908613764416534,0.10710488145152376,0.19524620823881242,0.5826772792023519,0.16616385717232024,-0.6189038233504129,-0.06903133726091613,-0.5361171746979798,0.4470866002977665
0.6067268611848202,2.220117553206324,-0.7597189546990398,-0.7788932863322565,1.9588061507499728,0.7651613490028182,-1.175938434326954,0.39950696944890335,-0.8190533698758439,-0.7570653732624032,-1.212568861892245,-2.2367031338760426
-0.8407440568181148,2.6971167666918374,-2.1491635691517263,-0.8285589311701125,0.10710488145152376,-1.5778231185825387,-1.996625767307297,-0.16879641690207445,2.3166228590225915,0.2749856807398276,1.1127338128380397,-2.2367031338760426
-1.0634318903570281,0.07362109252151577,0.19552421773718215,1.2325653296009116,-0.9344770825288539,-0.5646406461131952,-0.5897331964838521,-0.5075202895615996,-0.8190533698758439,-0.6710611187622172,1.2395685041869646,0.4470866002977665
-1.0634318903570281,-1.0393770722780147,-0.3255175126825752,-0.8533917535890405,2.363865803409008,0.5751896354148163,0.44589605703896146,-0.6129010499445834,1.782890734954775,0.9630197167413141,0.14033451249628545,0.4470866002977665
-0.061336639431918714,1.0276195194925417,0.977086813366818,0.8849058157359195,-0.008626447879629403,-1.3245275004652028,0.5240567554180418,1.3065342284593644,0.6487099713106569,-0.4130483552616594,-0.9588994791943952,0.4470866002977665
1.3861342785710153,-0.4828779898782494,1.3244479669799898,-0.2946532491631605,0.10710488145152376,-1.071231882347867,-0.3552511013466113,0.4935969340765376,0.3818439092767471,0.6190026987405703,-0.7897865573958297,0.4470866002977665
0.1613511941069936,1.1866192573210461,-0.9333995315056256,-0.7540604639133285,1.6694778274220898,-0.1846972189371914,-1.2931794818955746,0.629086483140356,0.9822925488530455,1.135028225741686,-0.19789133110084717,-2.2367031338760426
0.8294146947237335,-0.32387825204974496,1.5849688321898683,-0.7788932863322565,-0.41368610053866506,-0.5013167415838612,-0.6678938948629324,-0.9516249226041085,-0.4187542768249792,-0.7570653732624032,1.5777943477840972,0.4470866002977665
-0.6180562232792015,-0.5623778587925017,1.6718091205931613,1.6547233107226873,-0.06649211254520598,1.8416677260014955,1.774627929483326,1.005446341650935,-0.2853212458080243,0.5329984442403845,-1.1280124009929609,0.4470866002977665
-0.5067123065097453,-0.6418777277067537,1.237607678576697,-0.7043948190754724,-1.2238054058567367,0.7651613490028182,-0.3161707521570712,-1.2752944009231955,-1.3527854939436634,0.10297717173945574,0.5631168169927009,0.4470866002977665
2.8336051965739513,0.4711204370927765,1.8454896973997472,-0.7292276414944004,1.9588061507499728,-1.5778231185825387,-1.8403043705491364,1.5323501435657285,-0.2853212458080243,0.016972917239269796,-0.9588994791943952,-2.2367031338760426
0.27269511087645076,1.4251188640638024,-1.1070801083122115,-0.5553978845619044,1.2065525100974779,-1.134555786877201,-1.683982973790976,1.0430823275019885,0.448560424785226,-0.24103984626128802,-1.212568861892245,-2.2367031338760426
-0.952087973587572,-1.635626089134906,0.021843640930596212,-0.9030573984268965,-0.6451487592009714,1.5250482033548258,0.4849764062285016,-1.026896894306216,1.2491586108869552,-0.8430696277625891,0.3940038951941338,0.4470866002977665
-0.6180562232792015,-1.0393770722780147,0.36920479454376764,-0.9775558656836805,-0.18222344187635914,0.5118657308854823,-0.2380100537779909,-1.0645328801572695,0.5819934558021809,-1.3590951547637042,0.22489097339556824,0.4470866002977665
-0.28402447297083205,0.6301201749212809,0.021843640930596212,-0.5553978845619044,0.33856754011382967,-0.24802112346652536,1.5987663581303955,0.3279985963318846,1.582741188429341,0.5329984442403845,-0.1133348702015644,0.4470866002977665
0.1613511941069936,0.6301201749212809,0.7165659481569395,1.5305591986280473,-0.8187457531977007,-0.3746689325251933,1.6378467073199356,0.8398480039062818,-1.1526359474182326,0.10297717173945574,-0.5361171746979798,0.4470866002977665
-0.952087973587572,-1.1188769411922665,-0.15183693587598973,-0.9527230432647524,-0.41368610053866506,0.06859839918014449,-0.550652847294312,-1.3430391754550837,0.24841087825979224,0.5329984442403845,0.4785603560934166,0.4470866002977665
-0.061336639431918714,0.39162056817852425,0.28236450614047515,-0.18290554827798444,-1.7445963878469255,1.6516960124134936,-0.02306813323552016,-1.5538006962210096,0.3818439092767471,-1.2730909002635182,1.7469072695826628,0.4470866002977665
-0.28402447297083205,-1.1983768101065189,0.4560450829470606,-0.7292276414944004,-0.18222344187635914,-0.43799283705452724,0.21141396190172065,-0.4096667263488767,0.515276940293702,0.7050069532407564,-0.1133348702015644,0.4470866002977665
0.9407586114931897,-0.6418777277067537,-0.23867722427928223,-0.04632502497388049,-0.3558204358730885,0.8918091580614861,0.895320072718673,-0.4247211206892731,-1.753084586994528,-0.9290738822627745,0.7322297387912664,0.4470866002977665
2.3882295294961247,-0.08537864530698869,0.890246524963525,-0.7292276414944004,1.1486868454319015,-1.3245275004652028,-1.8793847197386766,0.4898333354914072,0.31512739376827115,2.9411175702455887,0.901342660589832,-2.2367031338760426
-0.7294001400486586,1.9021180775493158,-1.3676009735220902,-0.7788932863322565,1.6694778274220898,-0.31134502799585934,-1.6644427991962059,-0.29675876879567376,0.6487099713106569,2.683104806745031,0.8167861996905492,-2.2367031338760426
-0.952087973587572,-0.5623778587925017,-0.06499664747269676,-0.8533917535890405,-0.18222344187635914,-0.5646406461131952,-1.156398259732184,-0.7258090074977445,0.5819934558021809,0.2749856807398276,-0.19789133110084717,0.4470866002977665
-0.8407440568181148,-0.8803773344495102,-0.41235780108586817,1.1828996847630553,-1.050208411860007,0.5118657308854823,-0.3552511013466113,-1.1774408377104308,-0.9524864008927987,0.4469941897401995,1.9160201913812298,0.4470866002977665
1.0521025282626468,1.5046187329780547,0.19552421773718215,-0.7292276414944004,2.074537480081126,-1.007907977818533,0.44589605703896146,1.0807183133530422,-0.15188821479106943,0.36098993524001355,-0.9588994791943952,-2.2367031338760426
1.4974781953404734,-1.0393770722780147,-0.06499664747269676,-0.9527230432647524,-0.8766114178632773,-0.6912884551718631,-1.2345589581112644,-1.0682964787423583,-1.3527854939436634,0.016972917239269796,0.309447434294851,0.4470866002977665
-2.399558891590507,-1.1188769411922665,-0.23867722427928223,-0.5057322397240485,-1.050208411860007,-0.5646406461131952,-0.17938952999368069,-1.4032567528167947,1.0490090643615215,-1.4450994092638898,0.5631168169927009,0.4470866002977665
-0.28402447297083205,-1.1188769411922665,1.6718091205931613,-0.7043948190754724,-0.2979547712075123,-0.24802112346652536,0.035552390548790044,-0.6129010499445834,-0.48547079233345813,-0.49905260976184534,-0.28244779200013,0.4470866002977665
0.1613511941069936,-0.40337812096399717,0.10868392933388919,2.362458749662135,1.4958808334253602,-0.12137331440785742,-0.257550228372761,1.5323501435657285,-1.753084586994528,-0.7570653732624032,-1.212568861892245,0.4470866002977665
-1.0634318903570281,-0.40337812096399717,-0.15183693587598973,-0.45606659488619244,-0.41368610053866506,0.3852179218268143,0.46543623163373155,-1.689290245284828,-0.01845518377411456,-1.0150781367629604,1.8314637304819472,0.4470866002977665
-0.8407440568181148,2.2996174221205763,-1.9754829923451402,-0.7292276414944004,2.4217314680745847,0.06859839918014449,-1.4885812278432753,0.3656345821829383,1.516024672920865,0.6190026987405703,-0.1133348702015644,-2.2367031338760426
1.4974781953404734,0.9481196505782894,-0.06499664747269676,-0.3815681276294085,1.785209156753243,-1.5144992140532048,-1.683982973790976,1.4871869605444556,0.9155760333445666,0.8770154622411283,-0.1133348702015644,-2.2367031338760426
0.8294146947237335,0.31212069926427205,1.3244479669799898,1.7043889555605436,2.3060001387434315,1.9049916305308296,1.2275030408297642,1.4796597633742365,-2.4202497420793025,-0.32704410076147394,-1.3816817836908106,0.4470866002977665
2.3882295294961247,-0.08537864530698869,0.28236450614047515,-0.7292276414944004,0.917224186769595,-1.1978796914065348,-1.8598445451439065,0.463488145395703,0.24841087825979224,2.855113315745403,0.901342660589832,-2.2367031338760426
0.8294146947237335,2.2996174221205763,-2.1491635691517263,-0.7292276414944004,1.785209156753243,-0.7546123597011971,-1.5472017516275853,1.1446994892998419,1.1157255798700003,0.9630197167413141,-0.45156071379869706,-2.2367031338760426
1.4974781953404734,-1.357376547935023,0.28236450614047515,-0.9527230432647524,-0.3558204358730885,-1.5144992140532048,-1.429960704058965,-0.19890520558295086,1.64945770393782,-0.9290738822627745,-0.36700425289941424,0.4470866002977665
0.6067268611848202,2.0611178153778194,-1.9754829923451402,-0.5802307069808325,2.363865803409008,-1.071231882347867,-1.8207641959543663,0.7495216378637363,0.515276940293702,0.7050069532407564,-0.19789133110084717,-2.2367031338760426
-0.3953683897402892,0.39162056817852425,-0.5860383778924542,-1.0023886881026083,-0.5872830945353948,-1.007907977818533,-0.9414563391897133,-1.2301312179019226,0.048261331734361396,-1.0150781367629604,0.309447434294851,0.4470866002977665
1.7201660288793859,1.4251188640638024,-1.7149621271352617,-0.6547291742376166,2.074537480081126,-1.3878514049945367,-1.0391572121635637,1.0807183133530422,-0.3520377613165032,0.18898142623964168,-1.043455940093678,-2.2367031338760426
0.1613511941069936,-0.40337812096399717,-0.06499664747269676,-0.7292276414944004,-0.9923427471944305,-1.134555786877201,0.15279343811741045,-0.8387169650509056,-0.21860473029954836,-0.15503559176110207,0.6476732778919837,0.4470866002977665
1.163446445032103,0.5506203060070287,-2.1491635691517263,-0.7788932863322565,1.7273434920876665,-1.1978796914065348,-1.3908803548694249,0.8737203911722051,0.9822925488530455,0.10297717173945574,-0.6206736355972626,-2.2367031338760426
-0.7294001400486586,-0.32387825204974496,1.7586494089964544,0.6614104139655674,0.04923921678594718,0.2585701127681464,1.5596860089408553,0.5839233001190832,-0.4187542768249792,0.2749856807398276,-1.043455940093678,0.4470866002977665
-0.061336639431918714,-0.4828779898782494,0.36920479454376764,-0.9030573984268965,-0.5294174298698182,-0.12137331440785742,1.3838244375879247,-1.1774408377104308,-0.6189038233504129,0.10297717173945574,0.309447434294851,0.4470866002977665
-0.8407440568181148,-0.6418777277067537,0.6297256597536466,-0.8285589311701125,-0.24008910654193572,-1.1978796914065348,-0.14030918080414057,-0.8161353735402901,0.515276940293702,1.9090665162433584,0.6476732778919837,0.4470866002977665
2.2768856127266686,-0.5623778587925017,1.6718091205931613,-0.9278902208458244,-0.008626447879629403,-0.31134502799585934,-0.257550228372761,-0.8010809791998519,-0.08517169928259348,-1.4450994092638898,1.4932378868848144,0.4470866002977665
-0.5067123065097453,-0.7213775966210059,0.10868392933388919,-0.6795619966565444,-1.16593974119116,0.32189401729748035,-0.550652847294312,-1.192495232050869,0.31512739376827115,0.7050069532407564,1.070455582388399,0.4470866002977665
-0.061336639431918714,-0.40337812096399717,-0.3255175126825752,-0.18290554827798444,-0.9923427471944305,-0.6912884551718631,-0.7851349424315528,-1.1435684504444656,-0.685620338858889,-1.0150781367629604,0.7322297387912664,0.4470866002977665
-0.3953683897402892,2.538117028863333,-2.670205299571484,-0.15807272585905652,2.5953284620713144,1.2717525852374898,-0.8339853789184779,0.6215592859701369,-0.15188821479106943,-0.49905260976184534,-0.9588994791943952,-2.2367031338760426
0.050007277337537445,-0.005878776392736454,1.8454896973997472,-0.8037261087511844,-1.1080740765255834,-1.6411470231118728,-1.156398259732184,-0.8010809791998519,-1.0192029164012777,-0.6710611187622172,-0.19789133110084717,0.4470866002977665
-0.28402447297083205,-0.40337812096399717,-0.15183693587598973,0.6862432363844956,-0.5872830945353948,0.5751896354148163,1.149342342450684,0.32423499774675413,0.048261331734361396,0.4469941897401995,-0.19789133110084717,0.4470866002977665
1.0521025282626468,0.4711204370927765,-0.06499664747269676,-0.5553978845619044,-1.1080740765255834,2.094963344118831,0.7389986759605125,-0.8763529509019593,-0.685620338858889,0.7050069532407564,1.1550120432876818,0.4470866002977665
-0.5067123065097453,0.153120961435768,0.6297256597536466,0.8352401708980637,-0.008626447879629403,2.348258962236167,1.0516414694768335,0.3731617793531574,-0.552187307841934,-0.06903133726091613,-0.8743430182951124,0.4470866002977665
2.1655416959572125,1.34561899514955,1.9323299858030403,-0.23257119311584049,3.058253779395927,-1.7677948321705406,-2.1529471640654574,0.726940046353079,-0.08517169928259348,0.7050069532407564,1.2395685041869646,-2.2367031338760426
0.8294146947237335,2.1406176842920717,-2.5833650111681905,-0.7788932863322565,2.3060001387434315,-1.1978796914065348,-1.996625767307297,0.6591952718211906,0.6487099713106569,0.4469941897401995,-0.1133348702015644,-2.2367031338760426
-0.6180562232792015,0.4711204370927765,0.5428853713503535,-0.021492202554952575,-0.41368610053866506,0.5435276831501492,1.8820988897545614,0.14734586424679338,-0.8190533698758439,-0.06903133726091613,-0.7052300964965453,0.4470866002977665
0.050007277337537445,0.8686197816640372,0.36920479454376764,-0.8285589311701125,2.3060001387434315,-0.944584073289199,-1.5862821008171255,0.8172664123956246,0.7821430023276118,0.36098993524001355,-1.212568861892245,-2.2367031338760426
-1.1747758071264842,0.07362109252151577,0.19552421773718215,-0.7043948190754724,-1.2238054058567367,0.2585701127681464,0.34819518406511113,-1.6855266466996977,0.9822925488530455,-0.7570653732624032,1.7469072695826628,0.4470866002977665
0.7180707779542764,0.9481196505782894,0.021843640930596212,-0.7043948190754724,1.2065525100974779,-1.134555786877201,-0.9023759900001732,0.7043584548424634,0.24841087825979224,0.2749856807398276,-0.6206736355972626,-2.2367031338760426
-0.28402447297083205,1.34561899514955,0.10868392933388919,-0.8782245760079684,-1.5709993938501956,-0.5646406461131952,0.016012215954019974,-1.8925245688805348,-0.48547079233345813,0.18898142623964168,1.7469072695826628,0.4470866002977665
1.831509945648842,-0.36362818650687107,0.4560450829470606,-0.9278902208458244,-0.8187457531977007,-1.007907977818533,-0.7851349424315528,-0.9892609084551622,-1.8198011025030039,-1.2730909002635182,0.6476732778919837,0.4470866002977665
-1.0634318903570281,-1.357376547935023,0.5428853713503535,-0.9278902208458244,-0.9344770825288539,2.0316394395894974,0.5435969300128118,-0.7822629862743251,0.6487099713106569,-0.5850568642620313,0.4785603560934166,0.4470866002977665
1.7201660288793859,-1.1188769411922665,0.021843640930596212,-0.9775558656836805,-1.3974023998534661,-1.134555786877201,-0.570193021889082,-0.34944914898716567,-2.8872653506386428,-1.1870866457633324,-0.45156071379869706,0.4470866002977665
0.6067268611848202,-0.32387825204974496,0.4560450829470606,0.5124134794519994,-0.703014423866548,0.8918091580614861,0.8562397235291329,-0.010725276327640537,-1.2860689784351873,-1.5311036637640756,0.309447434294851,0.4470866002977665
0.9407586114931897,2.2996174221205763,-0.41235780108586817,-0.7292276414944004,1.8430748214188195,0.005274494650810516,0.21141396190172065,0.8624295954168973,-0.08517169928259348,0.10297717173945574,-0.6206736355972626,-2.2367031338760426
0.9407586114931897,-0.32387825204974496,0.19552421773718215,-0.6298963518186885,0.2807018754482531,0.32189401729748035,1.0711816440716035,-0.7258090074977445,-0.15188821479106943,0.36098993524001355,0.309447434294851,0.4470866002977665
-0.3953683897402892,1.0276195194925417,0.10868392933388919,-0.4808994173051205,2.7110597914024677,-1.134555786877201,-0.8828358154054031,-1.6516542594337742,-0.8190533698758439,1.0490239712415002,1.8314637304819472,0.4470866002977665
0.27269511087645076,-0.8008774655352581,0.890246524963525,-0.9030573984268965,-0.703014423866548,0.13192230370947847,-0.6874340694577025,-0.7258090074977445,-0.3520377613165032,0.016972917239269796,-0.19789133110084717,0.4470866002977665
-0.061336639431918714,-1.0393770722780147,-0.06499664747269676,-0.7292276414944004,-0.5872830945353948,0.5118657308854823,1.3642842629931546,-0.9516249226041085,0.6487099713106569,-1.1870866457633324,1.3241249650862474,0.4470866002977665
0.27269511087645076,0.07362109252151577,0.8034062365602325,0.9345714605737753,-0.5872830945353948,0.8918091580614861,0.6608379775814321,0.6591952718211906,-0.15188821479106943,-0.32704410076147394,-0.19789133110084717,0.4470866002977665
0.7180707779542764,1.34561899514955,0.19552421773718215,0.5124134794519994,-1.3974023998534661,-1.071231882347867,0.1918737873069506,-0.8010809791998519,0.18169436275131629,-0.49905260976184534,1.5777943477840972,0.4470866002977665
-0.061336639431918714,0.23262083035002024,1.5849688321898683,0.5869119467087834,-0.18222344187635914,1.9049916305308296,1.6769270565094756,0.6667224689914097,-0.8857698853843228,-0.9290738822627745,-1.3816817836908106,0.4470866002977665
-0.3953683897402892,-0.6418777277067537,-0.3255175126825752,0.16475396558700742,-0.2979547712075123,0.7651613490028182,0.8562397235291329,0.5161785255871532,0.31512739376827115,2.1670792797439162,-0.9588994791943952,0.4470866002977665
-0.28402447297083205,-0.8008774655352581,0.28236450614047515,-0.8533917535890405,-0.7608800885321242,0.8918091580614861,0.05509256514356011,-1.6704722523593012,0.11497784724284033,-1.2730909002635182,1.66235080868338,0.4470866002977665
-0.5067123065097453,-0.2443783831354927,0.36920479454376764,2.5983705626419513,-0.3558204358730885,1.5250482033548258,1.4619851359670049,1.457078171863621,0.048261331734361396,-0.06903133726091613,-0.8743430182951124,0.4470866002977665
0.49538294441536407,-0.40337812096399717,0.021843640930596212,-0.6298963518186885,-0.2979547712075123,1.7150199169428277,1.1298021678559138,0.06454669537446688,1.3158751263954314,1.4790452437424297,-0.028778409302281614,0.4470866002977665
0.1613511941069936,-0.4828779898782494,0.10868392933388919,1.3318966192766237,-0.41368610053866506,2.2216111531774994,2.9665785797643,1.118354299204096,-0.3520377613165032,0.10297717173945574,-1.2971253227915278,0.4470866002977665
-1.0634318903570281,0.31212069926427205,1.3244479669799898,-1.0023886881026083,-0.8766114178632773,-1.3878514049945367,-1.078237561353104,-1.7269262311358817,0.11497784724284033,-1.3590951547637042,1.2395685041869646,0.4470866002977665
-0.6180562232792015,2.617616897777585,-0.8465592431023328,-0.7788932863322565,1.9009404860843961,-1.071231882347867,-1.742603497575286,1.1145907006190072,2.4500558900395464,1.307036734742058,-0.7052300964965453,-2.2367031338760426
1.6088221121099298,0.31212069926427205,2.192850851012919,2.2010454039391036,-0.008626447879629403,1.5250482033548258,1.3642842629931546,2.0216179596294683,-1.0192029164012777,0.6190026987405703,-1.043455940093678,0.4470866002977665
0.9407586114931897,-0.2443783831354927,1.5849688321898683,-0.9030573984268965,-0.12435777721078256,-0.24802112346652536,0.42635588244419137,-0.12363323388080165,-0.8857698853843228,0.7050069532407564,-0.36700425289941424,0.4470866002977665
-0.8407440568181148,0.07362109252151577,0.10868392933388919,-0.6795619966565444,-0.703014423866548,-1.007907977818533,-0.9805366883792535,-1.5161647103699558,-0.4187542768249792,-0.24103984626128802,1.7469072695826628,0.4470866002977665
-0.6180562232792015,-0.4828779898782494,0.10868392933388919,1.5802248434659036,-0.5872830945353948,2.4115828667655013,1.4033646121826948,0.6780132647467175,-0.552187307841934,-0.06903133726091613,-0.36700425289941424,0.4470866002977665
-0.3953683897402892,1.981617946463568,-1.3676009735220902,1.2573981520198394,-0.6451487592009714,0.4485418263561483,0.7194585013657424,0.9377015671190048,0.3818439092767471,0.10297717173945574,-1.043455940093678,0.4470866002977665
1.7201660288793859,0.23262083035002024,1.150767390173404,-0.8037261087511844,1.785209156753243,-1.5778231185825387,-2.113866814875917,0.7984484194700977,1.9830402814802057,1.0490239712415002,0.055778051597001166,-2.2367031338760426
1.4974781953404734,-0.32387825204974496,0.28236450614047515,1.3070637968576952,-0.008626447879629403,1.208428680708156,-0.042608307830290224,1.2162078624168606,-0.2853212458080243,0.016972917239269796,-0.28244779200013,0.4470866002977665
-1.6201514742043108,-1.1983768101065189,-0.7597189546990398,-0.10840708102120049,-1.050208411860007,-0.05804940987852345,-0.3552511013466113,-0.04836126217869424,0.11497784724284033,-1.2730909002635182,-1.043455940093678,0.4470866002977665
-0.952087973587572,-0.5623778587925017,-0.41235780108586817,-0.8037261087511844,-0.8766114178632773,1.9049916305308296,0.27003448568603083,-1.365620766965741,-0.21860473029954836,2.597100552244846,1.070455582388399,0.4470866002977665
-0.3953683897402892,-1.0393770722780147,-0.23867722427928223,-0.40640095004833654,-0.24008910654193572,-0.8179362642305311,-0.570193021889082,-0.34944914898716567,1.3158751263954314,1.135028225741686,0.14033451249628545,0.4470866002977665
-0.3953683897402892,0.5506203060070287,-0.23867722427928223,-0.5305650621429765,-0.2979547712075123,-0.881260168759865,-1.0391572121635637,-1.7645622169869355,-0.08517169928259348,-0.32704410076147394,2.1696895740790785,0.4470866002977665
2.9449491133434074,-0.8008774655352581,-0.23867722427928223,-0.9278902208458244,-0.5872830945353948,-1.1978796914065348,-1.3127196564903445,-0.4999930923913805,-2.820548835130167,-0.4130483552616594,-0.028778409302281614,0.4470866002977665
-1.1747758071264842,-0.9598772033637624,-0.41235780108586817,0.6117447691277116,-0.8187457531977007,0.13192230370947847,0.05509256514356011,0.403270568033992,1.782890734954775,-0.7570653732624032,-0.45156071379869706,0.4470866002977665
1.3861342785710153,1.981617946463568,-0.6728786662957469,-0.3815681276294085,1.7273434920876665,-1.071231882347867,-0.3161707521570712,1.3818062001615137,0.3818439092767471,0.9630197167413141,-1.043455940093678,-2.2367031338760426
-0.3953683897402892,-1.277876679020771,0.10868392933388919,0.2640852552627195,-0.8766114178632773,1.7783438214721616,0.15279343811741045,-0.7559177961785791,-0.21860473029954836,1.7370580072429866,1.2395685041869646,0.4470866002977665
0.050007277337537445,-0.5623778587925017,0.36920479454376764,-0.9775558656836805,-0.9344770825288539,0.7018374444734842,-0.3161707521570712,-1.523691907540175,-0.4187542768249792,-1.1870866457633324,0.901342660589832,0.4470866002977665
0.050007277337537445,0.7096200438355332,0.10868392933388919,-0.33190248279155243,0.7436271927728654,-1.3878514049945367,-1.7816838467648262,0.08712828688512417,0.3818439092767471,-0.15503559176110207,0.5631168169927009,-2.2367031338760426
0.3840390276459069,-1.1188769411922665,0.4560450829470606,0.8104073484791353,-1.16593974119116,0.8284852535321521,-0.17938952999368069,-0.4548299093701077,-0.552187307841934,-0.8430696277625891,1.4932378868848144,0.4470866002977665
2.4995734462655808,0.07362109252151577,0.977086813366818,-0.9030573984268965,-0.12435777721078256,-1.071231882347867,1.2861235646140743,0.3656345821829383,-0.9524864008927987,-0.24103984626128802,-0.8743430182951124,0.4470866002977665
-1.7314953909737671,-0.005878776392736454,1.4112882553832824,-0.4808994173051205,0.2807018754482531,0.9551330625908201,0.46543623163373155,-0.31181316313611196,0.448560424785226,2.1670792797439162,-0.5361171746979798,0.4470866002977665
1.0521025282626468,0.153120961435768,-0.6728786662957469,-0.8037261087511844,1.6694778274220898,-0.8179362642305311,-1.4690410532485052,0.8737203911722051,0.448560424785226,1.221032480241872,-1.1280124009929609,-2.2367031338760426
-0.061336639431918714,-0.6418777277067537,0.19552421773718215,1.9527171797498237,0.4542988694449828,0.8284852535321521,0.9539405965029832,1.5323501435657285,1.3158751263954314,-0.7570653732624032,-0.7052300964965453,0.4470866002977665
0.1613511941069936,-0.6418777277067537,-0.23867722427928223,-0.7540604639133285,-0.12435777721078256,0.13192230370947847,-0.3357109267518412,-1.48981952027421,-0.685620338858889,-1.7031121727644476,1.1550120432876818,0.4470866002977665
-1.0634318903570281,0.39162056817852425,0.10868392933388919,-0.9527230432647524,0.2807018754482531,-0.31134502799585934,1.0321012948820634,0.07960108971490507,1.0490090643615215,0.2749856807398276,-1.5507947054893763,0.4470866002977665
-0.061336639431918714,0.07362109252151577,-0.06499664747269676,-0.7788932863322565,-0.703014423866548,-0.1846972189371914,-0.06214848242506029,-0.4661207051254572,0.11497784724284033,-0.24103984626128802,0.309447434294851,0.4470866002977665
-0.7294001400486586,-0.6418777277067537,0.19552421773718215,0.4875806570330716,0.2228362107826765,-0.5013167415838612,-0.042608307830290224,-0.04836126217869424,0.048261331734361396,-0.4130483552616594,-0.19789133110084717,0.4470866002977665
0.6067268611848202,1.9021180775493158,-0.5860383778924542,-0.7292276414944004,1.7273434920876665,-1.3245275004652028,-1.8012240213595963,1.6452581011188896,1.516024672920865,2.3390877887442882,-0.9588994791943952,-2.2367031338760426
-0.3953683897402892,-0.6418777277067537,0.10868392933388919,-0.8037261087511844,-1.3974023998534661,-0.31134502799585934,-0.3552511013466113,-1.1623864433699926,0.448560424785226,0.7910112077409422,0.9858991214891163,0.4470866002977665
-0.5067123065097453,-0.4828779898782494,0.10868392933388919,1.2325653296009116,-0.18222344187635914,0.6385135399441502,0.15279343811741045,0.9151199756083892,-0.2853212458080243,0.10297717173945574,-0.8743430182951124,0.4470866002977665
-0.17268055620137587,0.153120961435768,-0.06499664747269676,-0.7043948190754724,-0.06649211254520598,0.2585701127681464,0.5240567554180418,-2.0054325264336956,0.11497784724284033,0.4469941897401995,2.3388024958776454,0.4470866002977665
-1.2861197238959414,-0.16487851422124092,-1.3676009735220902,-0.9527230432647524,-1.1080740765255834,-1.1978796914065348,-0.7265144186472425,-1.5538006962210096,0.515276940293702,-0.9290738822627745,0.6476732778919837,0.4470866002977665
-0.5067123065097453,-0.16487851422124092,-0.41235780108586817,0.5124134794519994,-0.47155176520424164,-0.8179362642305311,-0.14030918080414057,-0.10105164237018614,-0.3520377613165032,-1.1010823912631464,-0.36700425289941424,0.4470866002977665
0.3840390276459069,-0.04562871084986257,0.7165659481569395,-0.9278902208458244,0.6278958634417122,-1.5144992140532048,-2.1334069894706875,-0.23277759284887412,0.448560424785226,0.10297717173945574,0.7322297387912664,-2.2367031338760426
0.050007277337537445,0.23262083035002024,-0.41235780108586817,1.3318966192766237,-0.41368610053866506,1.2717525852374898,0.895320072718673,-0.04083406500847514,-0.9524864008927987,-1.3590951547637042,0.8167861996905492,0.4470866002977665
-0.17268055620137587,-0.08537864530698869,0.19552421773718215,1.9527171797498237,-0.41368610053866506,1.8416677260014955,0.9344004219082132,1.0016827430658044,-0.8190533698758439,0.4469941897401995,-0.7052300964965453,0.4470866002977665
-0.6180562232792015,-0.08537864530698869,-0.3255175126825752,0.01575703107343951,0.570030198776136,-0.24802112346652536,0.602217453797122,-0.7333362046679636,-0.01845518377411456,-0.15503559176110207,1.3241249650862474,0.4470866002977665
0.27269511087645076,0.153120961435768,0.28236450614047515,-0.7292276414944004,-0.24008910654193572,1.9049916305308296,0.9930209456925233,-1.6779994495295203,0.18169436275131629,0.18898142623964168,2.2542460349783626,0.4470866002977665
-1.3974636406653975,-1.3971264823921492,-0.06499664747269676,-0.08357425860227258,-0.3558204358730885,-0.7546123597011971,-0.3747912759413814,0.2527266246297772,0.5819934558021809,-0.7570653732624032,-1.1280124009929609,0.4470866002977665
-1.0634318903570281,1.4251188640638024,-2.670205299571484,-0.6547291742376166,1.1486868454319015,-1.007907977818533,-1.703523148385746,-0.3795579376680003,2.3833393745310705,0.7050069532407564,1.5777943477840972,-2.2367031338760426
-0.5067123065097453,-0.9598772033637624,-1.8018024155385546,-0.9030573984268965,-0.12435777721078256,-0.5013167415838612,-0.257550228372761,-0.08599724802974795,0.448560424785226,-0.49905260976184534,-0.5361171746979798,0.4470866002977665
-0.3953683897402892,0.6301201749212809,-0.7597189546990398,-0.23257119311584049,-0.5872830945353948,-0.881260168759865,-0.43341179972569155,-1.4107839499870138,0.18169436275131629,0.18898142623964168,2.000576652280513,0.4470866002977665
-0.5067123065097453,-0.7213775966210059,0.021843640930596212,-0.2574040155347685,-0.12435777721078256,-0.881260168759865,-0.277090402967531,-1.1096960631785424,-0.48547079233345813,-1.7031121727644476,0.7322297387912664,0.4470866002977665
1.3861342785710153,-0.16487851422124092,0.19552421773718215,1.0339027502494873,-0.703014423866548,-0.1846972189371914,-0.042608307830290224,0.5161785255871532,-1.753084586994528,-0.9290738822627745,0.22489097339556824,0.4470866002977665
-0.5067123065097453,-1.357376547935023,0.10868392933388919,-0.5553978845619044,-0.6451487592009714,-0.8179362642305311,-0.6092733710786222,-0.5752650640935297,1.1824420953784764,1.9950707707435444,0.7322297387912664,0.4470866002977665
0.050007277337537445,-1.5163762857635275,-0.23867722427928223,0.33858372251950347,0.5121645341105594,-0.881260168759865,-0.3357109267518412,0.6667224689914097,1.8496072504632508,-0.5850568642620313,-0.8743430182951124,0.4470866002977665
-0.28402447297083205,-0.08537864530698869,1.237607678576697,1.4063950865334074,-0.9344770825288539,1.5883721078841597,1.7941681040780961,1.1559902850551498,-0.01845518377411456,0.7050069532407564,-0.9588994791943952,0.4470866002977665
0.27269511087645076,0.6301201749212809,2.713892581432676,1.5057263762091195,-0.06649211254520598,2.2216111531774994,1.1298021678559138,1.3818062001615137,-0.4187542768249792,-0.06903133726091613,-1.6353511663886604,0.4470866002977665
-0.6180562232792015,-0.16487851422124092,0.10868392933388919,-0.6298963518186885,-1.9760590465092316,0.19524620823881242,-0.6092733710786222,-1.4484199358380676,0.11497784724284033,1.307036734742058,1.5777943477840972,0.4470866002977665
-0.3953683897402892,1.981617946463568,-1.454441261925383,-0.6298963518186885,0.917224186769595,-1.134555786877201,-1.7816838467648262,0.015619913768105414,1.3158751263954314,0.9630197167413141,0.901342660589832,-2.2367031338760426
1.0521025282626468,-0.8803773344495102,0.36920479454376764,-0.8037261087511844,0.33856754011382967,-1.5144992140532048,-2.055246291091607,0.24519942745955808,0.6487099713106569,2.5110962977446603,1.070455582388399,-2.2367031338760426
-0.061336639431918714,2.1406176842920717,-2.5833650111681905,-0.7540604639133285,1.8430748214188195,0.5751896354148163,-1.2931794818955746,1.09200910910835,1.1824420953784764,1.9090665162433584,-0.7897865573958297,-2.2367031338760426
-0.7294001400486586,-0.40337812096399717,1.5849688321898683,-0.8533917535890405,0.2228362107826765,0.19524620823881242,0.27003448568603083,-0.5752650640935297,-1.5529350404690943,0.8770154622411283,-0.7052300964965453,0.4470866002977665
0.27269511087645076,1.34561899514955,-2.062323280748433,0.13992114316807952,2.363865803409008,-1.3245275004652028,-1.996625767307297,1.0957727076934387,0.9822925488530455,1.4790452437424297,0.4785603560934166,-2.2367031338760426
-0.061336639431918714,-1.1188769411922665,-0.7597189546990398,-0.08357425860227258,0.917224186769595,1.5250482033548258,0.6217576283918921,0.4785425397360994,0.448560424785226,-1.1870866457633324,-1.1280124009929609,0.4470866002977665
0.050007277337537445,1.8226182086350635,-2.670205299571484,-0.7043948190754724,1.785209156753243,0.5118657308854823,-1.2736393073008045,0.629086483140356,1.1157255798700003,2.855113315745403,0.6476732778919837,-2.2367031338760426
1.163446445032103,0.5506203060070287,1.150767390173404,-0.7540604639133285,2.8846567853991973,-1.5778231185825387,-2.055246291091607,0.629086483140356,0.515276940293702,1.135028225741686,0.6476732778919837,-2.2367031338760426
-0.8407440568181148,0.23262083035002024,-0.49919808948916117,1.7788874228173273,0.6278958634417122,0.13192230370947847,0.9930209456925233,1.415678587427437,-0.552187307841934,0.4469941897401995,-1.6353511663886604,0.4470866002977665
-0.28402447297083205,-0.8803773344495102,0.890246524963525,1.0339027502494873,-0.24008910654193572,1.208428680708156,0.895320072718673,0.5538145114382068,-0.552187307841934,0.6190026987405703,-0.7052300964965453,0.4470866002977665
-0.8407440568181148,-0.8803773344495102,1.5849688321898683,-0.8285589311701125,0.9750898514351717,-0.881260168759865,0.44589605703896146,-0.08599724802974795,-0.01845518377411456,0.10297717173945574,-1.212568861892245,0.4470866002977665
-0.952087973587572,-1.1188769411922665,-0.23867722427928223,-0.6050635293997605,-1.16593974119116,-0.5646406461131952,-0.43341179972569155,-1.2075496263912653,-0.4187542768249792,-1.1870866457633324,0.3940038951941338,0.4470866002977665
0.9407586114931897,-1.1188769411922665,-0.6728786662957469,-0.8037261087511844,-1.1080740765255834,0.5118657308854823,0.15279343811741045,-0.4548299093701077,0.9822925488530455,-0.8430696277625891,0.055778051597001166,0.4470866002977665
-0.8407440568181148,-0.5623778587925017,0.36920479454376764,-0.9278902208458244,-0.5872830945353948,-0.5646406461131952,0.9148602473134431,-1.026896894306216,-0.8190533698758439,-0.24103984626128802,-0.028778409302281614,0.4470866002977665
0.3840390276459069,-0.4828779898782494,-0.41235780108586817,0.5620791242898555,-0.008626447879629403,1.335076489766824,1.6964672311042457,0.7307036449382094,-0.685620338858889,-1.1870866457633324,-1.212568861892245,0.4470866002977665
-0.5067123065097453,-0.32387825204974496,-0.41235780108586817,1.5057263762091195,-1.050208411860007,-1.8311187366998747,-0.7460545932420126,0.03443790669363227,-1.0192029164012777,-1.2730909002635182,0.4785603560934166,0.4470866002977665
-0.061336639431918714,-0.2443783831354927,0.021843640930596212,0.5620791242898555,-0.47155176520424164,1.018456967120154,0.9344004219082132,0.2527266246297772,0.448560424785226,0.5329984442403845,-0.028778409302281614,0.4470866002977665
0.050007277337537445,-0.08537864530698869,-0.23867722427928223,-0.6795619966565444,-0.3558204358730885,-0.6279645506425292,1.1102619932611437,-0.8537713593913439,-0.15188821479106943,0.5329984442403845,0.6476732778919837,0.4470866002977665
-0.6180562232792015,-0.16487851422124092,-0.06499664747269676,-0.5057322397240485,-0.703014423866548,-0.3746689325251933,-0.8046751170263229,-1.339275576869995,0.448560424785226,0.7910112077409422,1.4932378868848144,0.4470866002977665
-0.952087973587572,0.789119912749785,-0.9333995315056256,1.9030515349119674,-0.9344770825288539,1.4617242988254917,0.309114834875571,0.463488145395703,-2.0866671645369137,-0.6710611187622172,-0.028778409302281614,0.4470866002977665
0.6067268611848202,0.789119912749785,-1.3676009735220902,-0.30706966037262445,3.231850773392656,-0.12137331440785742,-0.5115724981047718,1.4796597633742365,-0.552187307841934,0.6190026987405703,-1.2971253227915278,-2.2367031338760426
-0.17268055620137587,-0.8008774655352581,0.5428853713503535,0.5124134794519994,-0.5872830945353948,-0.24802112346652536,-0.257550228372761,-0.7032274159870872,-1.619651555977573,2.683104806745031,0.7322297387912664,0.4470866002977665
-0.6180562232792015,0.7096200438355332,-0.6728786662957469,-0.8285589311701125,1.0329555161007482,-1.6411470231118728,-2.113866814875917,0.7043584548424634,0.7821430023276118,0.4469941897401995,-1.212568861892245,-2.2367031338760426
-0.3953683897402892,0.31212069926427205,-0.41235780108586817,-0.5553978845619044,-0.18222344187635914,-0.7546123597011971,0.1723336127121805,-1.6591814566039933,0.11497784724284033,-0.24103984626128802,2.000576652280513,0.4470866002977665
0.3840390276459069,-0.7213775966210059,1.6718091205931613,2.176212581520175,0.04923921678594718,1.5883721078841597,1.3447440883983846,2.0592539454805223,0.11497784724284033,1.307036734742058,-1.3816817836908106,0.4470866002977665
-1.1747758071264842,-0.32387825204974496,0.10868392933388919,-0.7292276414944004,-0.8187457531977007,0.005274494650810516,-0.3552511013466113,-1.6591814566039933,-0.4187542768249792,0.4469941897401995,1.4086814259855318,0.4470866002977665
-0.8407440568181148,0.153120961435768,-0.3255175126825752,-0.0090757913454884,-0.703014423866548,-0.05804940987852345,0.27003448568603083,-0.4623571065403268,-0.15188821479106943,-0.7570653732624032,-0.19789133110084717,0.4470866002977665
0.1613511941069936,2.7766166356060893,-2.670205299571484,-0.2574040155347685,2.190268809412278,-0.881260168759865,-1.4690410532485052,1.3818062001615137,1.582741188429341,0.2749856807398276,-0.9588994791943952,-2.2367031338760426
-1.2861197238959414,-0.08537864530698869,-1.628121838731969,-0.8285589311701125,-0.703014423866548,1.6516960124134936,0.8366995489343628,-0.5790286626786183,1.0490090643615215,0.7050069532407564,-0.1133348702015644,0.4470866002977665
-0.061336639431918714,-0.6418777277067537,0.890246524963525,0.7607417036412795,-1.050208411860007,-0.05804940987852345,-0.12076900620937049,-0.09352444519996704,-0.01845518377411456,0.2749856807398276,0.309447434294851,0.4470866002977665
-1.3974636406653975,-0.8803773344495102,-0.5860383778924542,2.2010454039391036,-0.06649211254520598,0.8284852535321521,-0.15984935539891063,1.6716032912146355,-1.6863680714860492,1.307036734742058,-1.5507947054893763,0.4470866002977665
0.050007277337537445,0.153120961435768,-0.23867722427928223,0.18958678800593554,-0.8766114178632773,0.5118657308854823,1.6378467073199356,-0.8161353735402901,-0.3520377613165032,1.135028225741686,1.5777943477840972,0.4470866002977665
0.050007277337537445,-0.5623778587925017,-0.41235780108586817,-0.8037261087511844,-0.41368610053866506,0.005274494650810516,-0.19892970458845077,-0.9440977254338894,-0.15188821479106943,0.18898142623964168,0.309447434294851,0.4470866002977665
-0.6180562232792015,-0.08537864530698869,-1.2807606851187971,0.6365775915466395,0.10710488145152376,1.5250482033548258,1.3838244375879247,0.7419944406935172,-0.3520377613165032,-0.15503559176110207,-1.3816817836908106,0.4470866002977665
-0.8407440568181148,-0.9598772033637624,-0.15183693587598973,-0.15807272585905652,-0.18222344187635914,0.13192230370947847,0.11371308892787031,0.9979191444807157,-0.2853212458080243,-0.7570653732624032,-1.1280124009929609,0.4470866002977665
-0.061336639431918714,2.3393673565777022,-1.628121838731969,1.4312279089523352,1.4380151687597835,0.5751896354148163,-0.7265144186472425,2.0216179596294683,1.516024672920865,0.10297717173945574,-1.043455940093678,-2.2367031338760426
0.49538294441536407,-0.9598772033637624,-0.06499664747269676,1.9527171797498237,0.2807018754482531,1.113442823914155,1.7941681040780961,1.7581660586720924,-0.552187307841934,-0.15503559176110207,-1.2971253227915278,0.4470866002977665
-0.17268055620137587,-0.40337812096399717,1.4981285437865755,0.31375090010057555,0.04923921678594718,1.5250482033548258,1.2079628662349942,0.7118856520126825,-0.08517169928259348,-0.49905260976184534,-1.043455940093678,0.4470866002977665
-0.061336639431918714,-0.9598772033637624,0.36920479454376764,-0.8037261087511844,-0.703014423866548,0.13192230370947847,-0.3747912759413814,-0.29299517021058513,-0.08517169928259348,0.2749856807398276,0.14033451249628545,0.4470866002977665
2.2768856127266686,1.8226182086350635,1.5849688321898683,-0.5057322397240485,2.653194126736891,0.6385135399441502,-0.19892970458845077,1.6076221152678358,-0.9524864008927987,0.8770154622411283,-1.212568861892245,-2.2367031338760426
-0.28402447297083205,0.153120961435768,0.28236450614047515,0.4130821897762874,1.0908211807663248,0.2585701127681464,0.6999183267709723,0.5613417086084259,-0.7523368543673679,-0.24103984626128802,-1.1280124009929609,0.4470866002977665
0.49538294441536407,1.9021180775493158,-1.0202398199089184,-0.7788932863322565,1.9588061507499728,-1.007907977818533,-1.683982973790976,0.9866283487254079,1.782890734954775,1.4790452437424297,-0.1133348702015644,-2.2367031338760426
0.050007277337537445,-0.8008774655352581,0.28236450614047515,0.8849058157359195,-0.8766114178632773,0.005274494650810516,2.5953152624636684,0.5161785255871532,-0.01845518377411456,0.4469941897401995,-0.1133348702015644,0.4470866002977665
-1.1747758071264842,0.4711204370927765,0.10868392933388919,-0.8285589311701125,-1.1080740765255834,0.6385135399441502,-0.3552511013466113,-1.79467100566777,1.2491586108869552,0.36098993524001355,1.7469072695826628,0.4470866002977665
0.1613511941069936,-1.1188769411922665,1.0639271017701109,-0.9030573984268965,-1.4552680645190428,0.13192230370947847,0.23095413649649071,-1.2263676193167923,-0.7523368543673679,0.4469941897401995,0.901342660589832,0.4470866002977665
-0.8407440568181148,0.39162056817852425,0.10868392933388919,-0.23257119311584049,-0.703014423866548,0.8284852535321521,-0.550652847294312,-1.7193990339656626,-0.15188821479106943,-0.06903133726091613,2.2542460349783626,0.4470866002977665
1.942853862418298,2.895866438977468,-1.8018024155385546,-0.8285589311701125,2.4217314680745847,-1.7044709276412067,-2.1334069894706875,1.3253522213848914,0.5819934558021809,1.221032480241872,-0.9166212487447531,-2.2367031338760426
-0.17268055620137587,-1.1188769411922665,0.4560450829470606,-0.8782245760079684,-0.703014423866548,0.4485418263561483,-0.2380100537779909,-1.455947133008245,-0.21860473029954836,1.307036734742058,1.1550120432876818,0.4470866002977665
-0.6180562232792015,0.07362109252151577,-0.3255175126825752,-0.0090757913454884,-0.8187457531977007,-0.8179362642305311,0.035552390548790044,-0.8763529509019593,0.9155760333445666,1.7370580072429866,1.5777943477840972,0.4470866002977665
1.2747903618015592,-0.8803773344495102,-0.06499664747269676,-0.9030573984268965,-0.703014423866548,-1.5144992140532048,-1.3908803548694249,-0.5677378669233106,-1.5529350404690943,1.9090665162433584,-0.28244779200013,0.4470866002977665
-0.6180562232792015,1.9021180775493158,-0.41235780108586817,1.1580668623441275,-1.2238054058567367,-0.6912884551718631,-0.3161707521570712,-0.5752650640935297,-0.01845518377411456,1.9090665162433584,2.0851331131797957,0.4470866002977665
0.7180707779542764,0.153120961435768,0.890246524963525,2.176212581520175,-0.18222344187635914,0.8284852535321521,1.501065485156545,1.8710740162252537,-0.2853212458080243,1.135028225741686,-1.2971253227915278,0.4470866002977665
-0.8407440568181148,0.31212069926427205,-0.15183693587598973,-0.2574040155347685,-0.41368610053866506,-0.5646406461131952,-0.8046751170263229,-1.4597107315933753,-0.8190533698758439,0.7050069532407564,1.2113830172205655,0.4470866002977665
-0.28402447297083205,-1.5163762857635275,-0.06499664747269676,0.06542267591129555,-0.008626447879629403,0.4485418263561483,-0.14030918080414057,-0.15374202256167804,0.7154264868191358,-0.5850568642620313,-0.45156071379869706,0.4470866002977665
-1.2861197238959414,2.379117291034828,-2.5833650111681905,0.8600729933169916,-0.41368610053866506,0.005274494650810516,-0.3161707521570712,-1.139804851859377,0.24841087825979224,1.8230622617431727,2.8884194917229857,0.4470866002977665
-0.952087973587572,0.7096200438355332,0.021843640930596212,-1.0023886881026083,-0.008626447879629403,-0.5013167415838612,0.9734807710977532,-0.34944914898716567,-0.01845518377411456,2.2530835342441025,-0.9588994791943952,0.4470866002977665
-1.2861197238959414,-0.6418777277067537,-0.8465592431023328,-0.8533917535890405,-0.24008910654193572,-0.6279645506425292,-0.19892970458845077,-0.9591521197742858,0.515276940293702,0.5329984442403845,0.309447434294851,0.4470866002977665
0.8294146947237335,-0.32387825204974496,0.28236450614047515,-0.7788932863322565,-1.16593974119116,-0.31134502799585934,0.9344004219082132,-1.0645328801572695,-1.5529350404690943,-0.24103984626128802,1.2395685041869646,0.4470866002977665
-0.3953683897402892,-0.6418777277067537,-0.41235780108586817,-0.9030573984268965,-0.18222344187635914,-0.944584073289199,0.15279343811741045,-0.19890520558295086,0.9155760333445666,0.7910112077409422,-0.5361171746979798,0.4470866002977665
2.8336051965739513,1.1866192573210461,1.5849688321898683,0.33858372251950347,0.917224186769595,-1.6411470231118728,-2.016165941902067,1.8334380303742,-0.08517169928259348,1.9090665162433584,0.309447434294851,-2.2367031338760426
-0.3953683897402892,0.07362109252151577,1.4112882553832824,2.6480362074798074,0.8593585221040185,-0.24802112346652536,1.0321012948820634,1.8033292416933653,-0.2853212458080243,0.4469941897401995,-1.3816817836908106,0.4470866002977665
2.1655416959572125,-0.08537864530698869,0.36920479454376764,-0.08357425860227258,-0.9344770825288539,0.06859839918014449,0.5435969300128118,0.24519942745955808,-0.48547079233345813,-0.49905260976184534,0.7322297387912664,0.4470866002977665
-1.2861197238959414,1.941868012006442,-0.41235780108586817,-0.10840708102120049,0.2807018754482531,-0.881260168759865,0.11371308892787031,0.13981866707657428,0.11497784724284033,-0.4130483552616594,-1.2971253227915278,0.4470866002977665
-1.0634318903570281,-0.2443783831354927,0.36920479454376764,-0.7540604639133285,-0.6451487592009714,-0.944584073289199,-0.0035279586407500917,-0.23654119143400454,-0.4187542768249792,1.5650494982426149,-0.028778409302281614,0.4470866002977665
-0.28402447297083205,1.5046187329780547,0.4560450829470606,1.6298904883037595,2.768925456068044,-0.8179362642305311,-0.550652847294312,0.9377015671190048,-0.7523368543673679,-0.15503559176110207,-0.8743430182951124,0.4470866002977665
0.49538294441536407,0.23262083035002024,-0.23867722427928223,1.7788874228173273,0.04923921678594718,0.005274494650810516,0.5631371046075818,1.0694275175977346,-0.01845518377411456,-0.15503559176110207,-0.28244779200013,0.4470866002977665
-1.0634318903570281,0.23262083035002024,-0.15183693587598973,0.2889180776816474,-0.12435777721078256,-0.12137331440785742,0.27003448568603083,0.2602538217999545,1.716174219446296,0.5329984442403845,0.055778051597001166,0.4470866002977665
0.6067268611848202,-0.8008774655352581,0.28236450614047515,-0.9278902208458244,0.6857615281072887,-0.31134502799585934,-0.17938952999368069,-0.31181316313611196,1.9163237659717267,-0.32704410076147394,0.055778051597001166,0.4470866002977665
-0.8407440568181148,-0.44312805542112327,-0.3255175126825752,-0.9030573984268965,-0.6451487592009714,-0.05804940987852345,-0.6678938948629324,-2.1032860896464607,-1.1526359474182326,0.7050069532407564,1.9160201913812298,0.4470866002977665
-1.2861197238959414,-0.08537864530698869,0.19552421773718215,-0.35673530521048047,-0.8766114178632773,-0.3746689325251933,-0.08168865701983036,-1.2640036051678878,-0.15188821479106943,-0.5850568642620313,0.901342660589832,0.4470866002977665
-0.17268055620137587,-1.0393770722780147,1.3244479669799898,-0.8782245760079684,0.917224186769595,0.3852179218268143,0.7780790251500526,-0.5752650640935297,0.9822925488530455,-0.49905260976184534,0.3940038951941338,0.4470866002977665
-0.17268055620137587,-0.2443783831354927,1.0639271017701109,0.6614104139655674,-1.050208411860007,-0.05804940987852345,-0.19892970458845077,-0.861298556561563,-0.9524864008927987,0.7050069532407564,1.5777943477840972,0.4470866002977665
-1.2861197238959414,-0.8803773344495102,0.28236450614047515,-0.9775558656836805,-0.7608800885321242,0.5751896354148163,-0.6678938948629324,-1.5048739146146481,1.8496072504632508,-0.7570653732624032,0.901342660589832,0.4470866002977665
-0.3953683897402892,-0.8008774655352581,0.021843640930596212,1.6050576658848315,-0.5294174298698182,0.9551330625908201,0.8757798981239029,1.5135321506402017,1.2491586108869552,-0.5850568642620313,-0.7052300964965453,0.4470866002977665
-0.6180562232792015,-0.4828779898782494,2.279691139416211,-0.9775558656836805,0.8014928574384419,-0.6279645506425292,0.035552390548790044,-0.582792261263707,-1.4862185249606181,-0.9290738822627745,-0.9588994791943952,0.4470866002977665
0.27269511087645076,1.5046187329780547,-2.670205299571484,-1.0272215105215365,-0.8187457531977007,0.9551330625908201,-0.12076900620937049,-0.27417717728505825,-0.21860473029954836,-1.4450994092638898,-1.212568861892245,0.4470866002977665
0.3840390276459069,-0.2443783831354927,2.019170274206333,1.9775500021687515,0.04923921678594718,1.9683155350601635,0.6217576283918921,1.6828940869699434,-1.0859194319097536,-0.49905260976184534,-1.2971253227915278,0.4470866002977665
-0.17268055620137587,2.6971167666918374,-2.4965247227648977,-0.7043948190754724,1.7273434920876665,-1.4511753095238709,-2.055246291091607,0.3957433708637729,0.8488595178360907,0.9630197167413141,-0.19789133110084717,-2.2367031338760426
-0.7294001400486586,-0.40337812096399717,0.977086813366818,0.5372463018709274,-0.18222344187635914,1.9683155350601635,1.7355475802937859,0.568868905778645,-0.15188821479106943,0.18898142623964168,-0.9588994791943952,0.4470866002977665
0.8294146947237335,-0.8803773344495102,1.150767390173404,2.2258782263580317,0.10710488145152376,0.8284852535321521,0.1918737873069506,1.7393480657465656,-0.7523368543673679,-0.24103984626128802,-0.5361171746979798,0.4470866002977665
0.7180707779542764,2.8163665700632157,-1.8018024155385546,-0.8533917535890405,1.0329555161007482,-0.24802112346652536,-1.2736393073008045,0.9866283487254079,1.1157255798700003,0.016972917239269796,-1.1280124009929609,-2.2367031338760426
0.8294146947237335,0.31212069926427205,1.5849688321898683,0.9221550493643116,-0.8766114178632773,0.7018374444734842,1.2861235646140743,-0.31181316313611196,-0.552187307841934,-1.1010823912631464,1.4932378868848144,0.4470866002977665
1.831509945648842,-1.1983768101065189,1.5849688321898683,0.5869119467087834,-0.2979547712075123,-1.3878514049945367,-1.1173179105426438,0.5161785255871532,-0.6189038233504129,0.7050069532407564,-0.1133348702015644,0.4470866002977665
-1.1747758071264842,0.07362109252151577,-0.41235780108586817,-0.8533917535890405,0.5121645341105594,-0.881260168759865,0.40681570784942134,-0.8387169650509056,0.11497784724284033,-1.2730909002635182,0.055778051597001166,0.4470866002977665
-1.0634318903570281,-0.40337812096399717,-0.41235780108586817,-0.6795619966565444,-0.7608800885321242,-1.3245275004652028,-0.9414563391897133,-1.6798812488220436,-0.7523368543673679,-0.24103984626128802,1.2818467346366067,0.4470866002977665
1.163446445032103,-1.0393770722780147,1.5849688321898683,-0.7788932863322565,0.7436271927728654,-1.3245275004652028,0.4849764062285016,0.10218268122552057,0.048261331734361396,-0.24103984626128802,-0.5361171746979798,0.4470866002977665
-0.061336639431918714,-0.16487851422124092,-0.6728786662957469,0.9097386381548473,0.4542988694449828,1.5883721078841597,1.8527886278624064,1.0430823275019885,-0.3520377613165032,-0.5850568642620313,-1.5507947054893763,0.4470866002977665
0.8294146947237335,-0.2443783831354927,0.7165659481569395,0.9842371054116316,-0.703014423866548,-1.4511753095238709,-0.06214848242506029,-0.16126921973185535,-1.0859194319097536,-1.1010823912631464,1.1550120432876818,0.4470866002977665
-1.2861197238959414,-0.9598772033637624,1.5849688321898683,-0.0090757913454884,-0.47155176520424164,0.8284852535321521,-0.042608307830290224,-0.16126921973185535,0.7821430023276118,-1.1010823912631464,-0.9588994791943952,0.4470866002977665
-0.17268055620137587,-1.5958761546777798,0.977086813366818,-0.9527230432647524,-0.3558204358730885,1.2717525852374898,0.23095413649649071,-1.2564764079976687,-0.2853212458080243,1.9950707707435444,0.5631168169927009,0.4470866002977665
-0.3953683897402892,-0.08537864530698869,-0.5860383778924542,-0.9278902208458244,-0.8187457531977007,-0.881260168759865,0.016012215954019974,-0.23654119143400454,-0.6189038233504129,-1.2730909002635182,-1.212568861892245,0.4470866002977665
0.49538294441536407,1.7431183397208114,-0.41235780108586817,-0.7292276414944004,3.058253779395927,-0.944584073289199,-0.9414563391897133,0.6667224689914097,-0.48547079233345813,0.5329984442403845,-1.043455940093678,-2.2367031338760426
-0.7294001400486586,-0.4828779898782494,-0.6728786662957469,2.4742064505473116,-0.5294174298698182,1.018456967120154,0.42635588244419137,1.1748082779806766,-0.552187307841934,-1.3590951547637042,-0.7897865573958297,0.4470866002977665
-0.7294001400486586,-0.8008774655352581,0.8034062365602325,-0.8037261087511844,-0.9923427471944305,1.0817808716494879,0.27003448568603083,-0.8387169650509056,1.3158751263954314,-0.15503559176110207,0.7322297387912664,0.4470866002977665
-0.17268055620137587,1.5841186018923068,-0.06499664747269676,-0.18290554827798444,1.0329555161007482,0.4485418263561483,0.8757798981239029,0.21509063877872348,-0.15188821479106943,-0.7570653732624032,-1.2971253227915278,0.4470866002977665
0.3840390276459069,-0.2443783831354927,0.5428853713503535,-0.9278902208458244,-0.5294174298698182,-0.31134502799585934,-0.4138716251309215,-0.7333362046679636,-1.4195020094521422,0.9630197167413141,0.14033451249628545,0.4470866002977665
-0.5067123065097453,-0.16487851422124092,1.8454896973997472,0.7359088812223515,0.04923921678594718,0.2585701127681464,1.4033646121826948,0.595214095874391,-0.4187542768249792,0.016972917239269796,-0.9588994791943952,0.4470866002977665
-0.7294001400486586,2.2996174221205763,-1.8018024155385546,-0.8285589311701125,-0.008626447879629403,-1.1978796914065348,-1.8403043705491364,-0.32686755747650836,2.1831898280056365,0.016972917239269796,1.2395685041869646,-2.2367031338760426
-0.5067123065097453,0.153120961435768,0.10868392933388919,-0.9775558656836805,-0.41368610053866506,0.5118657308854823,-0.0035279586407500917,-1.463474330178464,-1.0859194319097536,-1.1870866457633324,1.3241249650862474,0.4470866002977665
0.27269511087645076,0.23262083035002024,-0.06499664747269676,0.8600729933169916,0.16497054611709994,0.5751896354148163,0.9148602473134431,1.3667518058210755,1.716174219446296,0.9630197167413141,-0.7897865573958297,0.4470866002977665
-1.0634318903570281,-1.1188769411922665,0.19552421773718215,0.2640852552627195,-0.703014423866548,-0.05804940987852345,-0.17938952999368069,-0.11610603671062433,0.6487099713106569,0.6190026987405703,-0.40928248334905487,0.4470866002977665
0.3840390276459069,0.07362109252151577,-0.49919808948916117,0.5620791242898555,0.4542988694449828,1.018456967120154,1.168882517045454,0.8172664123956246,-0.9524864008927987,-0.32704410076147394,-1.5507947054893763,0.4470866002977665
-0.5067123065097453,0.4711204370927765,0.19552421773718215,-0.35673530521048047,-0.703014423866548,-0.5013167415838612,-0.550652847294312,-0.9666793169445049,-0.2853212458080243,-1.1010823912631464,0.4785603560934166,0.4470866002977665
2.4995734462655808,2.220117553206324,-0.5860383778924542,-0.40640095004833654,3.058253779395927,-0.6912884551718631,-1.429960704058965,1.8334380303742,0.24841087825979224,1.3930409892422437,-0.8743430182951124,-2.2367031338760426
-0.17268055620137587,2.538117028863333,-2.062323280748433,-0.7043948190754724,2.363865803409008,-1.261203595935869,-1.4885812278432753,0.5161785255871532,1.64945770393782,0.36098993524001355,-0.19789133110084717,-2.2367031338760426
0.7180707779542764,1.5841186018923068,-0.5860383778924542,-0.9278902208458244,-0.47155176520424164,-1.3245275004652028,-0.3161707521570712,-0.7258090074977445,-1.1526359474182326,-1.8751206817648194,0.14033451249628545,0.4470866002977665
0.1613511941069936,2.220117553206324,-2.5833650111681905,-0.6547291742376166,1.8430748214188195,-0.24802112346652536,-1.5081214024380454,0.5914504972893023,1.3158751263954314,0.6190026987405703,0.055778051597001166,-2.2367031338760426
0.6067268611848202,-0.6418777277067537,1.5849688321898683,0.6862432363844956,0.04923921678594718,1.9049916305308296,1.7355475802937859,0.06454669537446688,-0.552187307841934,-1.7891164272646334,0.3940038951941338,0.4470866002977665
-0.3953683897402892,2.1406176842920717,-2.4965247227648977,-0.7292276414944004,0.8014928574384419,0.3852179218268143,-1.3127196564903445,-0.07094285368935153,0.8488595178360907,2.1670792797439162,0.8167861996905492,-2.2367031338760426
-0.061336639431918714,-0.9598772033637624,2.54021200462609,-0.23257119311584049,-0.6451487592009714,-1.5778231185825387,0.035552390548790044,-0.5188110853169073,-2.019950649028438,0.7050069532407564,-0.19789133110084717,0.4470866002977665
-1.0634318903570281,-0.16487851422124092,0.890246524963525,1.4560607313712637,-0.008626447879629403,1.5250482033548258,0.5631371046075818,-0.08599724802974795,-0.8857698853843228,0.7050069532407564,0.309447434294851,0.4470866002977665
2.1655416959572125,-0.5623778587925017,0.19552421773718215,2.6852854411081992,-0.7608800885321242,-0.944584073289199,0.23095413649649071,0.7796304265445708,-1.4862185249606181,-1.1870866457633324,1.2395685041869646,0.4470866002977665
-0.7294001400486586,0.789119912749785,-0.06499664747269676,-0.4312337724672644,-1.050208411860007,1.145104776178822,0.8562397235291329,-0.4623571065403268,2.0497567969886816,2.425092043244474,0.901342660589832,0.4470866002977665
0.1613511941069936,0.9481196505782894,-1.1939203967155043,-0.7788932863322565,1.9588061507499728,-0.24802112346652536,-1.3518000056798847,0.9075927784381701,1.782890734954775,1.135028225741686,-0.19789133110084717,-2.2367031338760426
0.3840390276459069,0.9481196505782894,-0.5860383778924542,-0.6050635293997605,1.7273434920876665,-0.24802112346652536,-1.0391572121635637,0.9602831586296621,2.5167724055480254,0.7050069532407564,0.3940038951941338,-2.2367031338760426
1.163446445032103,-0.5623778587925017,0.4560450829470606,-0.8533917535890405,-0.06649211254520598,-0.881260168759865,0.1723336127121805,0.3279985963318846,-0.15188821479106943,0.2749856807398276,-0.5361171746979798,0.4470866002977665
1.6088221121099298,-0.5623778587925017,1.5849688321898683,0.6117447691277116,-0.5294174298698182,0.9551330625908201,-0.2380100537779909,-0.19890520558295086,-1.2860689784351873,-1.5311036637640756,1.070455582388399,0.4470866002977665
0.1613511941069936,0.31212069926427205,-0.15183693587598973,-0.6050635293997605,2.768925456068044,-0.6912884551718631,-1.3127196564903445,0.8549023982466782,1.3158751263954314,1.221032480241872,0.309447434294851,-2.2367031338760426
-0.061336639431918714,-0.8803773344495102,0.28236450614047515,-0.7540604639133285,-0.2979547712075123,-0.3746689325251933,0.309114834875571,-0.16126921973185535,0.5819934558021809,0.7910112077409422,-0.45156071379869706,0.4470866002977665
1.0521025282626468,1.1866192573210461,0.10868392933388919,-0.20773837069691256,-0.8766114178632773,0.5751896354148163,0.34819518406511113,-1.026896894306216,-0.2853212458080243,-0.5850568642620313,1.8314637304819472,0.4470866002977665
-0.7294001400486586,0.23262083035002024,-0.15183693587598973,0.31375090010057555,-0.12435777721078256,-0.12137331440785742,2.087270722999647,0.4785425397360994,0.448560424785226,0.18898142623964168,-0.45156071379869706,0.4470866002977665
-1.2861197238959414,-0.08537864530698869,-0.6728786662957469,-0.8533917535890405,-0.8187457531977007,0.3852179218268143,0.016012215954019974,-1.9640329419975535,-1.753084586994528,-1.4450994092638898,1.2395685041869646,0.4470866002977665
0.27269511087645076,0.5506203060070287,-0.06499664747269676,-0.7788932863322565,1.4380151687597835,0.005274494650810516,-0.9805366883792535,1.099536306278569,1.3158751263954314,0.7050069532407564,-0.9588994791943952,-2.2367031338760426
1.7201660288793859,-0.2443783831354927,0.28236450614047515,2.2010454039391036,-0.41368610053866506,0.06859839918014449,0.7976191997448226,1.5699861294167823,-0.6189038233504129,-0.9290738822627745,-0.6206736355972626,0.4470866002977665
-0.6180562232792015,-0.6418777277067537,0.36920479454376764,1.3318966192766237,-0.3558204358730885,1.4617242988254917,0.38727553325465125,1.0430823275019885,0.048261331734361396,-0.32704410076147394,-1.212568861892245,0.4470866002977665
-0.061336639431918714,-0.7213775966210059,1.0639271017701109,0.36341654493843156,-0.3558204358730885,0.19524620823881242,-0.10122883161460043,-0.3757943390829116,-1.1526359474182326,0.016972917239269796,0.14033451249628545,0.4470866002977665
0.050007277337537445,-0.5623778587925017,-0.5860383778924542,-0.7788932863322565,-0.06649211254520598,-0.12137331440785742,-0.570193021889082,-0.5338654796573455,0.515276940293702,-0.6710611187622172,-0.6206736355972626,0.4470866002977665
1.0521025282626468,1.6636184708065591,-0.41235780108586817,-0.7540604639133285,1.785209156753243,0.7018374444734842,0.38727553325465125,0.9301743699487857,0.048261331734361396,0.2749856807398276,-0.9588994791943952,-2.2367031338760426
-0.5067123065097453,0.39162056817852425,0.021843640930596212,-0.20773837069691256,0.7436271927728654,-0.6912884551718631,0.27003448568603083,0.3091806034063577,-0.2853212458080243,-0.49905260976184534,-1.3816817836908106,0.4470866002977665
1.163446445032103,-0.5623778587925017,1.4981285437865755,0.4627478346141434,-0.06649211254520598,-1.134555786877201,0.27003448568603083,0.8398480039062818,0.048261331734361396,1.6510537527428006,-0.5361171746979798,0.4470866002977665
-1.7314953909737671,-0.16487851422124092,1.4112882553832824,-0.4808994173051205,0.2228362107826765,1.018456967120154,0.4849764062285016,-0.34944914898716567,0.448560424785226,2.0810750252437304,-0.5361171746979798,0.4470866002977665
-0.6180562232792015,-1.4368764168492754,1.4112882553832824,-0.8285589311701125,2.5374627974057375,0.5751896354148163,0.7389986759605125,-0.4247211206892731,-0.08517169928259348,-1.2730909002635182,-0.7052300964965453,0.4470866002977665
-0.5067123065097453,-0.40337812096399717,0.10868392933388919,0.4254986009857516,0.6278958634417122,0.19524620823881242,-0.3161707521570712,-0.5225746839020378,-0.2853212458080243,-0.7570653732624032,0.3940038951941338,0.4470866002977665
1.163446445032103,-1.0393770722780147,0.5428853713503535,-0.9030573984268965,-0.47155176520424164,-1.007907977818533,-0.4724921489152317,-1.026896894306216,-1.0859194319097536,0.8770154622411283,1.2395685041869646,0.4470866002977665
-1.2861197238959414,0.153120961435768,-0.6728786662957469,0.01575703107343951,0.2807018754482531,-0.12137331440785742,-0.277090402967531,0.24519942745955808,-0.6189038233504129,0.10297717173945574,-1.3816817836908106,0.4470866002977665
0.050007277337537445,-0.8008774655352581,-0.7597189546990398,0.04058985349236742,-0.008626447879629403,0.4485418263561483,0.9344004219082132,0.21509063877872348,0.7821430023276118,-0.15503559176110207,-0.19789133110084717,0.4470866002977665
-1.3974636406653975,-0.8008774655352581,-0.5860383778924542,-0.6547291742376166,-0.06649211254520598,1.8416677260014955,1.3447440883983846,0.403270568033992,2.8503549830904107,1.8230622617431727,-0.45156071379869706,0.4470866002977665
1.2747903618015592,-0.08537864530698869,1.5849688321898683,1.8285530676551836,0.04923921678594718,1.208428680708156,0.46543623163373155,1.1936262709062033,-0.8857698853843228,0.5329984442403845,-0.36700425289941424,0.4470866002977665
0.3840390276459069,0.23262083035002024,-0.8465592431023328,-0.4312337724672644,0.10710488145152376,-1.071231882347867,0.309114834875571,-0.12363323388080165,0.18169436275131629,-0.5850568642620313,-0.36700425289941424,0.4470866002977665
-0.17268055620137587,1.981617946463568,-0.7597189546990398,-0.7788932863322565,1.4958808334253602,-1.007907977818533,-1.8793847197386766,0.16992745575745066,1.1824420953784764,2.683104806745031,0.4785603560934166,-2.2367031338760426
1.3861342785710153,-0.6418777277067537,0.977086813366818,-0.7540604639133285,1.2065525100974779,-1.3878514049945367,-2.016165941902067,-0.06341565651913243,-0.08517169928259348,0.2749856807398276,1.4086814259855318,-2.2367031338760426
0.1613511941069936,1.9021180775493158,-1.5412815503286759,-0.8037261087511844,1.4380151687597835,-0.6279645506425292,0.8757798981239029,0.02691070952341317,-1.6863680714860492,0.6190026987405703,-1.212568861892245,0.4470866002977665
-0.8407440568181148,-0.005878776392736454,-0.41235780108586817,-0.033908613764416534,-0.6451487592009714,0.32189401729748035,0.5435969300128118,-0.4247211206892731,-0.08517169928259348,-0.8430696277625891,-0.19789133110084717,0.4470866002977665
1.163446445032103,2.0611178153778194,-0.6728786662957469,-0.4312337724672644,1.4380151687597835,-0.881260168759865,-0.02306813323552016,1.0619003204275155,0.24841087825979224,0.5329984442403845,-1.1280124009929609,-2.2367031338760426
-2.1768710580515935,0.153120961435768,-1.2807606851187971,-0.8533917535890405,0.04923921678594718,-1.3245275004652028,-0.45295197432046164,-0.8387169650509056,1.716174219446296,-0.5850568642620313,0.055778051597001166,0.4470866002977665
0.49538294441536407,-0.6418777277067537,1.0639271017701109,-0.8782245760079684,-0.24008910654193572,-0.5646406461131952,-0.14030918080414057,-0.04836126217869424,-0.01845518377411456,0.9630197167413141,-0.028778409302281614,0.4470866002977665
0.3840390276459069,0.39162056817852425,2.019170274206333,2.0768812918444635,0.33856754011382967,2.0316394395894974,1.422904786777465,1.7732204530124889,-1.0859194319097536,-0.15503559176110207,-1.7199076272879432,0.4470866002977665
2.4995734462655808,0.23262083035002024,-0.3255175126825752,-0.9278902208458244,-1.281671070522313,-0.881260168759865,-0.9219161645949433,-0.6881730216466908,-0.9524864008927987,-1.0150781367629604,0.14033451249628545,0.4470866002977665
-0.8407440568181148,-0.2443783831354927,-0.3255175126825752,1.3318966192766237,-1.050208411860007,-0.31134502799585934,-0.2380100537779909,-0.018252473497859634,-0.15188821479106943,-1.2730909002635182,0.055778051597001166,0.4470866002977665
-0.061336639431918714,0.07362109252151577,-0.41235780108586817,0.8352401708980637,0.2807018754482531,0.06859839918014449,1.168882517045454,0.9678103557998812,0.18169436275131629,0.016972917239269796,-1.212568861892245,0.4470866002977665
-0.17268055620137587,-1.0393770722780147,0.36920479454376764,0.1150883207491516,0.33856754011382967,1.3984003942961578,0.44589605703896146,-0.3983759305935271,-0.8190533698758439,0.2749856807398276,0.309447434294851,0.4470866002977665
0.1613511941069936,-0.005878776392736454,1.6718091205931613,2.3748751608715994,0.6278958634417122,-1.5778231185825387,0.5435969300128118,1.6452581011188896,-1.8865176180114829,-0.5850568642620313,-1.2971253227915278,0.4470866002977665
-0.6180562232792015,0.23262083035002024,-0.6728786662957469,0.33858372251950347,-0.5294174298698182,0.3852179218268143,0.44589605703896146,0.177454652927628,-0.21860473029954836,1.221032480241872,-0.5361171746979798,0.4470866002977665
1.163446445032103,0.07362109252151577,0.4560450829470606,-0.08357425860227258,-0.3558204358730885,1.5883721078841597,1.1298021678559138,-0.4247211206892731,0.448560424785226,-0.32704410076147394,1.1550120432876818,0.4470866002977665
-0.3953683897402892,0.153120961435768,0.10868392933388919,2.6480362074798074,0.33856754011382967,1.9683155350601635,2.087270722999647,1.283952636948749,0.18169436275131629,0.4469941897401995,-0.19789133110084717,0.4470866002977665
-0.952087973587572,0.31212069926427205,-2.062323280748433,-0.8782245760079684,1.2065525100974779,-0.5646406461131952,-0.2380100537779909,-0.19890520558295086,0.048261331734361396,0.10297717173945574,-1.212568861892245,0.4470866002977665
1.942853862418298,1.34561899514955,-0.06499664747269676,-0.5305650621429765,1.0329555161007482,-1.3245275004652028,-1.8012240213595963,0.9301743699487857,0.7154264868191358,1.3930409892422437,0.4785603560934166,-2.2367031338760426
-1.6201514742043108,2.4586171599490805,0.19552421773718215,-0.8037261087511844,-0.6451487592009714,-0.43799283705452724,-0.042608307830290224,-2.389319582114494,-0.48547079233345813,-1.0150781367629604,2.4656371872265703,0.4470866002977665
-0.28402447297083205,2.1406176842920717,-1.9754829923451402,-0.7788932863322565,2.8267911207336205,-1.007907977818533,-1.078237561353104,0.7419944406935172,0.3818439092767471,0.2749856807398276,-1.212568861892245,-2.2367031338760426
-0.17268055620137587,-0.32387825204974496,1.5849688321898683,-0.9278902208458244,-0.24008910654193572,0.2585701127681464,0.11371308892787031,-1.4785287245189023,-0.6189038233504129,-0.24103984626128802,1.2395685041869646,0.4470866002977665
-0.7294001400486586,0.153120961435768,-0.3255175126825752,-0.9278902208458244,-0.12435777721078256,0.19524620823881242,1.0711816440716035,-0.19890520558295086,0.9822925488530455,0.2749856807398276,-1.043455940093678,0.4470866002977665
-1.3974636406653975,-0.6418777277067537,-0.23867722427928223,1.1704832735535915,-1.3395367351878895,-0.31134502799585934,0.016012215954019974,-0.5376290782424342,0.3818439092767471,-1.1010823912631464,0.5631168169927009,0.4470866002977665
-1.2861197238959414,-0.8803773344495102,-0.06499664747269676,-0.8533917535890405,-0.9923427471944305,-0.6279645506425292,-1.2345589581112644,-1.0457148872317428,1.449308157412386,0.36098993524001355,0.309447434294851,0.4470866002977665
-0.8407440568181148,-0.8008774655352581,1.8454896973997472,0.3882493673573595,-0.06649211254520598,-0.1846972189371914,0.05509256514356011,0.09465548405530148,-0.01845518377411456,-0.15503559176110207,-0.6206736355972626,0.4470866002977665
0.1613511941069936,1.266119126235298,-0.5860383778924542,0.2640852552627195,-0.24008910654193572,-1.261203595935869,-0.843755466215863,0.629086483140356,-0.08517169928259348,0.4469941897401995,-0.7897865573958297,0.4470866002977665
-1.1747758071264842,0.4711204370927765,-1.454441261925383,0.33858372251950347,-0.703014423866548,0.19524620823881242,1.2665833900193042,0.177454652927628,-0.3520377613165032,1.0490239712415002,-0.7052300964965453,0.4470866002977665
-0.6180562232792015,-0.16487851422124092,-0.23867722427928223,1.5305591986280473,0.8593585221040185,2.2216111531774994,0.9539405965029832,1.2688982426083109,-2.2201001955538686,0.5329984442403845,-1.3816817836908106,0.4470866002977665
0.49538294441536407,-0.5623778587925017,0.021843640930596212,0.8600729933169916,-0.18222344187635914,1.335076489766824,1.2275030408297642,0.8925383840977319,-0.8857698853843228,-1.6171079182642616,-1.5507947054893763,0.4470866002977665
0.050007277337537445,-0.5623778587925017,1.7586494089964544,1.5057263762091195,-1.1080740765255834,1.5250482033548258,2.087270722999647,0.9678103557998812,-1.2860689784351873,0.8770154622411283,-0.9588994791943952,0.4470866002977665
-1.1747758071264842,0.8288698472069111,-2.4965247227648977,-1.0272215105215365,-0.5872830945353948,-0.5646406461131952,-1.1173179105426438,-0.27417717728505825,0.9155760333445666,-1.2730909002635182,-1.1280124009929609,0.4470866002977665
2.0541977791877564,1.0276195194925417,1.5849688321898683,-0.5305650621429765,2.0166718154155494,-0.8179362642305311,-0.17938952999368069,1.6076221152678358,0.515276940293702,0.7910112077409422,-0.9588994791943952,-2.2367031338760426
0.050007277337537445,-1.357376547935023,0.10868392933388919,1.0090699278305595,-0.5294174298698182,1.4617242988254917,0.40681570784942134,0.629086483140356,-0.01845518377411456,-0.6710611187622172,-1.043455940093678,0.4470866002977665
0.1613511941069936,-0.7213775966210059,1.5849688321898683,-0.7788932863322565,-0.5294174298698182,-1.4511753095238709,-1.996625767307297,-0.18385081124251265,1.1157255798700003,0.4469941897401995,1.4932378868848144,-2.2367031338760426
-1.0634318903570281,-0.32387825204974496,0.10868392933388919,-0.33190248279155243,-0.7608800885321242,0.32189401729748035,0.2504943110912608,-0.6693550287211639,0.048261331734361396,-0.4130483552616594,0.14033451249628545,0.4470866002977665
-0.3953683897402892,-0.4828779898782494,0.10868392933388919,0.16475396558700742,-0.5294174298698182,-1.007907977818533,-1.0196170375687936,-0.8650621551466515,-1.753084586994528,0.10297717173945574,0.3940038951941338,0.4470866002977665
0.49538294441536407,-0.6418777277067537,0.6297256597536466,0.9097386381548473,0.2228362107826765,0.6385135399441502,0.5826772792023519,0.5312329199275914,-1.0859194319097536,-0.4130483552616594,-0.28244779200013,0.4470866002977665
-0.061336639431918714,-0.5623778587925017,0.19552421773718215,-0.8037261087511844,-0.7608800885321242,1.018456967120154,0.309114834875571,-1.4785287245189023,0.24841087825979224,-0.9290738822627745,1.66235080868338,0.4470866002977665
-0.3953683897402892,2.1406176842920717,-2.670205299571484,-0.6795619966565444,3.0003881147303506,1.208428680708156,-1.1173179105426438,0.568868905778645,2.4500558900395464,1.4790452437424297,0.6476732778919837,-2.2367031338760426
-0.7294001400486586,-0.2443783831354927,0.28236450614047515,0.7855745260602074,-0.5872830945353948,0.8284852535321521,0.1723336127121805,-0.5451562754126533,0.24841087825979224,-1.8751206817648194,1.2395685041869646,0.4470866002977665
1.3861342785710153,-0.6418777277067537,-0.15183693587598973,-0.7788932863322565,-0.06649211254520598,1.018456967120154,1.3056637392088444,-0.23654119143400454,-0.6189038233504129,-0.06903133726091613,-0.36700425289941424,0.4470866002977665
-0.6180562232792015,-1.1188769411922665,0.10868392933388919,-0.6298963518186885,-0.008626447879629403,0.6385135399441502,1.5596860089408553,-0.04836126217869424,1.8496072504632508,-0.06903133726091613,-0.7897865573958297,0.4470866002977665
-0.8407440568181148,-0.16487851422124092,0.10868392933388919,-0.33190248279155243,-1.281671070522313,0.5118657308854823,0.34819518406511113,-1.7796166113273737,0.5819934558021809,-1.1870866457633324,2.0851331131797957,0.4470866002977665
-0.5067123065097453,-0.8803773344495102,0.36920479454376764,-0.2574040155347685,-0.47155176520424164,-0.24802112346652536,0.38727553325465125,-1.0946416688381042,-1.619651555977573,0.18898142623964168,0.9858991214891163,0.4470866002977665
0.050007277337537445,-1.357376547935023,0.8034062365602325,-0.8037261087511844,-0.7608800885321242,-0.944584073289199,-0.6874340694577025,-1.0645328801572695,-0.21860473029954836,-0.7570653732624032,0.9858991214891163,0.4470866002977665
-0.8407440568181148,-0.8803773344495102,-0.15183693587598973,1.7043889555605436,-0.7608800885321242,-0.6279645506425292,-0.5311126726995419,-0.10857883954040524,-0.2853212458080243,-1.4450994092638898,1.070455582388399,0.4470866002977665
-0.5067123065097453,0.6301201749212809,-0.6728786662957469,0.1150883207491516,0.16497054611709994,-0.3746689325251933,0.5631371046075818,-0.19890520558295086,0.11497784724284033,-1.3590951547637042,-0.5361171746979798,0.4470866002977665
-1.9541832245126805,0.39162056817852425,-2.4965247227648977,-0.8285589311701125,-0.9923427471944305,-0.43799283705452724,-0.3161707521570712,-1.629072667923117,1.449308157412386,-1.3590951547637042,1.3241249650862474,0.4470866002977665
-0.28402447297083205,-0.32387825204974496,-0.41235780108586817,-0.6547291742376166,-0.2979547712075123,1.9049916305308296,1.188422691640224,0.0043291180127976595,1.516024672920865,1.0490239712415002,-0.028778409302281614,0.4470866002977665
0.1613511941069936,0.39162056817852425,0.8034062365602325,-0.7416440527038645,-0.8766114178632773,-0.31134502799585934,-0.042608307830290224,-1.7269262311358817,-0.15188821479106943,-0.49905260976184534,2.4233589567769283,0.4470866002977665
-0.6180562232792015,-0.8008774655352581,-0.23867722427928223,0.23925243284379158,-0.06649211254520598,-0.12137331440785742,-0.3747912759413814,-0.4322483178594922,-0.48547079233345813,-0.9290738822627745,0.309447434294851,0.4470866002977665
-0.3953683897402892,0.31212069926427205,-1.0202398199089184,1.3815622641144794,0.6857615281072887,-1.007907977818533,-0.7460545932420126,0.7344672435232981,-0.6189038233504129,-1.1010823912631464,-0.6206736355972626,0.4470866002977665
-0.5067123065097453,2.8561165045203416,-2.670205299571484,-0.15807272585905652,0.5121645341105594,-1.261203595935869,-1.9575454181177567,0.3581073850127192,1.516024672920865,0.4469941897401995,0.9858991214891163,-2.2367031338760426
2.722261279804495,1.5046187329780547,0.28236450614047515,-0.33190248279155243,1.9588061507499728,-1.6411470231118728,-2.074786465686377,1.7958020445231462,0.448560424785226,0.10297717173945574,0.055778051597001166,-2.2367031338760426
0.1613511941069936,0.39162056817852425,2.192850851012919,-0.9030573984268965,-0.12435777721078256,-0.3746689325251933,-0.3552511013466113,-0.6129010499445834,0.11497784724284033,-1.5311036637640756,-0.1133348702015644,0.4470866002977665
-0.6180562232792015,0.7096200438355332,-1.0202398199089184,-0.4312337724672644,-0.8766114178632773,-0.1846972189371914,0.07463273973833018,-1.3279847811146874,-0.01845518377411456,0.2749856807398276,1.7469072695826628,0.4470866002977665
-0.6180562232792015,-0.5623778587925017,0.021843640930596212,-0.5305650621429765,-0.5872830945353948,0.6385135399441502,-0.12076900620937049,-0.8951709438274862,0.9822925488530455,1.307036734742058,0.901342660589832,0.4470866002977665
-1.6201514742043108,0.8686197816640372,-1.8886427039418476,-0.8285589311701125,-1.6867307231813489,-0.8179362642305311,-1.0196170375687936,-1.2527128094125382,0.7154264868191358,0.016972917239269796,0.6476732778919837,0.4470866002977665
-0.6180562232792015,0.5506203060070287,-0.41235780108586817,0.8104073484791353,-0.2979547712075123,-0.1846972189371914,-0.43341179972569155,-0.5978466556041452,-1.5529350404690943,-1.7031121727644476,0.6476732778919837,0.4470866002977665
-2.399558891590507,2.6971167666918374,-1.628121838731969,-0.9527230432647524,-2.033924711174808,-1.7044709276412067,-2.1529471640654574,-0.5526834725828724,0.6487099713106569,-1.2730909002635182,2.4233589567769283,0.4470866002977665
-0.6180562232792015,-0.40337812096399717,0.36920479454376764,0.6862432363844956,0.4542988694449828,0.8918091580614861,1.3838244375879247,0.5048877298318454,-0.4187542768249792,-0.06903133726091613,-0.9588994791943952,0.4470866002977665
-0.952087973587572,-0.8803773344495102,-0.49919808948916117,-0.9278902208458244,-0.5872830945353948,0.19524620823881242,0.15279343811741045,-0.6881730216466908,0.11497784724284033,-0.5850568642620313,-0.45156071379869706,0.4470866002977665
-0.6180562232792015,0.31212069926427205,0.36920479454376764,0.16475396558700742,-0.8187457531977007,-1.3878514049945367,0.5435969300128118,0.18121825151275842,-0.3520377613165032,-0.06903133726091613,-0.7052300964965453,0.4470866002977665
-0.3953683897402892,-1.1188769411922665,0.6297256597536466,-0.8533917535890405,-0.9344770825288539,-0.1846972189371914,-0.15984935539891063,-0.9516249226041085,0.18169436275131629,0.36098993524001355,0.6476732778919837,0.4470866002977665
-0.061336639431918714,-0.2443783831354927,-0.7597189546990398,1.2573981520198394,0.2228362107826765,0.32189401729748035,0.21141396190172065,1.1409358907147116,-0.9524864008927987,-0.4130483552616594,-0.8743430182951124,0.4470866002977665
-1.5088075574348547,-0.40337812096399717,-2.670205299571484,1.3070637968576952,-0.5872830945353948,-1.134555786877201,-0.17938952999368069,-0.29299517021058513,1.449308157412386,-0.4130483552616594,1.4932378868848144,0.4470866002977665
-0.061336639431918714,0.7096200438355332,0.977086813366818,0.31375090010057555,1.0329555161007482,0.6385135399441502,1.0907218186663736,0.5989776944594796,-0.685620338858889,0.2749856807398276,-1.043455940093678,0.4470866002977665
-1.7314953909737671,2.25986748766345,-1.8018024155385546,-0.5305650621429765,-0.3558204358730885,-0.31134502799585934,-0.7851349424315528,-0.27417717728505825,0.9155760333445666,-1.1010823912631464,-1.1280124009929609,0.4470866002977665
1.6088221121099298,1.981617946463568,-2.322844145958312,-0.7292276414944004,1.9588061507499728,-1.3245275004652028,-1.9184650689282168,1.3818062001615137,-0.01845518377411456,-0.5850568642620313,-0.8743430182951124,-2.2367031338760426
0.49538294441536407,0.5506203060070287,-0.3255175126825752,0.6365775915466395,-0.41368610053866506,-0.43799283705452724,0.7780790251500526,0.5349965185126799,-0.3520377613165032,-0.6710611187622172,-0.5361171746979798,0.4470866002977665
-0.952087973587572,-0.2443783831354927,-0.49919808948916117,1.9775500021687515,0.33856754011382967,0.19524620823881242,1.3447440883983846,1.4947141577146748,0.18169436275131629,-0.6710611187622172,-1.3816817836908106,0.4470866002977665
-0.061336639431918714,-0.005878776392736454,0.28236450614047515,-0.8285589311701125,-0.9344770825288539,-0.5013167415838612,0.15279343811741045,-0.8387169650509056,0.9822925488530455,-0.32704410076147394,0.901342660589832,0.4470866002977665
0.3840390276459069,0.4313705026356504,1.5849688321898683,-0.6050635293997605,2.3060001387434315,0.5118657308854823,-0.277090402967531,1.005446341650935,0.9155760333445666,2.3390877887442882,0.309447434294851,-2.2367031338760426
0.49538294441536407,-0.7213775966210059,-0.3255175126825752,-0.8285589311701125,0.5121645341105594,0.8918091580614861,-0.43341179972569155,-0.35321274757225435,0.448560424785226,-0.5850568642620313,-0.6206736355972626,0.4470866002977665
-1.2861197238959414,-0.2443783831354927,0.28236450614047515,-0.23257119311584049,-0.9923427471944305,0.5751896354148163,-0.4138716251309215,-1.629072667923117,1.1157255798700003,-1.0150781367629604,1.8314637304819472,0.4470866002977665
2.0541977791877564,0.7096200438355332,0.8034062365602325,-0.6795619966565444,1.785209156753243,-0.7546123597011971,-1.3322598310851146,1.5323501435657285,1.449308157412386,1.135028225741686,-1.212568861892245,-2.2367031338760426
0.7180707779542764,-0.005878776392736454,1.5849688321898683,-0.24498760432530445,-0.24008910654193572,-0.24802112346652536,0.21141396190172065,-1.026896894306216,-0.9524864008927987,1.3930409892422437,1.8314637304819472,0.4470866002977665
-0.5067123065097453,0.39162056817852425,0.10868392933388919,-0.9527230432647524,-0.9923427471944305,-1.134555786877201,-1.0586973867583338,-0.8763529509019593,-0.8190533698758439,-0.4130483552616594,-0.028778409302281614,0.4470866002977665
0.49538294441536407,0.23262083035002024,-0.06499664747269676,2.4742064505473116,-0.6451487592009714,2.474906771294835,0.9539405965029832,1.1484630878849307,0.18169436275131629,-1.1870866457633324,-0.19789133110084717,0.4470866002977665
0.49538294441536407,-1.0393770722780147,0.021843640930596212,-0.8782245760079684,0.570030198776136,0.4485418263561483,0.9148602473134431,-0.31181316313611196,-0.4187542768249792,0.18898142623964168,-0.5361171746979798,0.4470866002977665
0.6067268611848202,-0.7213775966210059,0.10868392933388919,-0.6298963518186885,-0.18222344187635914,-0.12137331440785742,-0.39433145053615143,-0.9704429155296354,-0.9524864008927987,0.7910112077409422,0.5631168169927009,0.4470866002977665
0.7180707779542764,1.9021180775493158,-0.8465592431023328,-0.6795619966565444,1.3222838394286303,-1.5144992140532048,-1.8012240213595963,0.9301743699487857,0.3818439092767471,0.36098993524001355,-0.7897865573958297,-2.2367031338760426
0.7180707779542764,1.8226182086350635,-0.6728786662957469,-0.7292276414944004,-1.1080740765255834,-1.134555786877201,0.602217453797122,-0.31181316313611196,-1.2193524629267085,-1.5311036637640756,-0.19789133110084717,0.4470866002977665
0.050007277337537445,-0.6418777277067537,0.977086813366818,-0.9527230432647524,0.8014928574384419,0.2585701127681464,-0.39433145053615143,-0.28170437445527735,-1.2193524629267085,-0.9290738822627745,-1.212568861892245,0.4470866002977665
-0.952087973587572,0.5506203060070287,-1.454441261925383,-0.2574040155347685,0.6857615281072887,-0.24802112346652536,-0.14030918080414057,-0.18385081124251265,-1.0192029164012777,-1.4450994092638898,-1.212568861892245,0.4470866002977665
0.050007277337537445,-0.2443783831354927,-0.41235780108586817,-0.8037261087511844,-0.3558204358730885,0.19524620823881242,0.1918737873069506,-0.5376290782424342,1.3825916419039102,-0.06903133726091613,0.055778051597001166,0.4470866002977665
1.3861342785710153,0.6301201749212809,0.6297256597536466,-0.8533917535890405,0.570030198776136,-1.3245275004652028,-1.7816838467648262,0.8549023982466782,0.24841087825979224,1.9950707707435444,-0.7052300964965453,-2.2367031338760426
0.9407586114931897,-1.0393770722780147,0.021843640930596212,1.8037202452362553,0.2807018754482531,0.9551330625908201,0.38727553325465125,1.5323501435657285,-1.0859194319097536,0.18898142623964168,-1.4662382445900934,0.4470866002977665
-0.061336639431918714,-0.32387825204974496,0.890246524963525,-0.8037261087511844,-0.06649211254520598,-1.5778231185825387,0.27003448568603083,-0.3870851348382194,-0.48547079233345813,1.5650494982426149,0.6476732778919837,0.4470866002977665
1.0521025282626468,-1.1983768101065189,-0.06499664747269676,0.6117447691277116,0.10710488145152376,1.7150199169428277,0.6217576283918921,0.8247936095658437,-0.685620338858889,-1.1870866457633324,-0.9588994791943952,0.4470866002977665
-0.3953683897402892,0.07362109252151577,-0.41235780108586817,0.6862432363844956,0.33856754011382967,1.5883721078841597,1.7355475802937859,0.8172664123956246,-0.3520377613165032,-0.49905260976184534,-1.5507947054893763,0.4470866002977665
-2.1768710580515935,0.7096200438355332,1.6718091205931613,-0.15807272585905652,-0.12435777721078256,-0.12137331440785742,-0.7851349424315528,-1.4032567528167947,1.782890734954775,1.307036734742058,2.507915417676211,-2.2367031338760426
-0.17268055620137587,-0.6418777277067537,0.8034062365602325,-0.8285589311701125,-0.06649211254520598,-1.6411470231118728,0.2504943110912608,-0.34944914898716567,0.048261331734361396,1.6510537527428006,0.6476732778919837,0.4470866002977665
-0.3953683897402892,-0.8008774655352581,-0.15183693587598973,0.10267190953968743,-1.1080740765255834,0.7651613490028182,-0.277090402967531,-1.0570056829870504,-1.9532341335199588,-0.6710611187622172,0.7322297387912664,0.4470866002977665
-1.0634318903570281,-0.9598772033637624,0.5428853713503535,1.1828996847630553,-0.9344770825288539,-0.881260168759865,-1.3713401802746548,-0.27417717728505825,-0.9524864008927987,1.307036734742058,1.1550120432876818,0.4470866002977665
0.3840390276459069,-0.7213775966210059,0.021843640930596212,-0.6547291742376166,-1.7445963878469255,0.8918091580614861,-0.7851349424315528,-1.7193990339656626,-1.0859194319097536,-1.4450994092638898,1.9160201913812298,0.4470866002977665
-0.28402447297083205,-1.0393770722780147,0.021843640930596212,1.4063950865334074,-0.7608800885321242,0.7018374444734842,0.44589605703896146,0.6742496661616288,-0.9524864008927987,-0.15503559176110207,-0.7052300964965453,0.4470866002977665
-1.2861197238959414,0.6301201749212809,1.4112882553832824,0.6365775915466395,-1.2238054058567367,-1.1978796914065348,-0.6288135456733922,-1.2150768235614844,1.0490090643615215,-0.49905260976184534,2.8461412612733437,0.4470866002977665
0.050007277337537445,0.39162056817852425,-0.8465592431023328,-0.6298963518186885,2.190268809412278,-0.43799283705452724,-1.0000768629740235,0.6140320887999178,1.1824420953784764,0.18898142623964168,-0.45156071379869706,-2.2367031338760426
-0.17268055620137587,-1.5163762857635275,-0.06499664747269676,1.9775500021687515,0.04923921678594718,0.06859839918014449,-0.6288135456733922,0.9828647501402775,-0.15188821479106943,-1.3590951547637042,-0.6206736355972626,0.4470866002977665
1.3861342785710153,-0.6418777277067537,1.5849688321898683,-1.0023886881026083,0.5121645341105594,-1.007907977818533,-0.9219161645949433,-0.4247211206892731,-1.0192029164012777,-1.1010823912631464,-0.19789133110084717,0.4470866002977665
0.27269511087645076,-0.40337812096399717,-0.41235780108586817,1.9278843573308952,-0.703014423866548,1.145104776178822,1.8332484532676363,1.7581660586720924,1.2491586108869552,-0.06903133726091613,-0.5361171746979798,0.4470866002977665
0.8294146947237335,-0.40337812096399717,0.8034062365602325,-0.9527230432647524,-0.3558204358730885,-1.3878514049945367,-1.175938434326954,-0.9139889367530131,-2.2201001955538686,-0.06903133726091613,-0.028778409302281614,0.4470866002977665
1.2747903618015592,-0.4828779898782494,0.28236450614047515,1.2822309744387674,0.10710488145152376,-0.05804940987852345,0.016012215954019974,1.2463166510976953,-0.3520377613165032,-0.15503559176110207,-0.45156071379869706,0.4470866002977665
1.7201660288793859,-0.6418777277067537,0.28236450614047515,-0.9030573984268965,-0.7608800885321242,1.4617242988254917,-0.19892970458845077,-0.8161353735402901,-1.0192029164012777,0.36098993524001355,0.309447434294851,0.4470866002977665
-0.3953683897402892,-1.1983768101065189,-0.8465592431023328,0.43791501219521556,0.39643320477940625,0.7651613490028182,0.7194585013657424,-0.03330686783829783,-0.48547079233345813,0.10297717173945574,0.14033451249628545,0.4470866002977665
-1.3974636406653975,0.7096200438355332,0.36920479454376764,0.04058985349236742,-1.281671070522313,-0.881260168759865,-0.14030918080414057,-1.2828215980934146,-0.2853212458080243,1.3930409892422437,1.4932378868848144,0.4470866002977665
-0.5067123065097453,0.39162056817852425,-1.2807606851187971,-0.9030573984268965,0.33856754011382967,-1.261203595935869,-0.257550228372761,0.01938351235319407,-0.21860473029954836,-1.0150781367629604,-1.804464088187226,0.4470866002977665
-0.3953683897402892,-1.5163762857635275,-0.49919808948916117,-0.8782245760079684,-0.5294174298698182,-0.6279645506425292,0.21141396190172065,-1.0494784858168313,-0.15188821479106943,-0.49905260976184534,0.4785603560934166,0.4470866002977665
-0.28402447297083205,-0.9598772033637624,0.28236450614047515,-0.9775558656836805,-1.5131337291846192,-0.5646406461131952,-0.5115724981047718,-1.026896894306216,0.048261331734361396,0.5329984442403845,0.3940038951941338,0.4470866002977665
1.2747903618015592,-1.1188769411922665,1.150767390173404,2.2755438711958873,0.2807018754482531,0.7651613490028182,0.4849764062285016,2.5108857756932084,0.3818439092767471,2.0810750252437304,-1.5507947054893763,0.4470866002977665
-0.5067123065097453,-0.5623778587925017,-0.5860383778924542,-0.8285589311701125,-0.12435777721078256,-1.007907977818533,-1.175938434326954,-0.4247211206892731,-0.21860473029954836,-1.0150781367629604,-0.7052300964965453,0.4470866002977665
-0.8407440568181148,0.31212069926427205,0.021843640930596212,-0.5802307069808325,-0.703014423866548,0.3852179218268143,-0.550652847294312,-1.7118718367954435,0.31512739376827115,0.18898142623964168,1.8314637304819472,0.4470866002977665
-0.7294001400486586,0.07362109252151577,0.10868392933388919,-0.8533917535890405,-0.6451487592009714,-1.1978796914065348,-0.863295640810633,-1.5048739146146481,0.515276940293702,-0.4130483552616594,1.4086814259855318,0.4470866002977665
1.942853862418298,-0.08537864530698869,0.28236450614047515,-0.033908613764416534,-1.7445963878469255,-0.5013167415838612,0.13325326352264039,0.3054170048212273,-0.685620338858889,-0.15503559176110207,0.4785603560934166,0.4470866002977665
0.1613511941069936,-0.8803773344495102,0.28236450614047515,2.7473674971555195,0.10710488145152376,1.2717525852374898,0.895320072718673,1.7205300728210389,-0.08517169928259348,0.7910112077409422,-1.212568861892245,0.4470866002977665
0.27269511087645076,-0.8008774655352581,0.19552421773718215,-0.4808994173051205,-0.703014423866548,0.2585701127681464,0.23095413649649071,-0.4247211206892731,0.18169436275131629,-0.9290738822627745,0.309447434294851,0.4470866002977665
0.3840390276459069,0.23262083035002024,0.19552421773718215,-0.6050635293997605,0.917224186769595,-0.6279645506425292,-1.6253624500066657,0.4785425397360994,0.8488595178360907,2.2530835342441025,1.2395685041869646,-2.2367031338760426
-0.061336639431918714,0.31212069926427205,2.1060105626096264,1.7416381891889352,-0.5872830945353948,-0.5646406461131952,-0.17938952999368069,1.1070635034487881,-0.7523368543673679,-1.8751206817648194,-0.7897865573958297,0.4470866002977665
-1.0634318903570281,-1.357376547935023,-1.1939203967155043,0.16475396558700742,-0.703014423866548,0.3852179218268143,0.13325326352264039,-0.07470645227444019,-1.1526359474182326,0.5329984442403845,-0.7052300964965453,0.4470866002977665
-0.5067123065097453,0.31212069926427205,0.4560450829470606,-1.0272215105215365,-0.8187457531977007,0.06859839918014449,-0.17938952999368069,-1.696817442455047,-0.7523368543673679,-0.06903133726091613,1.2395685041869646,0.4470866002977665
-0.3953683897402892,1.1866192573210461,1.5849688321898683,0.6117447691277116,0.2228362107826765,-0.7546123597011971,1.2470432154245341,0.629086483140356,-0.7523368543673679,-1.1010823912631464,-1.3816817836908106,0.4470866002977665
-0.28402447297083205,-1.0393770722780147,-1.0202398199089184,-0.058741436183344445,-0.12435777721078256,1.6516960124134936,0.7976191997448226,0.2527266246297772,0.6487099713106569,1.307036734742058,-0.1133348702015644,0.4470866002977665
0.8294146947237335,-0.32387825204974496,1.5849688321898683,-0.28223683795369653,-0.6451487592009714,0.9551330625908201,0.36773535865988116,-1.0419512886466122,-1.2193524629267085,-1.1010823912631464,0.8167861996905492,0.4470866002977665
-1.1747758071264842,-0.7213775966210059,-1.1070801083122115,0.36341654493843156,-0.41368610053866506,-0.1846972189371914,-0.0035279586407500917,0.038201505278720925,0.31512739376827115,-0.06903133726091613,-0.6206736355972626,0.4470866002977665
1.4974781953404734,0.7096200438355332,0.6297256597536466,-0.9527230432647524,-0.5872830945353948,-1.007907977818533,-0.8828358154054031,-0.19890520558295086,-1.2860689784351873,-0.6710611187622172,-1.212568861892245,0.4470866002977665
0.49538294441536407,0.153120961435768,-0.41235780108586817,-0.5802307069808325,-0.47155176520424164,-0.12137331440785742,-0.10122883161460043,-0.9892609084551622,-1.0192029164012777,0.10297717173945574,0.9858991214891163,0.4470866002977665
1.0521025282626468,-0.4828779898782494,0.28236450614047515,1.6050576658848315,-0.47155176520424164,1.3984003942961578,1.5987663581303955,1.1860990737359842,-0.7523368543673679,0.5329984442403845,-0.8743430182951124,0.4470866002977665
-0.061336639431918714,-0.9598772033637624,0.6297256597536466,-0.9403066320552885,-1.4552680645190428,-0.05804940987852345,-0.2966305775623011,-1.3016395910189413,-0.7523368543673679,-1.1010823912631464,0.6476732778919837,0.4470866002977665
0.1613511941069936,-0.8008774655352581,0.021843640930596212,-0.28223683795369653,-1.5709993938501956,0.5751896354148163,0.42635588244419137,-0.6693550287211639,-0.3520377613165032,-1.0150781367629604,0.14033451249628545,0.4470866002977665
-0.28402447297083205,-0.36362818650687107,-0.7597189546990398,0.9097386381548473,-0.008626447879629403,1.4617242988254917,1.5206056597513151,0.5914504972893023,0.18169436275131629,-0.8430696277625891,-0.36700425289941424,0.4470866002977665
-0.28402447297083205,0.789119912749785,0.28236450614047515,1.0587355726684153,0.04923921678594718,-0.12137331440785742,0.5826772792023519,1.0807183133530422,-0.01845518377411456,0.016972917239269796,-1.2971253227915278,0.4470866002977665
-0.5067123065097453,-0.7213775966210059,-1.0202398199089184,-0.10840708102120049,2.768925456068044,-0.944584073289199,-0.10122883161460043,-0.08599724802974795,-1.3527854939436634,-0.5850568642620313,-0.8743430182951124,0.4470866002977665
0.050007277337537445,1.4251188640638024,1.5849688321898683,0.16475396558700742,0.6857615281072887,-0.31134502799585934,0.016012215954019974,1.3065342284593644,0.7821430023276118,2.1670792797439162,-0.1133348702015644,-2.2367031338760426
1.942853862418298,-0.6418777277067537,0.10868392933388919,2.1017141142633915,-0.24008910654193572,0.2585701127681464,0.9539405965029832,2.1909798959592517,-0.685620338858889,-0.32704410076147394,-1.5507947054893763,0.4470866002977665
0.6067268611848202,-0.005878776392736454,-0.5860383778924542,0.5372463018709274,-0.9923427471944305,-0.1846972189371914,0.40681570784942134,0.015619913768105414,-0.4187542768249792,-1.1010823912631464,-0.028778409302281614,0.4470866002977665
0.050007277337537445,-0.5623778587925017,1.4112882553832824,-0.9030573984268965,-0.2979547712075123,-0.8179362642305311,0.21141396190172065,-0.8161353735402901,-0.21860473029954836,-0.49905260976184534,0.309447434294851,0.4470866002977665
0.3840390276459069,-0.9598772033637624,-0.49919808948916117,-0.8782245760079684,0.16497054611709994,0.6385135399441502,-0.257550228372761,-0.04083406500847514,2.0497567969886816,1.307036734742058,-0.1133348702015644,0.4470866002977665
0.1613511941069936,-0.2443783831354927,0.36920479454376764,-0.35673530521048047,-1.16593974119116,0.2585701127681464,-0.570193021889082,-1.3957295556465756,-1.753084586994528,-1.5311036637640756,1.2395685041869646,0.4470866002977665
0.6067268611848202,0.8686197816640372,0.10868392933388919,-0.5553978845619044,1.0908211807663248,-1.5144992140532048,-1.8598445451439065,0.8850111869275546,0.11497784724284033,-0.5850568642620313,-0.19789133110084717,-2.2367031338760426
1.0521025282626468,-1.5958761546777798,1.5849688321898683,-0.10840708102120049,-0.008626447879629403,-0.24802112346652536,0.2504943110912608,0.2527266246297772,0.11497784724284033,-0.7570653732624032,-0.028778409302281614,0.4470866002977665
0.1613511941069936,-0.32387825204974496,-0.23867722427928223,-0.9154738096363605,-1.4552680645190428,-1.7677948321705406,-0.6092733710786222,-1.5048739146146481,-1.8198011025030039,-1.7891164272646334,0.6476732778919837,0.4470866002977665
-0.3953683897402892,0.07362109252151577,-0.5860383778924542,-0.9030573984268965,0.6857615281072887,0.7334993967381511,1.6378467073199356,0.4484337510552648,2.4500558900395464,0.016972917239269796,-1.212568861892245,0.4470866002977665
2.2768856127266686,0.9481196505782894,-0.06499664747269676,-0.8533917535890405,0.10710488145152376,-1.5144992140532048,1.0711816440716035,0.4409065538850457,-0.7523368543673679,-0.49905260976184534,-0.7897865573958297,0.4470866002977665
-0.952087973587572,-0.7213775966210059,0.8034062365602325,-0.7664768751227924,-0.9923427471944305,-0.3746689325251933,-0.17938952999368069,-1.6064910764125016,-1.2860689784351873,-1.7891164272646334,0.9858991214891163,0.4470866002977665
-1.0634318903570281,-0.40337812096399717,0.977086813366818,0.06542267591129555,-1.2238054058567367,2.474906771294835,1.1298021678559138,-0.9516249226041085,1.1824420953784764,-0.9290738822627745,1.4086814259855318,0.4470866002977665
-0.17268055620137587,0.07362109252151577,-0.23867722427928223,-0.033908613764416534,-0.8187457531977007,-0.3746689325251933,-0.39433145053615143,-1.3806751613061374,-0.9524864008927987,-0.32704410076147394,1.4932378868848144,0.4470866002977665
2.4995734462655808,-0.2443783831354927,1.3244479669799898,-0.4312337724672644,0.570030198776136,0.5118657308854823,0.2504943110912608,0.7796304265445708,-0.552187307841934,0.6190026987405703,-0.9588994791943952,0.4470866002977665
2.722261279804495,0.9481196505782894,-0.5860383778924542,-0.5305650621429765,2.5374627974057375,-1.071231882347867,-1.4690410532485052,1.5323501435657285,-0.21860473029954836,1.9090665162433584,-0.5361171746979798,-2.2367031338760426
-0.7294001400486586,0.39162056817852425,-0.9333995315056256,-0.7292276414944004,-0.008626447879629403,1.0817808716494879,1.3838244375879247,-0.3870851348382194,-0.3520377613165032,0.016972917239269796,-0.8743430182951124,0.4470866002977665
-1.5088075574348547,0.6301201749212809,-0.5860383778924542,-0.058741436183344445,-0.8187457531977007,-0.24802112346652536,-0.843755466215863,-1.2527128094125382,0.3818439092767471,-1.2730909002635182,1.7469072695826628,0.4470866002977665
-1.0634318903570281,-0.40337812096399717,-1.3676009735220902,-0.9030573984268965,0.6857615281072887,1.2717525852374898,0.6608379775814321,-0.14621482539145894,-0.552187307841934,0.016972917239269796,-1.6353511663886604,0.4470866002977665
-0.17268055620137587,-0.40337812096399717,0.8034062365602325,0.6365775915466395,-0.12435777721078256,0.8918091580614861,1.149342342450684,0.7156492505977712,-0.15188821479106943,-0.15503559176110207,-1.1280124009929609,0.4470866002977665
-0.6180562232792015,-0.2443783831354927,-0.3255175126825752,1.5057263762091195,-0.3558204358730885,0.8918091580614861,0.5435969300128118,1.4796597633742365,-0.552187307841934,-0.4130483552616594,-1.6353511663886604,0.4470866002977665
0.3840390276459069,0.4711204370927765,-1.2807606851187971,2.4742064505473116,-0.008626447879629403,1.7783438214721616,2.341292992731658,1.9162371992465264,-0.6189038233504129,-0.49905260976184534,-1.4662382445900934,0.4470866002977665
1.831509945648842,1.9021180775493158,-1.8886427039418476,-0.40640095004833654,1.1486868454319015,-1.4511753095238709,-2.016165941902067,1.2877162355338376,0.048261331734361396,-0.5850568642620313,-0.5361171746979798,-2.2367031338760426
-0.5067123065097453,-1.1188769411922665,0.021843640930596212,-0.8533917535890405,-0.41368610053866506,0.19524620823881242,0.016012215954019974,-1.132277654689158,-1.0859194319097536,-0.4130483552616594,-0.1133348702015644,0.4470866002977665
-1.0634318903570281,-0.16487851422124092,-0.3255175126825752,-0.6547291742376166,-0.24008910654193572,-0.6912884551718631,-0.06214848242506029,-1.6667086537741707,0.5819934558021809,-0.8430696277625891,1.7469072695826628,0.4470866002977665
0.9407586114931897,0.6301201749212809,0.977086813366818,-0.7292276414944004,2.190268809412278,-1.3878514049945367,-1.9380052435229866,0.5011241312467567,1.1157255798700003,1.307036734742058,0.8167861996905492,-2.2367031338760426
0.27269511087645076,-0.8803773344495102,0.6297256597536466,-0.9775558656836805,-0.6451487592009714,-0.6279645506425292,-0.9023759900001732,-0.8010809791998519,-0.08517169928259348,-1.1870866457633324,0.309447434294851,0.4470866002977665
-1.0634318903570281,-1.6753760235920319,-0.5860383778924542,-0.9527230432647524,-0.41368610053866506,-1.007907977818533,-1.078237561353104,-0.4623571065403268,2.5834889210565013,0.8770154622411283,-0.28244779200013,0.4470866002977665
0.7180707779542764,1.0673694539496679,1.150767390173404,2.3748751608715994,-0.18222344187635914,2.348258962236167,1.7941681040780961,1.7581660586720924,1.716174219446296,-1.2730909002635182,-0.5361171746979798,0.4470866002977665
0.8294146947237335,-1.1983768101065189,0.4560450829470606,0.23925243284379158,0.33856754011382967,-0.3746689325251933,0.5435969300128118,0.6968312576722443,0.18169436275131629,0.2749856807398276,-0.36700425289941424,0.4470866002977665
-0.952087973587572,2.617616897777585,-2.4965247227648977,-0.6298963518186885,1.2065525100974779,-0.31134502799585934,-1.4495008786537351,-0.13116043105102074,1.64945770393782,-0.49905260976184534,0.309447434294851,-2.2367031338760426
-0.3953683897402892,-0.4828779898782494,-0.15183693587598973,-0.9527230432647524,1.1486868454319015,0.5118657308854823,0.07463273973833018,-0.9516249226041085,0.7821430023276118,0.6190026987405703,0.309447434294851,0.4470866002977665
2.9449491133434074,2.2996174221205763,1.6718091205931613,-0.6547291742376166,1.785209156753243,-0.1846972189371914,-0.9609965137844834,2.172161903033725,1.8496072504632508,0.5329984442403845,-0.7897865573958297,-2.2367031338760426
-0.3953683897402892,-0.7213775966210059,0.36920479454376764,-0.8782245760079684,0.10710488145152376,-0.5013167415838612,-0.7265144186472425,-1.4070203514018833,-0.3520377613165032,-0.24103984626128802,1.1550120432876818,0.4470866002977665
-0.28402447297083205,-0.8008774655352581,0.5428853713503535,-0.6050635293997605,-0.8187457531977007,0.2585701127681464,-0.6092733710786222,-0.9892609084551622,0.18169436275131629,-0.06903133726091613,0.309447434294851,0.4470866002977665
-0.7294001400486586,-0.32387825204974496,-0.6728786662957469,-0.5057322397240485,-0.06649211254520598,-1.134555786877201,-0.39433145053615143,-0.12363323388080165,0.3818439092767471,-0.6710611187622172,-0.7052300964965453,0.4470866002977665
-1.2861197238959414,0.8288698472069111,-1.5412815503286759,-0.8782245760079684,-0.47155176520424164,-1.261203595935869,-1.0977777359478738,-0.650537035795637,0.448560424785226,0.10297717173945574,-0.1133348702015644,0.4470866002977665
0.9407586114931897,0.8686197816640372,-0.6728786662957469,0.9594042829927036,0.33856754011382967,0.7018374444734842,1.8527886278624064,1.1936262709062033,-1.3527854939436634,0.6190026987405703,-1.212568861892245,0.4470866002977665
-0.952087973587572,-0.2443783831354927,0.10868392933388919,-0.6050635293997605,-0.3558204358730885,-0.5013167415838612,1.9211792389441016,-0.16126921973185535,0.31512739376827115,0.7910112077409422,-0.7052300964965453,0.4470866002977665
0.1613511941069936,-0.8803773344495102,0.890246524963525,-0.7043948190754724,0.33856754011382967,-0.43799283705452724,0.895320072718673,0.3279985963318846,1.716174219446296,0.9630197167413141,-0.1133348702015644,0.4470866002977665
0.49538294441536407,-0.005878776392736454,-0.41235780108586817,0.9097386381548473,-0.008626447879629403,1.018456967120154,1.6769270565094756,0.9301743699487857,0.24841087825979224,-1.2730909002635182,-1.2971253227915278,0.4470866002977665
-1.0634318903570281,-1.4368764168492754,0.4560450829470606,-0.8285589311701125,0.2228362107826765,-0.5013167415838612,-0.9414563391897133,-1.5763822877316669,-0.8190533698758439,-0.06903133726091613,0.7322297387912664,0.4470866002977665
0.8294146947237335,-0.16487851422124092,-0.15183693587598973,-0.033908613764416534,0.6857615281072887,-0.24802112346652536,0.6999183267709723,0.6742496661616288,1.782890734954775,0.7050069532407564,-0.28244779200013,0.4470866002977665
0.49538294441536407,-1.0393770722780147,0.977086813366818,-0.7043948190754724,-0.703014423866548,0.13192230370947847,1.3056637392088444,-0.04836126217869424,1.1824420953784764,-0.8430696277625891,-0.028778409302281614,0.4470866002977665
-1.0634318903570281,0.789119912749785,-0.8465592431023328,-0.7540604639133285,0.10710488145152376,-0.12137331440785742,0.035552390548790044,-0.4247211206892731,1.3158751263954314,0.10297717173945574,-0.1133348702015644,0.4470866002977665
-0.28402447297083205,-1.4368764168492754,2.279691139416211,0.4130821897762874,0.4542988694449828,1.8416677260014955,0.5826772792023519,0.5839233001190832,-1.753084586994528,-0.6710611187622172,-1.043455940093678,0.4470866002977665
0.3840390276459069,-0.2443783831354927,0.36920479454376764,-0.8285589311701125,0.33856754011382967,0.005274494650810516,0.5435969300128118,-0.808608176370071,-0.2853212458080243,-0.32704410076147394,0.055778051597001166,0.4470866002977665
0.8294146947237335,0.07362109252151577,2.713892581432676,1.4063950865334074,-0.703014423866548,1.5883721078841597,0.6412978029866622,1.457078171863621,-0.6189038233504129,-0.5850568642620313,-1.4662382445900934,0.4470866002977665
0.27269511087645076,2.5778669633204587,-2.062323280748433,-0.5802307069808325,1.6694778274220898,-0.944584073289199,-0.6678938948629324,1.3366430171402408,1.9163237659717267,0.2749856807398276,-0.7897865573958297,-2.2367031338760426
-0.17268055620137587,-0.4828779898782494,0.28236450614047515,-0.058741436183344445,-0.9923427471944305,0.19524620823881242,0.27003448568603083,-0.4623571065403268,-0.08517169928259348,-1.1010823912631464,-0.028778409302281614,0.4470866002977665
-0.17268055620137587,-0.5623778587925017,0.8034062365602325,-0.7788932863322565,-0.06649211254520598,0.19524620823881242,-0.2966305775623011,-1.4785287245189023,-0.6189038233504129,-0.15503559176110207,1.8314637304819472,0.4470866002977665
-0.17268055620137587,1.107119388406794,-0.06499664747269676,1.7043889555605436,2.653194126736891,-0.5013167415838612,-0.45295197432046164,1.1559902850551498,-0.8857698853843228,-0.5850568642620313,-0.8743430182951124,0.4470866002977665
0.27269511087645076,0.23262083035002024,-0.9333995315056256,0.21441961042486346,0.8014928574384419,1.335076489766824,1.6183065327251656,0.25649022321486586,-0.3520377613165032,-0.5850568642620313,-0.7052300964965453,0.4470866002977665
2.0541977791877564,-0.8803773344495102,1.0639271017701109,2.4990392729662396,0.2807018754482531,1.8416677260014955,1.2470432154245341,2.586157747395316,0.3818439092767471,2.425092043244474,-1.5507947054893763,0.4470866002977665
2.722261279804495,0.7096200438355332,0.021843640930596212,-0.6795619966565444,2.4217314680745847,-1.134555786877201,-1.136858085137414,1.005446341650935,-1.0192029164012777,1.0490239712415002,-0.1133348702015644,-2.2367031338760426
1.2747903618015592,-1.1188769411922665,-0.8465592431023328,-0.8285589311701125,-0.703014423866548,-0.43799283705452724,-0.02306813323552016,0.011856315182974973,-0.2853212458080243,0.10297717173945574,-0.45156071379869706,0.4470866002977665
-0.8407440568181148,-0.005878776392736454,-0.8465592431023328,0.33858372251950347,-0.41368610053866506,1.208428680708156,1.9114091516467164,0.06454669537446688,-0.48547079233345813,0.7910112077409422,-0.5361171746979798,0.4470866002977665
0.3840390276459069,-0.2443783831354927,0.4560450829470606,1.9278843573308952,-0.47155176520424164,0.4485418263561483,0.38727553325465125,1.5323501435657285,0.515276940293702,2.425092043244474,-0.8743430182951124,0.4470866002977665
-0.17268055620137587,-0.7213775966210059,1.5849688321898683,-1.0023886881026083,0.2228362107826765,-0.31134502799585934,0.15279343811741045,-1.1021688660083233,0.18169436275131629,-1.3590951547637042,0.6476732778919837,0.4470866002977665
0.7180707779542764,-0.8803773344495102,0.7165659481569395,-0.5802307069808325,-0.24008910654193572,-0.05804940987852345,1.168882517045454,0.06454669537446688,1.582741188429341,-0.5850568642620313,0.14033451249628545,0.4470866002977665
2.722261279804495,0.8686197816640372,0.10868392933388919,0.3882493673573595,-1.2238054058567367,-0.6912884551718631,0.9148602473134431,0.32423499774675413,-0.9524864008927987,-0.6710611187622172,-0.028778409302281614,0.4470866002977665
-0.28402447297083205,-0.6418777277067537,0.19552421773718215,-0.7788932863322565,-0.703014423866548,-0.5013167415838612,-0.4724921489152317,-0.5376290782424342,0.6487099713106569,-0.9290738822627745,0.14033451249628545,0.4470866002977665
-1.3974636406653975,-1.357376547935023,-0.06499664747269676,0.1150883207491516,-0.18222344187635914,-0.31134502799585934,-0.2966305775623011,0.2865990118957005,0.6487099713106569,-0.49905260976184534,-1.1280124009929609,0.4470866002977665
-0.8407440568181148,0.07362109252151577,1.237607678576697,-0.5057322397240485,-1.1080740765255834,0.3852179218268143,-0.5115724981047718,-1.4860559216891214,0.18169436275131629,0.7910112077409422,1.4932378868848144,0.4470866002977665
0.1613511941069936,-1.0393770722780147,0.10868392933388919,1.8037202452362553,-0.008626447879629403,0.32189401729748035,0.09417291433310024,1.0430823275019885,-2.019950649028438,0.2749856807398276,-1.043455940093678,0.4470866002977665
-0.5067123065097453,-0.2443783831354927,-0.41235780108586817,0.9594042829927036,-0.47155176520424164,0.8284852535321521,0.36773535865988116,0.629086483140356,0.6487099713106569,-1.1870866457633324,-0.36700425289941424,0.4470866002977665
-0.8407440568181148,-0.2443783831354927,1.7586494089964544,0.7359088812223515,0.4542988694449828,1.145104776178822,1.6769270565094756,0.629086483140356,-0.2853212458080243,0.10297717173945574,-1.043455940093678,0.4470866002977665
-0.5067123065097453,-1.0393770722780147,-0.15183693587598973,-0.8037261087511844,-0.7608800885321242,0.5118657308854823,0.46543623163373155,-0.4623571065403268,1.782890734954775,-0.06903133726091613,-0.1133348702015644,0.4470866002977665
1.7201660288793859,-0.6418777277067537,-0.23867722427928223,1.5305591986280473,-0.8766114178632773,-0.05804940987852345,-0.45295197432046164,0.42961575812973796,-1.2860689784351873,-1.0150781367629604,-0.1133348702015644,0.4470866002977665
1.3861342785710153,-0.2443783831354927,0.8034062365602325,-0.6298963518186885,0.2228362107826765,-1.7044709276412067,-2.1529471640654574,-0.13868762822123984,0.7154264868191358,1.6510537527428006,1.8314637304819472,-2.2367031338760426
0.3840390276459069,-0.08537864530698869,-0.49919808948916117,-0.6050635293997605,-0.18222344187635914,0.06859839918014449,0.035552390548790044,-0.24030479001909322,-0.2853212458080243,0.2749856807398276,-0.28244779200013,0.4470866002977665
0.3840390276459069,-0.32387825204974496,0.5428853713503535,1.1828996847630553,-0.3558204358730885,0.32189401729748035,0.1918737873069506,1.4947141577146748,1.716174219446296,2.0810750252437304,-0.6206736355972626,0.4470866002977665
1.7201660288793859,0.07362109252151577,0.4560450829470606,2.4742064505473116,-0.41368610053866506,1.018456967120154,1.3642842629931546,1.6076221152678358,-0.9524864008927987,-1.7031121727644476,-0.5361171746979798,0.4470866002977665
0.050007277337537445,0.6301201749212809,-0.5860383778924542,-0.9775558656836805,-0.008626447879629403,-1.4511753095238709,-0.02306813323552016,-0.6129010499445834,-1.4862185249606181,-1.7031121727644476,-0.45156071379869706,0.4470866002977665
-0.5067123065097453,-0.4828779898782494,-0.9333995315056256,-0.8782245760079684,-1.3974023998534661,-0.12137331440785742,-0.3747912759413814,-0.8763529509019593,0.11497784724284033,0.2749856807398276,0.14033451249628545,0.4470866002977665
2.0541977791877564,-0.2443783831354927,1.237607678576697,0.2640852552627195,-1.5131337291846192,-1.071231882347867,-1.3908803548694249,-0.19890520558295086,-1.4195020094521422,-1.5311036637640756,0.3940038951941338,0.4470866002977665
0.050007277337537445,-0.8803773344495102,0.19552421773718215,-0.058741436183344445,-1.050208411860007,-0.3746689325251933,-0.863295640810633,-0.7182818103275254,-2.2868167110623476,0.2749856807398276,-0.1133348702015644,0.4470866002977665
0.1613511941069936,1.1866192573210461,-0.6728786662957469,2.176212581520175,-0.18222344187635914,0.8284852535321521,1.4033646121826948,1.5699861294167823,-0.7523368543673679,0.18898142623964168,-1.043455940093678,0.4470866002977665
2.2768856127266686,1.1866192573210461,0.021843640930596212,-0.5305650621429765,2.5953284620713144,-0.7546123597011971,-0.43341179972569155,1.588804122342309,0.6487099713106569,1.0490239712415002,-0.9588994791943952,-2.2367031338760426
0.49538294441536407,1.4251188640638024,-1.0202398199089184,-0.4808994173051205,1.6694778274220898,-0.944584073289199,-1.6253624500066657,1.005446341650935,0.9822925488530455,0.016972917239269796,-0.1133348702015644,-2.2367031338760426
0.8294146947237335,-0.5623778587925017,-0.3255175126825752,-0.7788932863322565,0.16497054611709994,1.335076489766824,1.3642842629931546,-0.4247211206892731,0.048261331734361396,-0.06903133726091613,0.14033451249628545,0.4470866002977665
1.4974781953404734,-1.357376547935023,-0.41235780108586817,-0.8533917535890405,0.04923921678594718,1.5883721078841597,1.3447440883983846,0.2527266246297772,-0.08517169928259348,0.9630197167413141,-0.9588994791943952,0.4470866002977665
0.7180707779542764,-0.40337812096399717,0.10868392933388919,-0.9030573984268965,-0.008626447879629403,-0.5013167415838612,-0.863295640810633,-1.365620766965741,-1.753084586994528,-0.4130483552616594,1.1550120432876818,0.4470866002977665
2.2768856127266686,2.2996174221205763,-0.15183693587598973,-0.7292276414944004,1.2065525100974779,0.06859839918014449,-0.9219161645949433,0.9828647501402775,0.7821430023276118,0.5329984442403845,-0.5361171746979798,-2.2367031338760426
1.2747903618015592,-0.2443783831354927,1.3244479669799898,2.5983705626419513,0.6278958634417122,0.06859839918014449,1.1102619932611437,2.435613803991101,0.31512739376827115,0.6190026987405703,-1.3816817836908106,0.4470866002977665
-0.952087973587572,1.1866192573210461,0.10868392933388919,0.31375090010057555,0.2807018754482531,-1.3245275004652028,-0.5115724981047718,0.542523715682899,0.8488595178360907,-0.32704410076147394,-0.45156071379869706,0.4470866002977665
0.050007277337537445,1.9021180775493158,-1.5412815503286759,-0.6795619966565444,1.5537464980909366,-1.007907977818533,-1.6644427991962059,0.7419944406935172,0.9155760333445666,0.7050069532407564,-0.7897865573958297,-2.2367031338760426
-0.28402447297083205,-0.5623778587925017,0.19552421773718215,1.8285530676551836,-0.12435777721078256,0.005274494650810516,0.4849764062285016,1.6452581011188896,0.9155760333445666,-0.9290738822627745,-0.9588994791943952,0.4470866002977665
0.8294146947237335,0.6301201749212809,-0.06499664747269676,0.06542267591129555,-0.6451487592009714,-0.12137331440785742,0.21141396190172065,0.13981866707657428,1.0490090643615215,-0.5850568642620313,0.309447434294851,0.4470866002977665
-1.6201514742043108,-0.08537864530698869,-0.49919808948916117,-0.7540604639133285,-1.1080740765255834,0.13192230370947847,-0.042608307830290224,-1.5839094849018442,0.9155760333445666,1.307036734742058,1.5777943477840972,0.4470866002977665
0.27269511087645076,0.153120961435768,-0.7597189546990398,-0.10840708102120049,-0.9923427471944305,-1.3245275004652028,-0.9219161645949433,-1.192495232050869,-1.6863680714860492,0.10297717173945574,1.3241249650862474,0.4470866002977665
-0.061336639431918714,1.8226182086350635,0.10868392933388919,2.0520484694255354,0.10710488145152376,1.3984003942961578,2.2631322943525776,1.2688982426083109,-0.15188821479106943,-0.06903133726091613,-0.8743430182951124,0.4470866002977665
-0.5067123065097453,-1.4368764168492754,-0.3255175126825752,-0.5802307069808325,-0.7608800885321242,0.06859839918014449,-0.863295640810633,-0.9516249226041085,-0.08517169928259348,2.1670792797439162,0.5913023039590999,0.4470866002977665
0.8294146947237335,-0.7213775966210059,0.977086813366818,-0.7540604639133285,0.2228362107826765,-1.3245275004652028,-0.6483537202681623,-0.650537035795637,0.515276940293702,-0.15503559176110207,0.9858991214891163,0.4470866002977665
0.6067268611848202,0.8686197816640372,0.28236450614047515,-0.15807272585905652,-0.47155176520424164,0.19524620823881242,-0.2380100537779909,-0.8951709438274862,-0.552187307841934,-0.49905260976184534,1.8314637304819472,0.4470866002977665
1.4974781953404734,0.153120961435768,0.977086813366818,-0.6547291742376166,1.2644181747630545,-1.3878514049945367,-1.9575454181177567,0.12476427273617788,1.0490090643615215,2.2530835342441025,1.7469072695826628,-2.2367031338760426
-1.0634318903570281,-0.32387825204974496,-0.06499664747269676,2.424540805709455,-0.24008910654193572,-1.007907977818533,0.46543623163373155,1.0280279331615503,-0.685620338858889,0.18898142623964168,-0.28244779200013,0.4470866002977665
0.27269511087645076,1.8226182086350635,-0.3255175126825752,-0.5802307069808325,2.074537480081126,-1.1978796914065348,-0.824215291621093,0.9301743699487857,1.1157255798700003,1.7370580072429866,0.309447434294851,-2.2367031338760426
1.3861342785710153,-0.32387825204974496,1.0639271017701109,-0.8285589311701125,-0.7608800885321242,0.005274494650810516,0.15279343811741045,-0.8763529509019593,-0.8190533698758439,-0.06903133726091613,1.4086814259855318,0.4470866002977665
-0.952087973587572,1.0276195194925417,-0.23867722427928223,-0.17048913706852048,-0.9344770825288539,0.7651613490028182,0.23095413649649071,-0.8763529509019593,0.24841087825979224,-0.32704410076147394,0.5631168169927009,0.4470866002977665
-0.7294001400486586,-0.8803773344495102,-0.06499664747269676,0.23925243284379158,-0.8187457531977007,0.2585701127681464,0.6217576283918921,0.9377015671190048,1.64945770393782,-0.9290738822627745,-1.804464088187226,0.4470866002977665
-0.3953683897402892,1.9021180775493158,-2.5833650111681905,-0.5553978845619044,-0.8187457531977007,1.5883721078841597,0.035552390548790044,-1.2527128094125382,-0.48547079233345813,-1.7891164272646334,1.070455582388399,0.4470866002977665
-0.3953683897402892,0.23262083035002024,0.8034062365602325,0.7855745260602074,-0.12435777721078256,2.348258962236167,0.9734807710977532,0.3806889765233765,-0.48547079233345813,-0.06903133726091613,-0.9166212487447531,0.4470866002977665
-0.8407440568181148,0.2723707648071459,-0.3255175126825752,1.2822309744387674,0.4542988694449828,0.4485418263561483,1.3056637392088444,0.3505801878425001,0.5819934558021809,0.4469941897401995,-0.028778409302281614,0.4470866002977665
-0.7294001400486586,-0.4828779898782494,1.9323299858030403,-0.7788932863322565,-1.5709993938501956,0.6385135399441502,-0.3747912759413814,-1.7363352275986241,-0.21860473029954836,-1.7031121727644476,2.000576652280513,0.4470866002977665
-0.17268055620137587,-0.5623778587925017,-0.15183693587598973,1.1332340399251994,-0.3558204358730885,1.5883721078841597,0.7194585013657424,0.726940046353079,-0.7523368543673679,0.016972917239269796,-0.45156071379869706,0.4470866002977665
-0.17268055620137587,-0.2443783831354927,1.150767390173404,1.0835683950873436,-0.9923427471944305,0.2585701127681464,0.32865500947034104,0.2527266246297772,-0.4187542768249792,-1.2730909002635182,-0.19789133110084717,0.4470866002977665
0.9407586114931897,-0.40337812096399717,-0.3255175126825752,-0.7540604639133285,0.16497054611709994,1.335076489766824,1.4619851359670049,-0.4247211206892731,0.048261331734361396,-0.06903133726091613,0.22489097339556824,0.4470866002977665
-0.952087973587572,-0.2443783831354927,0.36920479454376764,1.9527171797498237,-0.008626447879629403,2.0316394395894974,2.126351072189187,1.34417021431046,-0.9524864008927987,-0.9290738822627745,-1.4662382445900934,0.4470866002977665
-1.0634318903570281,-0.40337812096399717,-1.3676009735220902,-0.9278902208458244,0.2807018754482531,0.2585701127681464,0.07463273973833018,-0.1725600154872049,-0.9524864008927987,-0.4130483552616594,-1.5507947054893763,0.4470866002977665
-0.3953683897402892,-0.32387825204974496,0.10868392933388919,-0.9030573984268965,-0.24008910654193572,-0.8179362642305311,-0.5311126726995419,-1.3129303867742492,-0.7523368543673679,0.4469941897401995,1.3664031955358895,0.4470866002977665
2.9449491133434074,1.8226182086350635,0.977086813366818,-0.6298963518186885,1.9009404860843961,-0.3746689325251933,-1.3322598310851146,1.1559902850551498,-0.15188821479106943,1.7370580072429866,0.6476732778919837,-2.2367031338760426
1.0521025282626468,-1.1188769411922665,0.10868392933388919,-0.8285589311701125,0.2807018754482531,1.018456967120154,0.5826772792023519,0.3279985963318846,0.448560424785226,2.1670792797439162,-0.8743430182951124,0.4470866002977665
-0.6180562232792015,-0.005878776392736454,-1.8886427039418476,-0.8782245760079684,1.0329555161007482,-1.007907977818533,-1.8012240213595963,0.24896302604464673,1.3158751263954314,1.6510537527428006,-0.5361171746979798,-2.2367031338760426
-0.5067123065097453,-0.2443783831354927,-0.49919808948916117,-0.033908613764416534,-1.1080740765255834,1.4617242988254917,0.15279343811741045,-1.200022429221088,-0.3520377613165032,-0.5850568642620313,1.3241249650862474,0.4470866002977665
-0.952087973587572,0.23262083035002024,-0.49919808948916117,-0.7788932863322565,2.074537480081126,-1.7044709276412067,-1.8012240213595963,0.2677810189701736,0.9155760333445666,-0.5850568642620313,-0.45156071379869706,-2.2367031338760426
0.050007277337537445,0.9481196505782894,0.4560450829470606,-0.8285589311701125,2.363865803409008,-1.071231882347867,-1.6253624500066657,0.8360844053211514,0.7821430023276118,0.4469941897401995,-1.212568861892245,-2.2367031338760426
-1.8428393077432244,-1.1983768101065189,0.7165659481569395,-0.9775558656836805,-1.16593974119116,0.5751896354148163,-0.3747912759413814,-0.8914073452423975,2.3166228590225915,0.7050069532407564,-0.028778409302281614,0.4470866002977665
-0.8407440568181148,-0.9598772033637624,0.6297256597536466,0.04058985349236742,-1.6867307231813489,-0.5646406461131952,-0.7460545932420126,-1.6253090693380283,-1.1526359474182326,-1.2730909002635182,1.5777943477840972,0.4470866002977665
1.3861342785710153,-0.8008774655352581,1.4981285437865755,-0.8782245760079684,-0.41368610053866506,-1.261203595935869,-0.4138716251309215,0.7043584548424634,-0.3520377613165032,0.5329984442403845,-0.6206736355972626,0.4470866002977665
-0.17268055620137587,-0.32387825204974496,-0.15183693587598973,-0.08357425860227258,-0.12435777721078256,-1.5778231185825387,-0.6288135456733922,0.24519942745955808,0.7821430023276118,-0.24103984626128802,-0.028778409302281614,0.4470866002977665
1.7201660288793859,-0.7213775966210059,0.28236450614047515,-1.0520543329404644,-0.47155176520424164,-1.6411470231118728,-1.8598445451439065,-0.8010809791998519,-1.2193524629267085,-1.1870866457633324,-0.1133348702015644,0.4470866002977665
0.6067268611848202,-0.16487851422124092,0.021843640930596212,0.9966535166210952,0.39643320477940625,-0.6912884551718631,0.602217453797122,1.0807183133530422,-0.9524864008927987,0.2749856807398276,-1.1280124009929609,0.4470866002977665
0.9407586114931897,0.23262083035002024,0.36920479454376764,-0.7788932863322565,-0.3558204358730885,-1.4511753095238709,0.9148602473134431,-1.1774408377104308,-0.7523368543673679,-0.8430696277625891,1.2395685041869646,0.4470866002977665
-0.061336639431918714,0.789119912749785,0.19552421773718215,1.2822309744387674,-0.2979547712075123,-0.1846972189371914,0.6217576283918921,1.0807183133530422,-0.15188821479106943,0.10297717173945574,-1.043455940093678,0.4470866002977665
-0.8407440568181148,-0.8008774655352581,-0.15183693587598973,-0.8285589311701125,-0.5294174298698182,-0.43799283705452724,-0.550652847294312,-1.0494784858168313,0.31512739376827115,-0.06903133726091613,0.4785603560934166,0.4470866002977665
-0.952087973587572,0.789119912749785,-2.670205299571484,-0.8285589311701125,0.8593585221040185,0.32189401729748035,-0.6483537202681623,-0.9516249226041085,0.31512739376827115,1.3930409892422437,0.14033451249628545,0.4470866002977665
0.8294146947237335,0.7096200438355332,-0.3255175126825752,-0.10840708102120049,-0.8187457531977007,-0.24802112346652536,-0.49203232351000176,-0.8198989721253788,-0.08517169928259348,0.7050069532407564,1.4086814259855318,0.4470866002977665
-1.5088075574348547,-1.0393770722780147,-0.06499664747269676,1.3070637968576952,-1.16593974119116,-0.1846972189371914,0.21141396190172065,0.5538145114382068,1.782890734954775,-0.7570653732624032,0.14033451249628545,0.4470866002977665
-1.2861197238959414,-0.16487851422124092,-0.3255175126825752,-0.8285589311701125,0.8014928574384419,-0.881260168759865,0.38727553325465125,-0.9591521197742858,0.048261331734361396,-1.3590951547637042,0.3940038951941338,0.4470866002977665
-0.7294001400486586,0.7096200438355332,0.10868392933388919,1.4063950865334074,0.04923921678594718,0.4485418263561483,1.7355475802937859,1.5699861294167823,1.64945770393782,0.7050069532407564,-1.1280124009929609,0.4470866002977665
-0.952087973587572,0.23262083035002024,-0.8465592431023328,0.01575703107343951,-0.3558204358730885,-0.881260168759865,0.2504943110912608,-0.07470645227444019,-1.3527854939436634,0.18898142623964168,-1.043455940093678,0.4470866002977665
0.8294146947237335,-0.2443783831354927,0.36920479454376764,2.5735377402230237,0.4542988694449828,0.005274494650810516,-0.06214848242506029,2.2097978888847787,0.31512739376827115,-0.06903133726091613,-0.8743430182951124,0.4470866002977665
-1.6201514742043108,0.07362109252151577,-1.5412815503286759,-0.9030573984268965,-0.6451487592009714,0.8918091580614861,0.6999183267709723,-0.7860265848594137,0.24841087825979224,-1.1010823912631464,0.055778051597001166,0.4470866002977665
-0.6180562232792015,-1.1188769411922665,-0.3255175126825752,-0.8533917535890405,-0.6451487592009714,-0.6912884551718631,-0.43341179972569155,-0.8763529509019593,1.582741188429341,-0.7570653732624032,0.309447434294851,0.4470866002977665
-0.17268055620137587,-0.2443783831354927,0.36920479454376764,-0.6547291742376166,-0.3558204358730885,-0.944584073289199,-0.6874340694577025,-1.2527128094125382,-0.21860473029954836,0.4469941897401995,1.4932378868848144,0.4470866002977665
0.1613511941069936,0.9481196505782894,0.977086813366818,0.13992114316807952,1.2644181747630545,-0.12137331440785742,0.1723336127121805,1.2688982426083109,1.3158751263954314,1.8230622617431727,-0.1133348702015644,-2.2367031338760426
-0.7294001400486586,-0.4828779898782494,-0.3255175126825752,0.4130821897762874,0.33856754011382967,0.5751896354148163,0.7389986759605125,-0.05588845934891334,-0.15188821479106943,-0.24103984626128802,-0.28244779200013,0.4470866002977665
-0.6180562232792015,-0.2443783831354927,0.4560450829470606,-0.9030573984268965,0.2807018754482531,-0.1846972189371914,1.2861235646140743,-0.6844094230615604,0.5819934558021809,-0.49905260976184534,0.14033451249628545,0.4470866002977665
-0.6180562232792015,-0.2443783831354927,0.890246524963525,0.4627478346141434,-0.18222344187635914,1.9049916305308296,1.8723288024571763,0.4785425397360994,-0.8857698853843228,-0.4130483552616594,-1.043455940093678,0.4470866002977665
-1.0634318903570281,-1.1188769411922665,1.5849688321898683,-0.9775558656836805,-0.8187457531977007,-0.31134502799585934,-0.277090402967531,-0.7258090074977445,-0.08517169928259348,-0.7570653732624032,-0.7052300964965453,0.4470866002977665
-0.061336639431918714,-0.4828779898782494,0.36920479454376764,1.0587355726684153,-0.8187457531977007,0.7018374444734842,0.5826772792023519,0.2903626104808309,-0.08517169928259348,-1.2730909002635182,0.7322297387912664,0.4470866002977665
-0.952087973587572,1.7431183397208114,-1.9754829923451402,-0.7540604639133285,1.6694778274220898,-0.43799283705452724,-1.4690410532485052,0.5086513284169758,2.5167724055480254,1.4790452437424297,-0.28244779200013,-2.2367031338760426
0.6067268611848202,-0.6418777277067537,-0.06499664747269676,-0.9278902208458244,-1.050208411860007,-0.24802112346652536,-0.7851349424315528,-0.7559177961785791,-1.1526359474182326,1.4790452437424297,-0.1133348702015644,0.4470866002977665
-1.3974636406653975,-0.32387825204974496,-1.2807606851187971,1.0090699278305595,0.2807018754482531,0.06859839918014449,-0.17938952999368069,0.3054170048212273,0.9155760333445666,-1.1870866457633324,-0.19789133110084717,0.4470866002977665
-1.7314953909737671,-1.277876679020771,0.10868392933388919,-0.6050635293997605,-0.6451487592009714,-1.3245275004652028,-1.3518000056798847,-1.9376877519018074,-1.2193524629267085,0.6190026987405703,1.66235080868338,0.4470866002977665
0.7180707779542764,-0.8803773344495102,0.4560450829470606,-0.7540604639133285,-0.2979547712075123,-0.43799283705452724,-0.17938952999368069,-0.5865558598488374,0.448560424785226,0.2749856807398276,0.5631168169927009,0.4470866002977665
1.0521025282626468,1.4251188640638024,0.10868392933388919,-0.7540604639133285,1.9588061507499728,-0.881260168759865,0.46543623163373155,1.0807183133530422,-0.15188821479106943,0.36098993524001355,-0.9588994791943952,-2.2367031338760426
-0.061336639431918714,-0.08537864530698869,-0.49919808948916117,-0.40640095004833654,-0.41368610053866506,-0.31134502799585934,0.07463273973833018,0.13229146990639698,-0.2853212458080243,-0.06903133726091613,-1.1280124009929609,0.4470866002977665
0.050007277337537445,-1.1983768101065189,0.10868392933388919,0.8352401708980637,-0.18222344187635914,0.4485418263561483,0.11371308892787031,0.7043584548424634,-0.08517169928259348,-1.4450994092638898,-1.212568861892245,0.4470866002977665
1.831509945648842,-0.6418777277067537,0.8034062365602325,-0.18290554827798444,-0.7608800885321242,-0.881260168759865,-0.21846987918322083,0.2903626104808309,-0.552187307841934,0.18898142623964168,-0.7897865573958297,0.4470866002977665
-0.061336639431918714,-0.8803773344495102,-0.06499664747269676,-0.058741436183344445,-0.41368610053866506,0.5751896354148163,0.5435969300128118,-0.27417717728505825,-0.4187542768249792,-1.3590951547637042,-0.36700425289941424,0.4470866002977665
-0.28402447297083205,-0.5623778587925017,-0.15183693587598973,0.4627478346141434,-0.5872830945353948,1.4617242988254917,0.13325326352264039,-0.27417717728505825,0.7154264868191358,-0.4130483552616594,0.8167861996905492,0.4470866002977665
-0.6180562232792015,-0.6418777277067537,0.36920479454376764,-0.08357425860227258,-0.5294174298698182,0.7651613490028182,0.5240567554180418,-0.6655914301360335,-0.2853212458080243,-0.9290738822627745,0.309447434294851,0.4470866002977665
-0.6180562232792015,-0.2443783831354927,-0.7597189546990398,1.9527171797498237,-0.5294174298698182,1.2717525852374898,0.5826772792023519,0.5349965185126799,0.048261331734361396,-0.6710611187622172,0.055778051597001166,0.4470866002977665
-1.5088075574348547,-0.2443783831354927,-0.23867722427928223,-0.18290554827798444,-0.24008910654193572,1.335076489766824,0.7389986759605125,-0.7258090074977445,0.8488595178360907,-0.5850568642620313,0.055778051597001166,0.4470866002977665
0.27269511087645076,-0.005878776392736454,-0.5860383778924542,-0.8782245760079684,0.5121645341105594,-0.881260168759865,-0.06214848242506029,-0.4247211206892731,-0.4187542768249792,-1.3590951547637042,-0.1133348702015644,0.4470866002977665
0.8294146947237335,0.07362109252151577,1.4981285437865755,-0.6547291742376166,-0.47155176520424164,-0.1846972189371914,-0.12076900620937049,-1.0645328801572695,-0.15188821479106943,0.10297717173945574,1.8314637304819472,0.4470866002977665
-1.3974636406653975,-0.4828779898782494,-0.41235780108586817,1.8782187124930394,0.04923921678594718,1.3667384420314908,-0.0035279586407500917,1.1221178977891846,-0.9524864008927987,-0.49905260976184534,-1.043455940093678,0.4470866002977665
-0.6180562232792015,-0.08537864530698869,0.4560450829470606,-0.7292276414944004,0.2228362107826765,-0.8179362642305311,0.40681570784942134,-0.451066310785019,1.0490090643615215,0.18898142623964168,-0.1133348702015644,0.4470866002977665
0.6067268611848202,-1.0393770722780147,0.021843640930596212,1.6795561331416153,0.16497054611709994,-0.43799283705452724,-0.5115724981047718,1.1559902850551498,-0.21860473029954836,-0.5850568642620313,-0.9588994791943952,0.4470866002977665
2.722261279804495,0.789119912749785,1.4981285437865755,-0.08357425860227258,1.380149504094207,-1.3245275004652028,-1.9575454181177567,1.2688982426083109,0.7821430023276118,2.425092043244474,1.3241249650862474,-2.2367031338760426
-2.510902808359963,1.14686932286392,-1.1070801083122115,-0.7540604639133285,-0.703014423866548,0.13192230370947847,-0.277090402967531,-2.4344827651357663,-0.08517169928259348,2.7691090612452167,2.8461412612733437,0.4470866002977665
0.8294146947237335,-0.2443783831354927,-0.15183693587598973,-0.15807272585905652,0.16497054611709994,-0.3746689325251933,0.42635588244419137,-0.010725276327640537,-0.4187542768249792,-1.0150781367629604,-0.36700425289941424,0.4470866002977665
-0.28402447297083205,-0.005878776392736454,-1.9754829923451402,-0.9030573984268965,-0.5872830945353948,1.7150199169428277,0.5240567554180418,-0.650537035795637,-0.2853212458080243,-0.4130483552616594,-0.5361171746979798,0.4470866002977665
2.4995734462655808,-0.4828779898782494,0.28236450614047515,-0.9278902208458244,-1.281671070522313,0.005274494650810516,-0.5311126726995419,-0.8763529509019593,-1.9532341335199588,-1.1870866457633324,0.5631168169927009,0.4470866002977665
-1.7314953909737671,-0.5623778587925017,-1.1070801083122115,-0.6547291742376166,0.10710488145152376,-0.5646406461131952,0.4849764062285016,-0.6994638174019986,0.11497784724284033,-0.4130483552616594,-0.28244779200013,0.4470866002977665
-0.8407440568181148,-0.40337812096399717,-1.0202398199089184,-0.3815681276294085,0.04923921678594718,1.018456967120154,1.0125611202872935,-0.5752650640935297,-0.552187307841934,-0.6710611187622172,-0.19789133110084717,0.4470866002977665
-0.8407440568181148,2.0611178153778194,-1.8018024155385546,-0.7043948190754724,-0.008626447879629403,-1.7044709276412067,-2.1334069894706875,0.20756344160850437,1.449308157412386,2.1670792797439162,0.14033451249628545,-2.2367031338760426
-0.3953683897402892,-0.20462844867836705,1.5849688321898683,1.6050576658848315,-0.7608800885321242,1.6516960124134936,0.32865500947034104,1.27642543977853,-0.9524864008927987,0.2749856807398276,-1.4662382445900934,0.4470866002977665
-1.6201514742043108,-1.1983768101065189,0.021843640930596212,-0.9278902208458244,-1.281671070522313,0.005274494650810516,-1.0196170375687936,-1.5538006962210096,0.7154264868191358,-0.5850568642620313,0.8590644301401914,0.4470866002977665
-0.3953683897402892,-0.5623778587925017,-0.3255175126825752,1.3318966192766237,-0.06649211254520598,1.4617242988254917,1.9309493262414865,1.3140614256295835,-1.2193524629267085,-0.49905260976184534,-1.5507947054893763,0.4470866002977665
-0.7294001400486586,0.39162056817852425,1.6718091205931613,0.8352401708980637,0.2807018754482531,1.2717525852374898,1.5987663581303955,0.5914504972893023,-0.15188821479106943,0.016972917239269796,-0.8743430182951124,0.4470866002977665
-0.17268055620137587,-0.08537864530698869,-0.6728786662957469,-0.08357425860227258,0.7436271927728654,1.240090632972823,2.3119827308395027,0.7043584548424634,0.6487099713106569,0.7910112077409422,-0.9588994791943952,0.4470866002977665
2.722261279804495,0.6698701093784071,1.3244479669799898,-0.08357425860227258,2.653194126736891,-1.7677948321705406,-2.1529471640654574,0.926410771363697,0.31512739376827115,1.135028225741686,1.3241249650862474,-2.2367031338760426
-0.5067123065097453,-1.0393770722780147,0.021843640930596212,-0.8037261087511844,-0.24008910654193572,-0.05804940987852345,0.13325326352264039,-0.4247211206892731,1.782890734954775,-0.06903133726091613,-0.36700425289941424,0.4470866002977665
-0.5067123065097453,-0.7213775966210059,-0.15183693587598973,0.6117447691277116,-1.16593974119116,-0.944584073289199,-0.6483537202681623,-0.30804956455098154,-0.48547079233345813,0.4469941897401995,0.22489097339556824,0.4470866002977665
0.3840390276459069,-0.6418777277067537,0.5428853713503535,-0.7788932863322565,-0.9344770825288539,1.8416677260014955,0.6999183267709723,-0.7258090074977445,-0.7523368543673679,-1.3590951547637042,0.3940038951941338,0.4470866002977665
0.8294146947237335,-0.005878776392736454,0.4560450829470606,-0.15807272585905652,-1.281671070522313,-1.007907977818533,-0.6483537202681623,-0.9064617395828357,-0.7523368543673679,-0.24103984626128802,1.1550120432876818,0.4470866002977665
-0.8407440568181148,0.31212069926427205,-0.15183693587598973,0.5869119467087834,-0.24008910654193572,1.5883721078841597,2.4194536911107383,0.629086483140356,0.9155760333445666,0.36098993524001355,-0.5361171746979798,0.4470866002977665
-1.0634318903570281,-0.4828779898782494,-0.23867722427928223,-0.6795619966565444,-1.281671070522313,1.4617242988254917,0.11371308892787031,-1.5538006962210096,1.3825916419039102,1.221032480241872,1.9160201913812298,0.4470866002977665
0.9407586114931897,2.4586171599490805,-2.236003857555019,-0.6547291742376166,1.785209156753243,-1.5778231185825387,-1.996625767307297,1.2877162355338376,0.448560424785226,1.0490239712415002,-1.1280124009929609,-2.2367031338760426
-0.8407440568181148,-0.2443783831354927,0.890246524963525,0.01575703107343951,-0.2979547712075123,1.208428680708156,1.3252039138036145,-0.28170437445527735,0.048261331734361396,1.135028225741686,0.14033451249628545,0.4470866002977665
-0.952087973587572,0.07362109252151577,0.5428853713503535,-0.7788932863322565,0.16497054611709994,-1.134555786877201,1.5596860089408553,0.21509063877872348,1.782890734954775,-0.5850568642620313,-0.1133348702015644,0.4470866002977665
0.49538294441536407,0.4711204370927765,0.36920479454376764,0.18958678800593554,0.7436271927728654,-1.1978796914065348,-0.5115724981047718,0.9678103557998812,1.716174219446296,1.5650494982426149,0.055778051597001166,0.4470866002977665
1.3861342785710153,0.5506203060070287,0.10868392933388919,-0.6050635293997605,1.8430748214188195,-0.43799283705452724,-0.9609965137844834,0.8699567925871164,0.31512739376827115,2.9411175702455887,0.309447434294851,-2.2367031338760426
-0.6180562232792015,-0.7213775966210059,0.6297256597536466,1.0339027502494873,-0.24008910654193572,0.2585701127681464,0.13325326352264039,-0.25159558577440094,-1.6863680714860492,-1.7891164272646334,0.309447434294851,0.4470866002977665
0.9407586114931897,-1.277876679020771,-0.5860383778924542,0.6862432363844956,-0.06649211254520598,-0.6279645506425292,-0.43341179972569155,0.4409065538850457,-1.8865176180114829,-1.7031121727644476,-0.8743430182951124,0.4470866002977665
2.0541977791877564,0.6301201749212809,0.36920479454376764,-0.7788932863322565,2.768925456068044,-0.5646406461131952,-0.7851349424315528,-1.4183111471571912,-1.8198011025030039,0.2749856807398276,1.66235080868338,0.4470866002977665
-1.5088075574348547,-1.0393770722780147,2.366531427819504,-0.9154738096363605,-0.8187457531977007,-0.12137331440785742,0.1723336127121805,-1.5387463018805714,1.9163237659717267,0.7910112077409422,1.1550120432876818,0.4470866002977665
-0.3953683897402892,0.07362109252151577,-0.3255175126825752,1.4808935537901915,-0.41368610053866506,0.3852179218268143,0.5045165808232717,0.8925383840977319,0.11497784724284033,-0.32704410076147394,-0.5361171746979798,0.4470866002977665
0.7180707779542764,1.6636184708065591,-1.628121838731969,-0.4808994173051205,1.0908211807663248,-1.1978796914065348,-1.3127196564903445,1.1936262709062033,0.9155760333445666,0.5329984442403845,-1.2971253227915278,-2.2367031338760426
1.3861342785710153,-0.8803773344495102,0.4560450829470606,0.7855745260602074,-0.7608800885321242,1.8416677260014955,0.8366995489343628,0.4785425397360994,-1.1526359474182326,-1.7891164272646334,-0.28244779200013,0.4470866002977665
-1.2861197238959414,-0.4828779898782494,-0.5860383778924542,2.0768812918444635,-0.24008910654193572,0.6385135399441502,0.32865500947034104,1.231262256757257,0.7821430023276118,-0.7570653732624032,-0.9588994791943952,0.4470866002977665
0.9407586114931897,-0.40337812096399717,1.5849688321898683,-0.4312337724672644,-1.2238054058567367,-0.1846972189371914,-0.6483537202681623,-0.7634449933487982,-1.2860689784351873,-1.6171079182642616,0.5631168169927009,0.4470866002977665
-0.952087973587572,-0.6418777277067537,-0.3255175126825752,1.2077325071819836,0.39643320477940625,2.728202389412171,0.27003448568603083,0.5312329199275914,-0.4187542768249792,-0.9290738822627745,-0.36700425289941424,0.4470866002977665
0.49538294441536407,2.2996174221205763,-0.41235780108586817,-0.7043948190754724,2.0166718154155494,-0.881260168759865,-0.570193021889082,0.8398480039062818,0.448560424785226,0.4469941897401995,-0.7052300964965453,-2.2367031338760426
-1.2861197238959414,-0.32387825204974496,-0.9333995315056256,2.4866228617567754,-0.24008910654193572,-0.5646406461131952,1.149342342450684,0.8549023982466782,0.9822925488530455,-1.1870866457633324,-0.36700425289941424,0.4470866002977665
0.1613511941069936,-0.6418777277067537,0.7165659481569395,2.176212581520175,0.570030198776136,-0.31134502799585934,1.0125611202872935,1.362988207235987,-2.1533836800453927,-0.4130483552616594,-1.3816817836908106,0.4470866002977665
-1.0634318903570281,-0.2443783831354927,1.5849688321898683,0.4627478346141434,-0.008626447879629403,1.9049916305308296,1.9895698500257968,0.5161785255871532,-0.21860473029954836,-0.32704410076147394,-1.1280124009929609,0.4470866002977665
0.050007277337537445,0.39162056817852425,-0.49919808948916117,0.18958678800593554,-1.918193381843655,-1.071231882347867,-0.9219161645949433,-1.6177818721678092,-2.687115804113212,0.7050069532407564,2.1696895740790785,0.4470866002977665
-0.7294001400486586,-0.5623778587925017,0.5428853713503535,-0.7788932863322565,-0.9923427471944305,-1.5778231185825387,-1.156398259732184,-1.5914366820720633,0.515276940293702,-1.4450994092638898,1.3241249650862474,0.4470866002977665
0.6067268611848202,0.31212069926427205,0.5428853713503535,-0.6050635293997605,1.0329555161007482,-0.12137331440785742,-0.6092733710786222,-1.6140182735827207,-0.552187307841934,-0.7570653732624032,1.7469072695826628,0.4470866002977665
-0.6180562232792015,-0.2443783831354927,1.0639271017701109,0.5372463018709274,-0.18222344187635914,1.8416677260014955,1.9700296754310267,0.4785425397360994,-0.8857698853843228,-0.49905260976184534,-1.043455940093678,0.4470866002977665
-0.7294001400486586,-1.1188769411922665,0.10868392933388919,-0.9775558656836805,-0.47155176520424164,0.5118657308854823,-0.042608307830290224,-1.907578963220973,0.5819934558021809,-0.9290738822627745,2.0851331131797957,0.4470866002977665
2.1655416959572125,-0.2443783831354927,1.237607678576697,-0.8037261087511844,1.0908211807663248,-1.5144992140532048,-2.113866814875917,-0.14621482539145894,0.18169436275131629,0.36098993524001355,1.4086814259855318,-2.2367031338760426
-0.28402447297083205,-1.5958761546777798,-0.41235780108586817,2.4493736281283836,0.2807018754482531,0.8284852535321521,-0.49203232351000176,1.065663919012604,-0.15188821479106943,-1.3590951547637042,-0.7052300964965453,0.4470866002977665
-0.6180562232792015,-0.6418777277067537,-0.3255175126825752,-0.7043948190754724,-0.3558204358730885,0.2585701127681464,-0.39433145053615143,-1.1247504575189389,-1.2860689784351873,1.0490239712415002,0.22489097339556824,0.4470866002977665
-0.7294001400486586,-0.08537864530698869,0.28236450614047515,-0.8285589311701125,0.04923921678594718,-1.071231882347867,0.23095413649649071,0.02691070952341317,0.515276940293702,-0.15503559176110207,-0.9588994791943952,0.4470866002977665
0.050007277337537445,2.4586171599490805,-1.8018024155385546,-0.8782245760079684,1.3222838394286303,-0.24802112346652536,-1.1173179105426438,0.7796304265445708,0.3818439092767471,0.8770154622411283,-1.212568861892245,-2.2367031338760426
1.163446445032103,2.2996174221205763,-0.7597189546990398,-0.7043948190754724,1.8430748214188195,-0.3746689325251933,-0.2966305775623011,0.8285572081509323,0.515276940293702,-0.15503559176110207,-0.6206736355972626,-2.2367031338760426
-0.952087973587572,-0.7213775966210059,1.6718091205931613,0.4130821897762874,-0.18222344187635914,-0.05804940987852345,0.035552390548790044,0.08336468829999373,-0.01845518377411456,-0.15503559176110207,-0.6206736355972626,0.4470866002977665
0.1613511941069936,1.1866192573210461,-1.454441261925383,-0.5305650621429765,1.6116121627565132,-1.007907977818533,-1.6253624500066657,0.8699567925871164,0.9155760333445666,-0.15503559176110207,0.055778051597001166,-2.2367031338760426
-0.17268055620137587,0.31212069926427205,1.9323299858030403,1.2822309744387674,0.2807018754482531,0.3852179218268143,0.602217453797122,0.8925383840977319,-1.0192029164012777,-0.9290738822627745,-1.043455940093678,0.4470866002977665
0.8294146947237335,-0.6418777277067537,0.021843640930596212,1.4312279089523352,-0.5872830945353948,1.7783438214721616,1.2861235646140743,1.118354299204096,-0.685620338858889,0.36098993524001355,-0.9588994791943952,0.4470866002977665
0.7180707779542764,-0.005878776392736454,1.8454896973997472,2.0520484694255354,-0.3558204358730885,1.9049916305308296,0.5435969300128118,1.6791304883848546,-1.619651555977573,-0.32704410076147394,-1.2971253227915278,0.4470866002977665
-0.952087973587572,-1.1188769411922665,0.977086813366818,2.523872095385167,-0.8766114178632773,-0.1846972189371914,0.07463273973833018,1.0957727076934387,-2.3535332265708235,-0.32704410076147394,-0.9588994791943952,0.4470866002977665
-0.8407440568181148,-0.08537864530698869,0.977086813366818,-0.6795619966565444,-0.703014423866548,-0.1846972189371914,0.15279343811741045,-1.4408927386678485,-0.6189038233504129,-1.1010823912631464,0.8167861996905492,0.4470866002977665
2.1655416959572125,0.7096200438355332,0.10868392933388919,0.16475396558700742,2.248134474077855,-1.3245275004652028,-1.429960704058965,1.946345987927361,1.0490090643615215,2.2530835342441025,-0.1133348702015644,-2.2367031338760426
-1.2861197238959414,-0.16487851422124092,0.19552421773718215,-0.30706966037262445,-1.1080740765255834,-0.05804940987852345,-0.6288135456733922,-1.5011103160295176,0.18169436275131629,-0.7570653732624032,1.4086814259855318,0.4470866002977665
-1.7314953909737671,-0.32387825204974496,-0.7597189546990398,-0.08357425860227258,-1.5131337291846192,-0.12137331440785742,-0.257550228372761,-1.8962881674656233,0.7154264868191358,0.2749856807398276,2.677028339474778,0.4470866002977665
2.722261279804495,0.7096200438355332,1.4112882553832824,-0.6050635293997605,2.248134474077855,-1.5778231185825387,-1.9575454181177567,1.4269693831827865,-0.48547079233345813,-0.06903133726091613,-0.1133348702015644,-2.2367031338760426
2.610917363035039,0.23262083035002024,1.5849688321898683,0.5869119467087834,0.2228362107826765,-0.05804940987852345,0.5045165808232717,1.5323501435657285,-0.3520377613165032,0.8770154622411283,-0.36700425289941424,0.4470866002977665
0.7180707779542764,0.31212069926427205,2.54021200462609,-0.5802307069808325,1.4380151687597835,-0.5013167415838612,-1.4885812278432753,0.9903919473104966,1.0490090643615215,2.425092043244474,0.3940038951941338,-2.2367031338760426
0.7180707779542764,-1.1188769411922665,-0.3255175126825752,-0.08357425860227258,0.10710488145152376,-0.5013167415838612,-0.43341179972569155,0.10970987839573967,-0.9524864008927987,-0.32704410076147394,-0.9588994791943952,0.4470866002977665
-0.28402447297083205,-0.2443783831354927,-0.23867722427928223,-0.6298963518186885,-2.0917903758403846,0.32189401729748035,-0.39433145053615143,-1.2376584150721417,0.24841087825979224,-1.0150781367629604,0.901342660589832,0.4470866002977665
0.9407586114931897,-0.7213775966210059,-0.41235780108586817,1.0090699278305595,-0.06649211254520598,0.4485418263561483,0.23095413649649071,1.1559902850551498,0.18169436275131629,0.18898142623964168,-0.36700425289941424,0.4470866002977665
0.27269511087645076,-1.5561262202206536,-0.06499664747269676,0.4627478346141434,0.4542988694449828,-0.31134502799585934,-0.2966305775623011,0.5538145114382068,1.449308157412386,-0.9290738822627745,-0.8743430182951124,0.4470866002977665
-0.28402447297083205,-0.6418777277067537,0.021843640930596212,-0.7043948190754724,-0.12435777721078256,-0.05804940987852345,-0.4724921489152317,-0.4999930923913805,0.7154264868191358,1.135028225741686,0.055778051597001166,0.4470866002977665
0.9407586114931897,1.7431183397208114,-2.322844145958312,-0.8037261087511844,1.6116121627565132,-0.881260168759865,-1.742603497575286,0.9301743699487857,0.7154264868191358,0.4469941897401995,-0.5361171746979798,-2.2367031338760426
0.7180707779542764,-0.08537864530698869,0.977086813366818,-0.7292276414944004,0.2228362107826765,-1.5778231185825387,-1.8793847197386766,0.8925383840977319,1.449308157412386,2.683104806745031,1.070455582388399,-2.2367031338760426
1.6088221121099298,-0.16487851422124092,-0.15183693587598973,-0.9651394544742165,-0.9344770825288539,-1.7044709276412067,-1.2736393073008045,-1.1774408377104308,-2.0866671645369137,-1.6171079182642616,0.6476732778919837,0.4470866002977665
-1.8428393077432244,0.39162056817852425,-0.3255175126825752,0.33858372251950347,-1.16593974119116,0.5751896354148163,0.23095413649649071,-0.7784993876892364,0.9822925488530455,-0.9290738822627745,0.8167861996905492,0.4470866002977665
-0.6180562232792015,-0.2443783831354927,-0.6728786662957469,0.2640852552627195,0.16497054611709994,1.208428680708156,0.8171593743395927,0.02691070952341317,-0.48547079233345813,0.10297717173945574,-0.36700425289941424,0.4470866002977665
-1.5088075574348547,-0.40337812096399717,-0.3255175126825752,1.4063950865334074,-1.050208411860007,-0.24802112346652536,-0.02306813323552016,0.2903626104808309,1.1824420953784764,-1.4450994092638898,0.055778051597001166,0.4470866002977665
0.6067268611848202,0.07362109252151577,-0.5860383778924542,-0.08357425860227258,0.2807018754482531,-1.4511753095238709,0.27003448568603083,0.7043584548424634,-0.552187307841934,-0.06903133726091613,-1.2971253227915278,0.4470866002977665
-1.3974636406653975,-0.6418777277067537,-0.49919808948916117,0.7483252924318156,-0.3558204358730885,-0.944584073289199,-0.2380100537779909,0.3505801878425001,1.449308157412386,0.8770154622411283,-0.28244779200013,0.4470866002977665
0.27269511087645076,-0.8008774655352581,-0.15183693587598973,-0.45606659488619244,-0.24008910654193572,0.5118657308854823,0.035552390548790044,-0.9403341268487589,-1.4862185249606181,0.7910112077409422,0.5631168169927009,0.4470866002977665
0.49538294441536407,-1.0393770722780147,-0.06499664747269676,1.3567294416955515,-0.18222344187635914,0.8284852535321521,1.0516414694768335,1.005446341650935,-0.7523368543673679,0.5329984442403845,-0.7897865573958297,0.4470866002977665
1.831509945648842,-0.6418777277067537,-0.49919808948916117,1.5802248434659036,-0.9923427471944305,-1.134555786877201,-0.4724921489152317,0.9489923628743125,-0.7523368543673679,-0.9290738822627745,0.14033451249628545,0.4470866002977665
-0.061336639431918714,-0.16487851422124092,0.890246524963525,0.7110760588034234,-0.12435777721078256,1.335076489766824,0.9930209456925233,0.542523715682899,-0.685620338858889,0.016972917239269796,-0.8743430182951124,0.4470866002977665
-0.5067123065097453,-0.9598772033637624,-0.06499664747269676,-1.0272215105215365,-0.2979547712075123,0.13192230370947847,0.46543623163373155,-0.12363323388080165,1.3158751263954314,-1.0150781367629604,-1.2971253227915278,0.4470866002977665
0.1613511941069936,2.8561165045203416,-2.670205299571484,-0.6547291742376166,2.0166718154155494,-0.8179362642305311,-1.8207641959543663,1.4119149888423483,1.449308157412386,0.2749856807398276,-1.043455940093678,-2.2367031338760426
-1.9541832245126805,0.5506203060070287,-0.41235780108586817,0.6862432363844956,0.2807018754482531,-0.6912884551718631,-0.3357109267518412,-0.5376290782424342,0.31512739376827115,-0.49905260976184534,1.3241249650862474,0.4470866002977665
0.1613511941069936,0.9481196505782894,-0.49919808948916117,-0.5305650621429765,-0.703014423866548,0.7651613490028182,0.23095413649649071,-1.5726186891465364,-0.08517169928259348,-0.32704410076147394,2.3388024958776454,0.4470866002977665
1.4974781953404734,-1.1983768101065189,0.5428853713503535,0.7359088812223515,-1.3395367351878895,0.4485418263561483,-0.257550228372761,-0.32686755747650836,-1.9532341335199588,-1.1870866457633324,1.070455582388399,0.4470866002977665
0.050007277337537445,-1.5958761546777798,0.10868392933388919,-0.08357425860227258,0.5121645341105594,1.7783438214721616,0.46543623163373155,0.629086483140356,2.1831898280056365,-0.5850568642620313,-1.043455940093678,0.4470866002977665
1.6088221121099298,-0.9598772033637624,0.977086813366818,-0.8285589311701125,-0.06649211254520598,-1.3878514049945367,-0.3747912759413814,0.02691070952341317,-1.0859194319097536,1.221032480241872,0.3940038951941338,0.4470866002977665
0.8294146947237335,-1.0393770722780147,1.9323299858030403,-0.9278902208458244,-0.41368610053866506,0.7018374444734842,0.9148602473134431,-1.1774408377104308,-0.7523368543673679,-0.5850568642620313,1.070455582388399,0.4470866002977665
1.2747903618015592,-0.8803773344495102,1.5849688321898683,1.7043889555605436,-0.008626447879629403,0.9551330625908201,1.7941681040780961,1.0807183133530422,-0.8857698853843228,-0.4130483552616594,-0.5361171746979798,0.4470866002977665
-0.5067123065097453,-0.9598772033637624,-0.3255175126825752,-0.0090757913454884,-0.6451487592009714,-1.134555786877201,-0.3747912759413814,-0.8763529509019593,-0.3520377613165032,-0.8430696277625891,0.9858991214891163,0.4470866002977665
-0.8407440568181148,-0.4828779898782494,0.6297256597536466,0.7359088812223515,-0.18222344187635914,1.4617242988254917,1.7160074056990158,0.6742496661616288,-0.3520377613165032,-0.4130483552616594,-1.2971253227915278,0.4470866002977665
-0.952087973587572,-1.1188769411922665,-0.3255175126825752,-0.8533917535890405,0.4542988694449828,0.8918091580614861,0.2895746602808009,-0.5752650640935297,-0.15188821479106943,-0.6710611187622172,-0.36700425289941424,0.4470866002977665
0.6067268611848202,2.617616897777585,-2.670205299571484,-0.6298963518186885,1.6694778274220898,-0.8179362642305311,-1.7816838467648262,0.9678103557998812,0.6487099713106569,0.7910112077409422,-0.5361171746979798,-2.2367031338760426
-0.6180562232792015,-0.32387825204974496,-0.15183693587598973,1.4560607313712637,-1.16593974119116,-0.881260168759865,-0.042608307830290224,-0.13868762822123984,-0.2853212458080243,-1.1870866457633324,0.4785603560934166,0.4470866002977665
-2.0655271412821374,0.153120961435768,-0.3255175126825752,0.43791501219521556,-1.5131337291846192,0.8284852535321521,0.1723336127121805,-0.6467734372105066,0.9155760333445666,-1.0150781367629604,0.309447434294851,0.4470866002977665
-0.5067123065097453,0.39162056817852425,1.5849688321898683,-0.5057322397240485,-1.050208411860007,-0.944584073289199,-0.5115724981047718,-1.4032567528167947,-0.8190533698758439,-0.15503559176110207,1.2395685041869646,0.4470866002977665
0.6067268611848202,1.6636184708065591,0.977086813366818,-0.6547291742376166,2.248134474077855,-1.4511753095238709,-1.6058222754118956,1.231262256757257,2.3833393745310705,0.8770154622411283,-0.1133348702015644,-2.2367031338760426
-0.6180562232792015,0.4711204370927765,-1.0202398199089184,-0.35673530521048047,1.1486868454319015,-0.8179362642305311,-0.3747912759413814,-0.19890520558295086,-1.2860689784351873,-1.1010823912631464,-1.3816817836908106,0.4470866002977665
-0.6180562232792015,0.153120961435768,-0.5860383778924542,-0.8285589311701125,0.33856754011382967,-0.3746689325251933,-0.06214848242506029,0.13981866707657428,0.9155760333445666,-0.06903133726091613,-1.1280124009929609,0.4470866002977665
-0.6180562232792015,-1.1983768101065189,1.150767390173404,-0.9278902208458244,0.16497054611709994,0.5118657308854823,0.035552390548790044,-1.2602400065827573,-0.7523368543673679,2.0810750252437304,0.5631168169927009,0.4470866002977665
0.6067268611848202,2.6971167666918374,-1.1070801083122115,0.5124134794519994,2.3060001387434315,-0.24802112346652536,-0.5115724981047718,1.9651639808528878,1.0490090643615215,2.2530835342441025,-1.043455940093678,-2.2367031338760426
-0.061336639431918714,-0.5623778587925017,0.19552421773718215,-0.033908613764416534,-0.47155176520424164,-0.944584073289199,0.21141396190172065,-0.12363323388080165,0.24841087825979224,1.135028225741686,0.055778051597001166,0.4470866002977665
-0.5067123065097453,-0.6418777277067537,0.7165659481569395,-0.7540604639133285,-0.703014423866548,0.6385135399441502,-0.43341179972569155,-1.4785287245189023,-0.21860473029954836,-0.6710611187622172,1.070455582388399,0.4470866002977665
1.3861342785710153,-0.8803773344495102,1.0639271017701109,-0.6050635293997605,1.6116121627565132,0.005274494650810516,-1.3518000056798847,1.0506095246722076,2.0497567969886816,2.597100552244846,-0.19789133110084717,-2.2367031338760426
0.1613511941069936,0.5506203060070287,0.977086813366818,1.7043889555605436,-0.41368610053866506,0.06859839918014449,1.422904786777465,0.8699567925871164,-1.2193524629267085,-0.15503559176110207,-0.5361171746979798,0.4470866002977665
-0.952087973587572,-0.32387825204974496,1.0639271017701109,0.6365775915466395,0.04923921678594718,2.1582872486481652,2.3999135165159684,0.6667224689914097,-0.685620338858889,-0.32704410076147394,-1.3816817836908106,0.4470866002977665
0.1613511941069936,-0.8803773344495102,0.4560450829470606,1.6547233107226873,-0.3558204358730885,0.8918091580614861,0.07463273973833018,1.1559902850551498,-2.019950649028438,0.7050069532407564,-0.9588994791943952,0.4470866002977665
-0.3953683897402892,-0.6418777277067537,-1.1070801083122115,0.8849058157359195,-0.24008910654193572,1.7783438214721616,1.3252039138036145,0.6215592859701369,-0.4187542768249792,-0.15503559176110207,-0.9588994791943952,0.4470866002977665
-0.6180562232792015,-0.08537864530698869,0.19552421773718215,0.06542267591129555,0.10710488145152376,-0.05804940987852345,0.32865500947034104,-0.33439475464672747,0.24841087825979224,0.6190026987405703,0.3940038951941338,0.4470866002977665
0.7180707779542764,-0.08537864530698869,0.6297256597536466,-0.7043948190754724,-0.2979547712075123,-1.3245275004652028,-0.43341179972569155,-0.3645035433276039,-0.3520377613165032,1.221032480241872,0.309447434294851,0.4470866002977665
0.49538294441536407,0.31212069926427205,-0.5860383778924542,0.2640852552627195,-0.3558204358730885,-0.1846972189371914,0.05509256514356011,-0.33439475464672747,-0.552187307841934,-0.5850568642620313,0.5631168169927009,0.4470866002977665
2.2768856127266686,1.266119126235298,0.021843640930596212,-0.5553978845619044,2.074537480081126,-0.43799283705452724,0.09417291433310024,1.6828940869699434,0.5819934558021809,0.8770154622411283,-1.043455940093678,-2.2367031338760426
0.6067268611848202,1.6636184708065591,-1.7149621271352617,-0.8533917535890405,1.785209156753243,-1.261203595935869,-1.5862821008171255,1.0807183133530422,1.3158751263954314,0.6190026987405703,-0.8743430182951124,-2.2367031338760426
-0.061336639431918714,-1.0393770722780147,0.6297256597536466,0.3882493673573595,-0.5294174298698182,-0.6912884551718631,-0.19892970458845077,0.13981866707657428,-0.8190533698758439,-0.7570653732624032,-0.1133348702015644,0.4470866002977665
-0.6180562232792015,0.8686197816640372,-1.8886427039418476,-0.6547291742376166,0.33856754011382967,0.19524620823881242,-1.0977777359478738,1.2463166510976953,1.2491586108869552,1.4790452437424297,-0.19789133110084717,-2.2367031338760426
-0.7294001400486586,-0.7213775966210059,1.0639271017701109,-0.09599066981173653,-0.5872830945353948,0.005274494650810516,0.1918737873069506,-0.8010809791998519,0.8488595178360907,-1.5311036637640756,0.7322297387912664,0.4470866002977665
0.9407586114931897,-0.8008774655352581,0.7165659481569395,-0.7788932863322565,-0.8187457531977007,1.9683155350601635,1.168882517045454,-1.1021688660083233,-0.8857698853843228,2.0810750252437304,1.66235080868338,0.4470866002977665
-1.6201514742043108,-0.6418777277067537,-1.0202398199089184,-0.6795619966565444,-0.24008910654193572,0.5118657308854823,0.7976191997448226,-0.6919366202317795,-0.21860473029954836,-0.6710611187622172,-0.19789133110084717,0.4470866002977665
-0.17268055620137587,-0.32387825204974496,0.5428853713503535,0.8104073484791353,0.39643320477940625,1.335076489766824,1.4033646121826948,0.726940046353079,-0.7523368543673679,0.10297717173945574,-0.9588994791943952,0.4470866002977665
-0.5067123065097453,-1.0393770722780147,0.19552421773718215,-0.8782245760079684,-1.1080740765255834,0.2585701127681464,0.34819518406511113,-1.0494784858168313,0.9155760333445666,0.7910112077409422,0.7322297387912664,0.4470866002977665
-0.5067123065097453,-0.5623778587925017,-1.0202398199089184,-0.9278902208458244,-0.41368610053866506,-0.05804940987852345,-0.17938952999368069,-0.5225746839020378,-1.5529350404690943,-0.4130483552616594,-1.043455940093678,0.4470866002977665
0.27269511087645076,-0.5623778587925017,-0.5860383778924542,-0.8037261087511844,-0.18222344187635914,-0.8179362642305311,0.7976191997448226,-0.7408634018381827,0.18169436275131629,0.18898142623964168,0.4785603560934166,0.4470866002977665
-0.952087973587572,1.107119388406794,-0.3255175126825752,-1.0272215105215365,-0.5294174298698182,-1.134555786877201,-0.7460545932420126,-0.4623571065403268,0.048261331734361396,-1.6171079182642616,-0.9588994791943952,0.4470866002977665
0.050007277337537445,0.153120961435768,0.10868392933388919,-0.9278902208458244,0.2807018754482531,0.4485418263561483,0.34819518406511113,-1.2527128094125382,-0.6189038233504129,-1.961124936265005,0.4785603560934166,0.4470866002977665
-0.5067123065097453,-0.8008774655352581,0.8034062365602325,0.5869119467087834,-0.41368610053866506,1.145104776178822,-0.10122883161460043,-0.4698843037105459,-0.08517169928259348,-0.6710611187622172,0.309447434294851,0.4470866002977665
2.3882295294961247,1.107119388406794,0.36920479454376764,-0.6298963518186885,1.8430748214188195,-0.5013167415838612,-0.824215291621093,1.7958020445231462,1.0490090643615215,0.9630197167413141,-0.9588994791943952,-2.2367031338760426
0.49538294441536407,-0.9598772033637624,1.5849688321898683,0.43791501219521556,-0.6451487592009714,-1.007907977818533,-0.19892970458845077,-0.04836126217869424,-0.15188821479106943,-1.1010823912631464,0.309447434294851,0.4470866002977665
-0.8407440568181148,-0.4828779898782494,1.4981285437865755,1.2573981520198394,-0.24008910654193572,2.981498007529507,2.341292992731658,0.9866283487254079,0.18169436275131629,-0.32704410076147394,-0.9588994791943952,0.4470866002977665
-0.3953683897402892,-0.6418777277067537,-0.9333995315056256,1.6050576658848315,-0.24008910654193572,0.8918091580614861,0.21141396190172065,0.794684820885009,-1.753084586994528,0.016972917239269796,-0.7897865573958297,0.4470866002977665
0.6067268611848202,-1.357376547935023,0.28236450614047515,-0.9030573984268965,0.39643320477940625,1.208428680708156,0.6412978029866622,0.21509063877872348,0.448560424785226,2.5110962977446603,-0.8743430182951124,0.4470866002977665
1.163446445032103,-0.8803773344495102,0.8034062365602325,0.06542267591129555,0.39643320477940625,0.6385135399441502,0.9148602473134431,0.5161785255871532,-0.2853212458080243,-0.9290738822627745,-0.028778409302281614,0.4470866002977665
-1.5088075574348547,-0.8008774655352581,-0.5860383778924542,-0.1332399034401284,-1.2238054058567367,0.3852179218268143,0.5826772792023519,-1.1021688660083233,0.515276940293702,-1.7031121727644476,0.7322297387912664,0.4470866002977665
0.9407586114931897,-1.0393770722780147,1.3244479669799898,2.1513797591012476,0.2228362107826765,0.4485418263561483,-0.042608307830290224,1.5323501435657285,-0.48547079233345813,-0.06903133726091613,-0.5361171746979798,0.4470866002977665
1.3861342785710153,2.220117553206324,-2.670205299571484,-0.6050635293997605,2.5953284620713144,-0.7546123597011971,-1.2150187835164943,2.3603418322889937,1.8496072504632508,1.221032480241872,-1.1280124009929609,-2.2367031338760426
0.49538294441536407,0.7096200438355332,0.890246524963525,2.2755438711958873,0.2807018754482531,0.3852179218268143,1.442444961372235,1.8560196218848155,-0.15188821479106943,1.0490239712415002,-1.043455940093678,0.4470866002977665
-0.8407440568181148,0.31212069926427205,-2.409684434361605,-0.9278902208458244,0.917224186769595,-0.12137331440785742,-0.0035279586407500917,-0.19890520558295086,-0.01845518377411456,0.2749856807398276,-1.2971253227915278,0.4470866002977665
-0.3953683897402892,-0.40337812096399717,-0.15183693587598973,-0.8782245760079684,-0.5294174298698182,-1.134555786877201,-1.0391572121635637,-0.9139889367530131,-1.1526359474182326,-0.15503559176110207,0.22489097339556824,0.4470866002977665
0.7180707779542764,0.8686197816640372,-1.9754829923451402,-0.5553978845619044,2.074537480081126,-1.007907977818533,-1.410420529464195,1.0807183133530422,-0.08517169928259348,0.7050069532407564,-0.5361171746979798,-2.2367031338760426
-0.8407440568181148,-1.0393770722780147,-0.06499664747269676,-0.9775558656836805,-0.9923427471944305,-0.5013167415838612,-0.9219161645949433,-1.3580935697955219,0.048261331734361396,0.10297717173945574,0.5631168169927009,0.4470866002977665
0.1613511941069936,-0.2443783831354927,-1.0202398199089184,0.7110760588034234,-0.47155176520424164,1.0817808716494879,1.2470432154245341,0.700594856257333,-0.4187542768249792,-0.06903133726091613,-1.043455940093678,0.4470866002977665
-2.1768710580515935,1.9021180775493158,-1.454441261925383,0.8352401708980637,-0.9344770825288539,0.2585701127681464,0.8562397235291329,-0.8010809791998519,2.0497567969886816,0.016972917239269796,1.5777943477840972,0.4470866002977665
-1.8428393077432244,-1.1586268756493927,-0.5860383778924542,-0.9527230432647524,0.16497054611709994,-0.3746689325251933,-0.2966305775623011,-0.5376290782424342,0.6487099713106569,-0.32704410076147394,-1.2971253227915278,0.4470866002977665
0.3840390276459069,-0.08537864530698869,0.28236450614047515,-0.5553978845619044,-0.24008910654193572,0.19524620823881242,-0.2380100537779909,-1.0833508730827965,0.9155760333445666,0.18898142623964168,1.8314637304819472,0.4470866002977665
0.050007277337537445,-0.2443783831354927,0.10868392933388919,0.6986596475939595,-0.9344770825288539,-0.05804940987852345,-0.12076900620937049,-0.8838801480721784,-0.685620338858889,1.135028225741686,1.8314637304819472,0.4470866002977665
1.163446445032103,1.0276195194925417,1.5849688321898683,1.0339027502494873,-0.9923427471944305,0.9551330625908201,0.602217453797122,-0.4999930923913805,-0.4187542768249792,-2.0471291907651907,1.7469072695826628,0.4470866002977665
1.2747903618015592,-0.7213775966210059,-0.23867722427928223,0.6862432363844956,-0.2979547712075123,1.6516960124134936,1.0907218186663736,0.5538145114382068,-0.685620338858889,0.36098993524001355,-0.5361171746979798,0.4470866002977665
-0.6180562232792015,-0.7213775966210059,0.10868392933388919,-0.0090757913454884,-0.12435777721078256,1.208428680708156,0.6999183267709723,-0.28923157162545465,1.0490090643615215,0.36098993524001355,0.4785603560934166,0.4470866002977665
-0.7294001400486586,-0.9598772033637624,-0.15183693587598973,0.13992114316807952,-0.3558204358730885,0.8284852535321521,1.3447440883983846,-0.33439475464672747,-0.21860473029954836,-0.32704410076147394,-0.28244779200013,0.4470866002977665
-0.061336639431918714,1.34561899514955,-0.9333995315056256,-0.7540604639133285,1.9588061507499728,-1.3878514049945367,-1.8989248943334467,0.7231764477679903,1.1157255798700003,-0.6710611187622172,-1.3394035532411686,-2.2367031338760426
-0.061336639431918714,-0.2443783831354927,0.890246524963525,-0.8037261087511844,0.10710488145152376,-1.3245275004652028,0.309114834875571,-0.34944914898716567,-0.4187542768249792,1.7370580072429866,0.6476732778919837,0.4470866002977665
1.831509945648842,1.266119126235298,-0.06499664747269676,-0.4808994173051205,1.6116121627565132,-0.05804940987852345,0.2895746602808009,1.3818062001615137,0.515276940293702,0.18898142623964168,-1.043455940093678,-2.2367031338760426
0.3840390276459069,1.34561899514955,0.10868392933388919,-0.7043948190754724,0.8014928574384419,0.005274494650810516,-1.2931794818955746,1.2613710454381335,0.515276940293702,1.221032480241872,-0.5361171746979798,-2.2367031338760426
0.9407586114931897,0.07362109252151577,0.19552421773718215,-0.6298963518186885,-0.6451487592009714,-0.8179362642305311,-0.3747912759413814,-1.026896894306216,-0.08517169928259348,1.221032480241872,0.901342660589832,0.4470866002977665
-0.7294001400486586,0.07362109252151577,0.36920479454376764,1.5305591986280473,-0.5294174298698182,-0.12137331440785742,1.5206056597513151,1.6828940869699434,0.9155760333445666,-0.06903133726091613,-1.043455940093678,0.4470866002977665
0.1613511941069936,0.4313705026356504,-1.454441261925383,-0.9278902208458244,0.39643320477940625,-0.43799283705452724,-0.7069742440524726,0.06454669537446688,-0.48547079233345813,-0.6710611187622172,-1.4662382445900934,0.4470866002977665
-0.7294001400486586,-0.08537864530698869,1.4981285437865755,0.6117447691277116,0.2807018754482531,0.19524620823881242,0.5631371046075818,0.29788980765105,-0.2853212458080243,0.18898142623964168,-0.7052300964965453,0.4470866002977665
0.9407586114931897,-0.9598772033637624,0.10868392933388919,0.6117447691277116,-1.918193381843655,1.018456967120154,0.07463273973833018,-0.4322483178594922,-1.5529350404690943,-1.0150781367629604,0.309447434294851,0.4470866002977665
0.6067268611848202,-0.40337812096399717,-0.49919808948916117,-0.8037261087511844,-0.5872830945353948,-0.12137331440785742,0.1723336127121805,-0.30428596596589286,1.516024672920865,0.4469941897401995,-0.19789133110084717,0.4470866002977665
-0.061336639431918714,2.538117028863333,-2.4965247227648977,-0.7540604639133285,1.7273434920876665,-0.8179362642305311,-1.762143672170056,1.2011534680764224,1.1824420953784764,2.0810750252437304,-0.7052300964965453,-2.2367031338760426
2.0541977791877564,-0.8803773344495102,-0.23867722427928223,-0.9527230432647524,-1.7445963878469255,-0.8179362642305311,-0.9414563391897133,-0.4999930923913805,-1.6863680714860492,-1.3590951547637042,-0.19789133110084717,0.4470866002977665
0.3840390276459069,-0.2443783831354927,0.977086813366818,-0.9278902208458244,-0.8766114178632773,-0.12137331440785742,0.42635588244419137,-0.7069910145722177,-0.3520377613165032,-0.6710611187622172,0.055778051597001166,0.4470866002977665
-0.952087973587572,-0.16487851422124092,-0.3255175126825752,-0.8037261087511844,-1.3974023998534661,-1.134555786877201,-0.863295640810633,-1.74198062547632,-0.08517169928259348,0.016972917239269796,1.66235080868338,0.4470866002977665
-1.8428393077432244,-0.5623778587925017,0.19552421773718215,-0.9030573984268965,-0.8766114178632773,-0.3746689325251933,-0.45295197432046164,-1.2527128094125382,2.4500558900395464,-1.1010823912631464,0.309447434294851,0.4470866002977665
0.6067268611848202,-0.04562871084986257,0.6297256597536466,-0.8782245760079684,-0.06649211254520598,-0.05804940987852345,-0.49203232351000176,-0.8838801480721784,-0.01845518377411456,0.10297717173945574,0.7322297387912664,0.4470866002977665
2.2768856127266686,-0.005878776392736454,1.4981285437865755,0.4130821897762874,-0.2979547712075123,-1.261203595935869,-0.9219161645949433,-0.04836126217869424,-2.1533836800453927,-1.1010823912631464,0.8167861996905492,0.4470866002977665
-0.17268055620137587,1.266119126235298,-1.9754829923451402,-0.6795619966565444,0.917224186769595,-0.8179362642305311,-1.6058222754118956,0.6027412930446101,0.515276940293702,1.221032480241872,-0.8743430182951124,-2.2367031338760426
0.8294146947237335,2.379117291034828,-1.1070801083122115,-0.6298963518186885,2.0166718154155494,-1.5778231185825387,-1.9575454181177567,0.8925383840977319,0.448560424785226,0.7910112077409422,-0.36700425289941424,-2.2367031338760426
-0.6180562232792015,-0.16487851422124092,-0.5860383778924542,-0.4312337724672644,-0.6451487592009714,0.005274494650810516,-0.49203232351000176,-1.696817442455047,-2.1533836800453927,1.307036734742058,1.66235080868338,0.4470866002977665
0.8294146947237335,-0.32387825204974496,0.36920479454376764,0.09025549833022346,-1.050208411860007,-0.05804940987852345,-0.06214848242506029,-0.7258090074977445,-0.7523368543673679,-0.7570653732624032,1.3241249650862474,0.4470866002977665
0.9407586114931897,-0.8008774655352581,-0.3255175126825752,-0.9278902208458244,0.16497054611709994,-0.6912884551718631,-0.6092733710786222,-0.12363323388080165,-1.0859194319097536,-0.4130483552616594,-1.2971253227915278,0.4470866002977665
-0.8407440568181148,0.39162056817852425,-1.454441261925383,0.9842371054116316,-0.703014423866548,0.4485418263561483,0.6803781521762022,0.8624295954168973,0.31512739376827115,-0.06903133726091613,-1.043455940093678,0.4470866002977665
1.0521025282626468,0.31212069926427205,-0.23867722427928223,1.9775500021687515,-0.9344770825288539,-1.134555786877201,-1.1173179105426438,-0.27417717728505825,-1.5529350404690943,-0.6710611187622172,2.000576652280513,0.4470866002977665
-1.0634318903570281,0.7096200438355332,-0.06499664747269676,-0.8285589311701125,-0.06649211254520598,-0.05804940987852345,-0.06214848242506029,-0.31181316313611196,-0.3520377613165032,-0.24103984626128802,-0.45156071379869706,0.4470866002977665
-0.3953683897402892,-0.08537864530698869,-0.49919808948916117,0.7607417036412795,-0.703014423866548,-0.6279645506425292,0.07463273973833018,-0.11610603671062433,-1.0859194319097536,-1.1010823912631464,0.14033451249628545,0.4470866002977665
0.050007277337537445,-0.7213775966210059,-0.5860383778924542,1.5057263762091195,-0.41368610053866506,2.791526293941505,0.9148602473134431,0.43337935671482664,-1.619651555977573,0.4469941897401995,-0.1133348702015644,0.4470866002977665
-0.6180562232792015,2.25986748766345,-1.454441261925383,0.06542267591129555,0.570030198776136,-1.007907977818533,-0.45295197432046164,0.4409065538850457,1.0490090643615215,-1.2730909002635182,-1.3816817836908106,0.4470866002977665
-0.061336639431918714,-0.8803773344495102,0.5428853713503535,0.31375090010057555,-1.2238054058567367,-0.43799283705452724,-0.45295197432046164,-0.7258090074977445,1.0490090643615215,-0.15503559176110207,1.3241249650862474,0.4470866002977665
-0.7294001400486586,-0.6418777277067537,-0.8465592431023328,0.04058985349236742,-0.7608800885321242,-0.12137331440785742,0.42635588244419137,0.10218268122552057,0.9155760333445666,-1.5311036637640756,-0.45156071379869706,0.4470866002977665
-0.5067123065097453,-0.9598772033637624,-0.41235780108586817,0.06542267591129555,-0.47155176520424164,0.005274494650810516,0.38727553325465125,0.403270568033992,0.24841087825979224,1.4790452437424297,-0.9588994791943952,0.4470866002977665
0.49538294441536407,0.23262083035002024,0.977086813366818,-0.9527230432647524,-0.8766114178632773,-0.881260168759865,0.9930209456925233,-0.8387169650509056,-0.685620338858889,0.18898142623964168,0.5631168169927009,0.4470866002977665
0.9407586114931897,1.8623681430921897,-1.628121838731969,-0.6050635293997605,1.1486868454319015,-1.261203595935869,-1.6644427991962059,0.7796304265445708,0.7821430023276118,0.8770154622411283,0.8167861996905492,-2.2367031338760426
2.3882295294961247,-0.2443783831354927,1.5849688321898683,-0.7292276414944004,0.6278958634417122,-1.3245275004652028,-0.15984935539891063,0.7043584548424634,-0.48547079233345813,-0.4130483552616594,-0.45156071379869706,0.4470866002977665
-0.7294001400486586,1.34561899514955,1.4981285437865755,-0.7788932863322565,-0.7608800885321242,0.2585701127681464,-0.4724921489152317,-1.0231332957210855,1.782890734954775,1.9950707707435444,1.3241249650862474,0.4470866002977665
-0.5067123065097453,-0.40337812096399717,1.6718091205931613,0.7607417036412795,0.16497054611709994,0.9551330625908201,1.501065485156545,0.5387601170978105,-0.2853212458080243,-0.32704410076147394,-0.9588994791943952,0.4470866002977665
-1.1747758071264842,1.1866192573210461,-1.454441261925383,-0.5553978845619044,-0.3558204358730885,-0.24802112346652536,0.7780790251500526,-0.31181316313611196,1.582741188429341,0.016972917239269796,-0.028778409302281614,0.4470866002977665
0.27269511087645076,-0.7213775966210059,-0.5860383778924542,-0.8782245760079684,-0.41368610053866506,-0.881260168759865,0.7585388505552826,-0.7408634018381827,0.18169436275131629,0.18898142623964168,0.4785603560934166,0.4470866002977665
-1.5088075574348547,-0.9996271378208885,-1.0202398199089184,0.5372463018709274,-0.008626447879629403,0.32189401729748035,-0.19892970458845077,0.16992745575745066,0.24841087825979224,-0.8430696277625891,-0.9588994791943952,0.4470866002977665
0.1613511941069936,1.0276195194925417,0.5428853713503535,-0.5553978845619044,-0.41368610053866506,0.2585701127681464,0.15279343811741045,-1.629072667923117,-1.0192029164012777,-0.6710611187622172,2.4233589567769283,0.4470866002977665
-0.28402447297083205,-1.4368764168492754,1.237607678576697,-0.18290554827798444,-0.2979547712075123,1.335076489766824,0.21141396190172065,-0.8688257537317821,-1.0859194319097536,0.2749856807398276,0.5631168169927009,0.4470866002977665
-2.0655271412821374,0.6301201749212809,-0.8465592431023328,-0.8037261087511844,-1.2238054058567367,-1.007907977818533,-0.9414563391897133,-1.7043446396252662,1.8496072504632508,-0.49905260976184534,1.5777943477840972,0.4470866002977665
-0.17268055620137587,0.4711204370927765,1.7586494089964544,1.7043889555605436,-0.24008910654193572,1.9683155350601635,0.8366995489343628,1.3818062001615137,-0.21860473029954836,-0.5850568642620313,-1.5507947054893763,0.4470866002977665
-0.061336639431918714,-0.9598772033637624,0.8034062365602325,-0.8782245760079684,-0.703014423866548,-1.071231882347867,-1.2736393073008045,-1.139804851859377,-0.9524864008927987,1.4790452437424297,0.7322297387912664,0.4470866002977665
-0.061336639431918714,-0.08537864530698869,0.4560450829470606,-0.10840708102120049,0.33856754011382967,0.005274494650810516,1.6183065327251656,0.45219734964035346,1.1824420953784764,0.5329984442403845,-0.19789133110084717,0.4470866002977665
-0.8407440568181148,-0.8008774655352581,-0.3255175126825752,-0.8037261087511844,-0.5872830945353948,0.6385135399441502,0.5826772792023519,-0.23654119143400454,1.782890734954775,1.7370580072429866,-0.1133348702015644,0.4470866002977665
-0.3953683897402892,-0.9598772033637624,-0.23867722427928223,-0.9527230432647524,-0.24008910654193572,0.4485418263561483,-0.39433145053615143,-1.3279847811146874,-0.01845518377411456,1.5650494982426149,0.4785603560934166,0.4470866002977665
-0.6180562232792015,-1.4766263513064015,0.4560450829470606,-0.8782245760079684,-0.24008910654193572,-0.5646406461131952,-1.0196170375687936,-1.4258383443274103,-0.48547079233345813,-0.06903133726091613,0.901342660589832,0.4470866002977665
0.1613511941069936,0.23262083035002024,-1.3676009735220902,-0.9278902208458244,0.2807018754482531,1.9049916305308296,1.2275030408297642,-0.12363323388080165,-0.8857698853843228,-0.6710611187622172,-1.212568861892245,0.4470866002977665
-1.5088075574348547,-0.5623778587925017,0.28236450614047515,-0.7292276414944004,-0.41368610053866506,-1.071231882347867,-0.9219161645949433,-1.550037097635921,-1.2193524629267085,-0.49905260976184534,0.8167861996905492,0.4470866002977665
-1.0634318903570281,2.617616897777585,-2.236003857555019,-0.7540604639133285,1.0329555161007482,-1.3878514049945367,-2.016165941902067,0.3882161736935538,1.9830402814802057,2.3390877887442882,-0.028778409302281614,-2.2367031338760426
1.7201660288793859,0.23262083035002024,0.8034062365602325,-0.058741436183344445,0.39643320477940625,-1.7677948321705406,-2.1724873386602277,1.2990070312891873,1.0490090643615215,1.307036734742058,0.8167861996905492,-2.2367031338760426
0.8294146947237335,0.6301201749212809,1.5849688321898683,0.6862432363844956,-0.703014423866548,-1.261203595935869,-0.19892970458845077,1.005446341650935,0.7154264868191358,2.1670792797439162,-0.5361171746979798,0.4470866002977665
2.0541977791877564,1.1866192573210461,1.237607678576697,-0.5802307069808325,0.9750898514351717,-1.5144992140532048,-1.996625767307297,0.2903626104808309,0.6487099713106569,2.425092043244474,2.8461412612733437,-2.2367031338760426
0.3840390276459069,-0.5623778587925017,0.28236450614047515,0.6365775915466395,-0.008626447879629403,-0.12137331440785742,0.6217576283918921,0.8549023982466782,-0.8190533698758439,0.2749856807398276,-1.3816817836908106,0.4470866002977665
0.27269511087645076,-0.8803773344495102,-0.7597189546990398,-0.8285589311701125,-0.24008910654193572,-0.881260168759865,-0.3747912759413814,0.2941262090659195,0.9822925488530455,0.18898142623964168,-0.5361171746979798,0.4470866002977665
0.1613511941069936,0.07362109252151577,-0.5860383778924542,2.0272156470066074,0.10710488145152376,1.335076489766824,1.6378467073199356,1.5323501435657285,-0.8190533698758439,-0.15503559176110207,-1.5507947054893763,0.4470866002977665
0.27269511087645076,0.23262083035002024,0.10868392933388919,-0.6050635293997605,2.4217314680745847,0.7651613490028182,-0.14030918080414057,1.005446341650935,0.6487099713106569,2.425092043244474,0.3940038951941338,-2.2367031338760426
1.163446445032103,-0.40337812096399717,0.4560450829470606,-0.7292276414944004,0.33856754011382967,-0.05804940987852345,0.016012215954019974,-0.7258090074977445,-0.8857698853843228,1.8230622617431727,0.8167861996905492,0.4470866002977665
-0.6180562232792015,-0.6418777277067537,0.10868392933388919,-0.7540604639133285,-0.5872830945353948,0.5751896354148163,-0.042608307830290224,-1.200022429221088,0.6487099713106569,0.18898142623964168,0.9858991214891163,0.4470866002977665
-0.28402447297083205,1.266119126235298,-0.15183693587598973,-0.04632502497388049,-0.8187457531977007,-0.12137331440785742,0.27003448568603083,-1.2677672037529764,0.448560424785226,-0.4130483552616594,2.000576652280513,0.4470866002977665
-0.3953683897402892,-0.6418777277067537,0.5428853713503535,0.8849058157359195,-0.703014423866548,0.9551330625908201,0.6412978029866622,0.6893040605020252,-0.15188821479106943,-0.24103984626128802,-1.043455940093678,0.4470866002977665
-0.6180562232792015,0.153120961435768,1.150767390173404,0.9842371054116316,0.39643320477940625,1.335076489766824,0.8562397235291329,0.3581073850127192,-0.8190533698758439,-0.24103984626128802,-0.8743430182951124,0.4470866002977665
1.831509945648842,-0.40337812096399717,0.890246524963525,-0.6795619966565444,0.04923921678594718,-0.12137331440785742,-0.17938952999368069,0.06454669537446688,-1.753084586994528,-0.5850568642620313,-0.5361171746979798,0.4470866002977665
0.7180707779542764,2.4586171599490805,0.10868392933388919,-0.6795619966565444,1.9588061507499728,-1.5144992140532048,-1.2931794818955746,1.005446341650935,0.9155760333445666,0.10297717173945574,-1.043455940093678,-2.2367031338760426
-0.8407440568181148,-0.8803773344495102,-0.41235780108586817,-0.8037261087511844,2.5953284620713144,0.5751896354148163,0.7976191997448226,-0.5752650640935297,1.449308157412386,1.307036734742058,0.309447434294851,0.4470866002977665
0.050007277337537445,-0.32387825204974496,0.10868392933388919,0.4627478346141434,-0.06649211254520598,1.018456967120154,1.422904786777465,-0.04836126217869424,0.048261331734361396,-1.0150781367629604,0.6476732778919837,0.4470866002977665
-1.0634318903570281,0.07362109252151577,-1.628121838731969,0.23925243284379158,-0.41368610053866506,0.19524620823881242,1.3642842629931546,0.177454652927628,-0.4187542768249792,1.8230622617431727,-0.5361171746979798,0.4470866002977665
0.7180707779542764,-0.32387825204974496,1.8454896973997472,-0.4312337724672644,-0.2979547712075123,-0.1846972189371914,0.6217576283918921,-0.9930245070402509,-1.3527854939436634,0.18898142623964168,0.6476732778919837,0.4470866002977665
2.0541977791877564,-0.5623778587925017,-0.6728786662957469,1.3318966192766237,-0.9344770825288539,-1.1978796914065348,-0.45295197432046164,0.6704860675764984,-0.6189038233504129,-0.9290738822627745,0.055778051597001166,0.4470866002977665
0.050007277337537445,2.0611178153778194,-2.4965247227648977,-0.7292276414944004,1.380149504094207,-0.881260168759865,-1.8403043705491364,0.6855404619169366,0.9155760333445666,0.8770154622411283,-0.36700425289941424,-2.2367031338760426
-1.3974636406653975,0.07362109252151577,0.6297256597536466,-0.04632502497388049,-0.8766114178632773,-0.5013167415838612,-0.5115724981047718,-1.1021688660083233,1.3158751263954314,-0.7570653732624032,0.9858991214891163,0.4470866002977665
-0.6180562232792015,-0.4828779898782494,0.10868392933388919,-1.0023886881026083,-0.8187457531977007,0.5751896354148163,-0.12076900620937049,-1.0494784858168313,0.5819934558021809,0.6190026987405703,0.14033451249628545,0.4470866002977665
-0.3953683897402892,-1.277876679020771,0.28236450614047515,-0.9775558656836805,-0.6451487592009714,0.8918091580614861,-0.8046751170263229,-1.6704722523593012,-1.753084586994528,-0.06903133726091613,0.901342660589832,0.4470866002977665
1.2747903618015592,-0.2443783831354927,1.5849688321898683,-0.9775558656836805,-0.47155176520424164,0.06859839918014449,0.5435969300128118,-0.12363323388080165,-0.6189038233504129,-0.8430696277625891,-0.5361171746979798,0.4470866002977665
1.6088221121099298,0.39162056817852425,0.10868392933388919,-0.6795619966565444,1.9009404860843961,0.06859839918014449,-0.8046751170263229,0.9301743699487857,0.515276940293702,1.8230622617431727,0.309447434294851,-2.2367031338760426
0.3840390276459069,-1.4368764168492754,-0.3255175126825752,-0.08357425860227258,1.8430748214188195,0.19524620823881242,1.0125611202872935,-0.04836126217869424,0.048261331734361396,-1.0150781367629604,0.3940038951941338,0.4470866002977665
-0.28402447297083205,-1.1188769411922665,0.5428853713503535,-0.7292276414944004,-0.5294174298698182,0.19524620823881242,0.09417291433310024,-0.650537035795637,0.24841087825979224,0.7910112077409422,0.14033451249628545,0.4470866002977665
-0.17268055620137587,-1.1983768101065189,0.8034062365602325,-0.6547291742376166,-0.6451487592009714,-0.8179362642305311,-0.3552511013466113,-0.6129010499445834,1.782890734954775,-0.7570653732624032,0.6476732778919837,0.4470866002977665
0.3840390276459069,-0.6418777277067537,0.5428853713503535,-0.7540604639133285,-0.41368610053866506,1.2717525852374898,0.8757798981239029,-1.1774408377104308,0.24841087825979224,-0.9290738822627745,1.3241249650862474,0.4470866002977665
-0.17268055620137587,-0.4828779898782494,-0.5860383778924542,-0.09599066981173653,0.2807018754482531,0.6385135399441502,1.774627929483326,0.5914504972893023,0.9822925488530455,1.3930409892422437,-0.9588994791943952,0.4470866002977665
1.0521025282626468,0.31212069926427205,-0.5860383778924542,2.6480362074798074,1.380149504094207,0.8284852535321521,2.126351072189187,1.475896164789148,-1.2860689784351873,0.7050069532407564,-0.1133348702015644,0.4470866002977665
0.27269511087645076,0.07362109252151577,-0.06499664747269676,0.8228237596885994,-1.6288650585157722,-1.071231882347867,-0.3161707521570712,-0.11610603671062433,-1.5529350404690943,-0.5850568642620313,0.6476732778919837,0.4470866002977665
0.49538294441536407,-1.1188769411922665,0.8034062365602325,0.13992114316807952,-0.6451487592009714,0.19524620823881242,0.7976191997448226,-0.16126921973185535,-1.1526359474182326,0.9630197167413141,0.7322297387912664,0.4470866002977665
-0.061336639431918714,-1.357376547935023,-0.15183693587598973,1.2325653296009116,0.4542988694449828,-0.05804940987852345,-0.570193021889082,0.4484337510552648,-0.21860473029954836,-1.5311036637640756,-0.6206736355972626,0.4470866002977665
-0.952087973587572,-0.5623778587925017,-0.3255175126825752,1.6298904883037595,0.10710488145152376,1.2717525852374898,0.2504943110912608,0.3129442019914464,-0.01845518377411456,-1.1870866457633324,0.14033451249628545,0.4470866002977665
-1.3974636406653975,-0.7213775966210059,-0.9333995315056256,2.7473674971555195,-0.24008910654193572,0.6385135399441502,-0.14030918080414057,1.7656932558422698,-0.01845518377411456,-0.4130483552616594,-1.4662382445900934,0.4470866002977665
-0.3953683897402892,-0.6418777277067537,-0.06499664747269676,-0.08357425860227258,0.6857615281072887,-0.12137331440785742,0.6608379775814321,-0.9440977254338894,0.048261331734361396,-0.15503559176110207,1.3241249650862474,0.4470866002977665
1.7201660288793859,-0.2443783831354927,2.192850851012919,-0.7788932863322565,2.5374627974057375,0.2585701127681464,-0.3357109267518412,1.118354299204096,0.515276940293702,2.0810750252437304,-0.1133348702015644,-2.2367031338760426
-0.8407440568181148,-0.4828779898782494,0.977086813366818,0.7607417036412795,0.04923921678594718,1.3984003942961578,1.6769270565094756,0.726940046353079,-0.4187542768249792,-0.32704410076147394,-1.2971253227915278,0.4470866002977665
1.0521025282626468,-0.08537864530698869,-0.3255175126825752,0.8849058157359195,-0.703014423866548,-0.6912884551718631,-0.15984935539891063,-0.010725276327640537,-1.753084586994528,-0.4130483552616594,0.901342660589832,0.4470866002977665
-0.952087973587572,0.07362109252151577,-0.49919808948916117,-0.8037261087511844,-0.8187457531977007,0.3852179218268143,0.309114834875571,-0.7258090074977445,1.64945770393782,-0.06903133726091613,0.14033451249628545,0.4470866002977665
1.0521025282626468,2.7766166356060893,-2.670205299571484,-0.8782245760079684,2.768925456068044,-1.5778231185825387,-2.0943266402811473,0.6629588704062793,1.3825916419039102,0.6190026987405703,-0.9588994791943952,-2.2367031338760426
-0.3953683897402892,2.617616897777585,0.021843640930596212,0.2889180776816474,2.0166718154155494,-1.5144992140532048,-1.3908803548694249,1.223735059587038,0.8488595178360907,1.4790452437424297,-0.28244779200013,-2.2367031338760426
-1.5088075574348547,-0.7213775966210059,0.10868392933388919,-0.9278902208458244,-1.3974023998534661,-0.12137331440785742,-0.45295197432046164,-2.144685674082603,-0.15188821479106943,-0.4130483552616594,2.042854882730155,0.4470866002977665
0.9407586114931897,0.8686197816640372,-0.41235780108586817,1.0587355726684153,0.570030198776136,0.19524620823881242,1.5401458343460852,1.231262256757257,-0.552187307841934,0.36098993524001355,-1.1280124009929609,0.4470866002977665
-0.6180562232792015,0.07362109252151577,0.36920479454376764,-0.033908613764416534,-1.050208411860007,0.19524620823881242,-0.3747912759413814,-1.026896894306216,0.9155760333445666,0.7910112077409422,1.5777943477840972,0.4470866002977665
-0.5067123065097453,0.23262083035002024,-0.23867722427928223,-0.7788932863322565,-0.41368610053866506,0.7651613490028182,1.3252039138036145,-0.4247211206892731,-0.6189038233504129,-1.1870866457633324,-0.8743430182951124,0.4470866002977665
-0.5067123065097453,0.39162056817852425,0.6297256597536466,1.3070637968576952,-1.16593974119116,-0.6912884551718631,-0.7460545932420126,-0.44730271219993034,-0.8190533698758439,-0.6710611187622172,1.2395685041869646,0.4470866002977665
1.163446445032103,-0.9598772033637624,0.4560450829470606,-0.7788932863322565,0.10710488145152376,-0.944584073289199,-0.7069742440524726,-0.12363323388080165,-0.48547079233345813,-0.49905260976184534,-0.7052300964965453,0.4470866002977665
-0.3953683897402892,-0.4828779898782494,0.36920479454376764,2.2507110487769593,1.2065525100974779,0.7018374444734842,0.8366995489343628,1.9087100020763073,2.2499063435141156,-0.32704410076147394,-0.7052300964965453,0.4470866002977665
0.27269511087645076,-0.8803773344495102,0.021843640930596212,1.2573981520198394,0.33856754011382967,1.145104776178822,0.8757798981239029,1.1559902850551498,1.1824420953784764,-0.7570653732624032,-0.6206736355972626,0.4470866002977665
-0.3953683897402892,-0.5623778587925017,-0.06499664747269676,2.0023828245876794,0.2228362107826765,-0.8179362642305311,0.44589605703896146,1.6264401081933628,0.9822925488530455,-0.15503559176110207,-1.043455940093678,0.4470866002977665
-0.3953683897402892,-0.40337812096399717,1.3244479669799898,0.4875806570330716,-0.06649211254520598,1.7783438214721616,1.2275030408297642,0.7570488350339554,-0.15188821479106943,-0.49905260976184534,-1.1280124009929609,0.4470866002977665
1.163446445032103,1.5046187329780547,0.7165659481569395,-0.5802307069808325,1.9588061507499728,-1.1978796914065348,-1.4495008786537351,1.7205300728210389,1.3825916419039102,0.9630197167413141,0.055778051597001166,-2.2367031338760426
1.163446445032103,-0.2443783831354927,0.977086813366818,0.5372463018709274,-0.18222344187635914,0.6385135399441502,0.9539405965029832,0.7419944406935172,-0.3520377613165032,-0.6710611187622172,-0.028778409302281614,0.4470866002977665
2.4995734462655808,-0.32387825204974496,0.28236450614047515,1.3815622641144794,-0.2979547712075123,1.145104776178822,2.1068108975944173,1.3065342284593644,-1.2193524629267085,-0.8430696277625891,-0.19789133110084717,0.4470866002977665
0.49538294441536407,-0.40337812096399717,1.0639271017701109,0.2640852552627195,-1.5131337291846192,-0.5646406461131952,0.09417291433310024,-0.4247211206892731,-0.6189038233504129,0.36098993524001355,0.7322297387912664,0.4470866002977665
0.1613511941069936,-0.16487851422124092,1.5849688321898683,-0.9278902208458244,-0.9923427471944305,0.06859839918014449,-0.4138716251309215,-1.74198062547632,-1.0192029164012777,-1.5311036637640756,1.3241249650862474,0.4470866002977665
-0.5067123065097453,0.7096200438355332,-1.8018024155385546,-0.7292276414944004,1.6116121627565132,-0.05804940987852345,-1.429960704058965,0.6065048916296987,0.9155760333445666,-0.24103984626128802,-1.043455940093678,-2.2367031338760426
-1.1747758071264842,-0.4828779898782494,-0.5860383778924542,0.6117447691277116,-0.24008910654193572,-0.6279645506425292,-0.14030918080414057,0.2602538217999545,1.0490090643615215,0.6190026987405703,-0.1133348702015644,0.4470866002977665
1.4974781953404734,-0.2443783831354927,1.237607678576697,0.7110760588034234,0.6278958634417122,0.06859839918014449,0.36773535865988116,1.231262256757257,0.7154264868191358,2.2530835342441025,0.4785603560934166,0.4470866002977665
0.9407586114931897,-1.1188769411922665,1.6718091205931613,-0.9030573984268965,-0.18222344187635914,0.2585701127681464,0.38727553325465125,-1.3279847811146874,-0.4187542768249792,-0.9290738822627745,1.1550120432876818,0.4470866002977665
-0.952087973587572,-0.4828779898782494,-0.06499664747269676,-0.9278902208458244,-0.703014423866548,0.7018374444734842,-0.257550228372761,-1.1021688660083233,0.7821430023276118,0.4469941897401995,0.14033451249628545,0.4470866002977665
0.1613511941069936,-0.4828779898782494,-0.23867722427928223,-0.9278902208458244,-0.47155176520424164,0.005274494650810516,-0.17938952999368069,-0.8236625707105092,-0.2853212458080243,0.18898142623964168,0.3940038951941338,0.4470866002977665
-0.7294001400486586,-0.16487851422124092,0.8034062365602325,0.3882493673573595,-0.5294174298698182,0.7651613490028182,0.9148602473134431,0.5161785255871532,-0.48547079233345813,-0.5850568642620313,-1.1280124009929609,0.4470866002977665
-0.061336639431918714,1.9021180775493158,-1.3676009735220902,-0.6795619966565444,1.6116121627565132,-0.7546123597011971,-1.5667419262223554,0.8172664123956246,1.2491586108869552,0.7050069532407564,-0.45156071379869706,-2.2367031338760426
1.7201660288793859,0.4711204370927765,-0.9333995315056256,-0.5305650621429765,2.4217314680745847,-0.8179362642305311,-1.2150187835164943,1.5323501435657285,0.7821430023276118,1.6510537527428006,-0.8743430182951124,-2.2367031338760426
-0.061336639431918714,-0.16487851422124092,-0.49919808948916117,1.8037202452362553,-0.47155176520424164,-0.12137331440785742,0.309114834875571,0.5989776944594796,-1.1526359474182326,1.221032480241872,-0.19789133110084717,0.4470866002977665
0.8294146947237335,0.8686197816640372,0.021843640930596212,1.0587355726684153,-0.008626447879629403,-0.5646406461131952,1.9700296754310267,1.118354299204096,-1.0859194319097536,0.8770154622411283,-1.212568861892245,0.4470866002977665
0.6067268611848202,2.2996174221205763,-2.409684434361605,-0.7788932863322565,2.7110597914024677,-0.3746689325251933,-0.4138716251309215,0.403270568033992,0.8488595178360907,0.2749856807398276,-0.45156071379869706,-2.2367031338760426
-0.6180562232792015,0.8686197816640372,-1.0202398199089184,1.0835683950873436,-0.2979547712075123,-0.1846972189371914,0.4849764062285016,0.15110946283192384,0.048261331734361396,0.18898142623964168,0.2925361421149948,0.4470866002977665
-0.17268055620137587,-0.8008774655352581,-0.41235780108586817,1.6795561331416153,-0.5872830945353948,1.9049916305308296,0.6217576283918921,0.4898333354914072,-1.3527854939436634,0.4469941897401995,-0.1133348702015644,0.4470866002977665
-0.8407440568181148,-0.08537864530698869,0.10868392933388919,-0.9278902208458244,0.2228362107826765,0.06859839918014449,1.2665833900193042,-0.47741150088076495,0.3818439092767471,-0.5850568642620313,-0.45156071379869706,0.4470866002977665
-0.7294001400486586,-0.32387825204974496,-1.1070801083122115,0.6862432363844956,-0.008626447879629403,0.8918091580614861,1.2861235646140743,0.8549023982466782,0.048261331734361396,-0.32704410076147394,-1.3816817836908106,0.4470866002977665
-0.5067123065097453,-0.6418777277067537,0.19552421773718215,2.2010454039391036,-0.3558204358730885,-0.3746689325251933,0.36773535865988116,1.1371722921296228,0.8488595178360907,0.4469941897401995,-0.19789133110084717,0.4470866002977665
1.163446445032103,-0.40337812096399717,-0.23867722427928223,0.8104073484791353,-0.5872830945353948,2.601554580353503,1.5987663581303955,0.6516680746509715,-0.685620338858889,0.4469941897401995,-0.5361171746979798,0.4470866002977665
1.163446445032103,-0.4828779898782494,-0.41235780108586817,2.2507110487769593,-0.2979547712075123,0.6385135399441502,2.4976143894898186,1.7581660586720924,-1.2860689784351873,0.5329984442403845,-1.6353511663886604,0.4470866002977665
0.050007277337537445,0.31212069926427205,-0.06499664747269676,0.3882493673573595,-1.16593974119116,-0.24802112346652536,-0.6483537202681623,-0.12363323388080165,1.1824420953784764,-0.7570653732624032,0.6476732778919837,0.4470866002977665
-0.061336639431918714,-1.1188769411922665,-0.06499664747269676,-0.7292276414944004,-0.06649211254520598,-1.134555786877201,-0.06214848242506029,-0.9064617395828357,-0.4187542768249792,0.016972917239269796,0.8167861996905492,0.4470866002977665
0.8294146947237335,-1.277876679020771,-0.15183693587598973,-0.9030573984268965,-1.1080740765255834,-1.3245275004652028,-1.0977777359478738,-0.27417717728505825,0.8488595178360907,-1.0150781367629604,-0.45156071379869706,0.4470866002977665
-0.061336639431918714,-0.16487851422124092,-0.06499664747269676,0.8104073484791353,-1.281671070522313,0.2585701127681464,-0.15984935539891063,-0.9365705282636703,-1.4862185249606181,-1.1870866457633324,1.4086814259855318,0.4470866002977665
0.050007277337537445,0.07362109252151577,0.021843640930596212,0.36341654493843156,-0.9923427471944305,0.4485418263561483,-0.10122883161460043,-0.5940830570190565,1.0490090643615215,0.6190026987405703,1.3241249650862474,0.4470866002977665
-0.8407440568181148,-1.1983768101065189,0.19552421773718215,-0.9527230432647524,0.5121645341105594,-0.6279645506425292,-0.7460545932420126,-1.1021688660083233,0.6487099713106569,-0.4130483552616594,0.22489097339556824,0.4470866002977665
-0.061336639431918714,-0.005878776392736454,0.19552421773718215,1.9278843573308952,-0.5872830945353948,0.13192230370947847,-0.08168865701983036,0.5538145114382068,-1.2193524629267085,1.221032480241872,-0.19789133110084717,0.4470866002977665
-0.17268055620137587,-0.005878776392736454,0.10868392933388919,0.6614104139655674,0.2228362107826765,0.2585701127681464,0.44589605703896146,0.7419944406935172,-0.552187307841934,-1.1010823912631464,-1.3816817836908106,0.4470866002977665
-0.28402447297083205,-0.4828779898782494,0.021843640930596212,-0.8906409872174325,0.7436271927728654,-0.02638745761385647,1.9114091516467164,-0.018252473497859634,-0.4187542768249792,0.18898142623964168,-0.9588994791943952,0.4470866002977665
-1.5088075574348547,0.31212069926427205,0.5428853713503535,-0.9775558656836805,-0.5872830945353948,-1.5778231185825387,-0.9414563391897133,-1.4032567528167947,0.9822925488530455,-1.4450994092638898,0.6476732778919837,0.4470866002977665
-0.28402447297083205,0.153120961435768,0.4560450829470606,0.4130821897762874,-0.3558204358730885,0.19524620823881242,-0.08168865701983036,-1.0156060985508664,-1.6863680714860492,-1.7031121727644476,1.3241249650862474,0.4470866002977665
0.050007277337537445,-0.7213775966210059,-0.23867722427928223,1.4063950865334074,-0.5294174298698182,0.06859839918014449,-0.06214848242506029,-0.1424512268063285,-1.1526359474182326,0.36098993524001355,0.7322297387912664,0.4470866002977665
-2.0655271412821374,0.31212069926427205,-0.41235780108586817,0.4627478346141434,-0.8187457531977007,0.32189401729748035,-0.0035279586407500917,-0.7709721905190173,1.0490090643615215,-0.9290738822627745,0.7322297387912664,0.4470866002977665
0.1613511941069936,1.266119126235298,-2.670205299571484,-0.6795619966565444,1.0908211807663248,-1.5144992140532048,-2.074786465686377,0.46725174398079167,1.1824420953784764,0.6190026987405703,0.22489097339556824,-2.2367031338760426
-0.3953683897402892,0.23262083035002024,-0.3255175126825752,0.31375090010057555,0.6278958634417122,-0.5013167415838612,0.309114834875571,0.6667224689914097,0.515276940293702,-0.15503559176110207,-0.45156071379869706,0.4470866002977665
-0.8407440568181148,0.6301201749212809,-0.5860383778924542,-0.033908613764416534,-0.6451487592009714,0.8918091580614861,0.34819518406511113,-0.8236625707105092,0.048261331734361396,-0.6710611187622172,0.4785603560934166,0.4470866002977665
1.4974781953404734,-1.357376547935023,0.4560450829470606,0.9594042829927036,-1.281671070522313,-1.134555786877201,-1.175938434326954,0.629086483140356,-0.6189038233504129,-1.3590951547637042,0.3517256647444932,0.4470866002977665
-0.28402447297083205,0.23262083035002024,-0.06499664747269676,0.8849058157359195,0.6278958634417122,-0.43799283705452724,0.6217576283918921,0.8360844053211514,1.582741188429341,1.135028225741686,0.309447434294851,0.4470866002977665
2.1655416959572125,2.220117553206324,0.7165659481569395,-0.6547291742376166,2.7110597914024677,-1.6411470231118728,-1.9184650689282168,1.7581660586720924,0.9822925488530455,0.6190026987405703,-0.28244779200013,-2.2367031338760426
-0.17268055620137587,-0.9598772033637624,0.19552421773718215,-0.9030573984268965,-0.9923427471944305,-0.5646406461131952,-0.6483537202681623,-1.5274555061252637,-0.9524864008927987,0.9630197167413141,1.4086814259855318,0.4470866002977665
1.2747903618015592,-1.5163762857635275,1.5849688321898683,-0.9278902208458244,-0.3558204358730885,0.7651613490028182,0.7780790251500526,-0.19890520558295086,-0.6189038233504129,-0.24103984626128802,-0.7897865573958297,0.4470866002977665
-0.6180562232792015,-1.1983768101065189,0.10868392933388919,0.9469878717832395,-0.5872830945353948,0.4485418263561483,-0.042608307830290224,0.21132704019359302,-0.21860473029954836,-0.8430696277625891,0.055778051597001166,0.4470866002977665
0.27269511087645076,-0.2443783831354927,0.6297256597536466,-0.7292276414944004,0.2228362107826765,-0.5013167415838612,0.6999183267709723,-1.026896894306216,-0.6189038233504129,0.10297717173945574,0.3940038951941338,0.4470866002977665
0.9407586114931897,2.538117028863333,1.4981285437865755,-0.8037261087511844,3.0003881147303506,-1.071231882347867,-0.4724921489152317,0.8172664123956246,-0.21860473029954836,0.9630197167413141,-0.9588994791943952,-2.2367031338760426
0.6067268611848202,0.8686197816640372,-1.454441261925383,1.4312279089523352,-0.12435777721078256,-0.8179362642305311,-0.49203232351000176,0.7419944406935172,-0.01845518377411456,-1.5311036637640756,0.055778051597001166,0.4470866002977665
0.050007277337537445,-1.1188769411922665,0.5428853713503535,-0.8533917535890405,-1.16593974119116,-0.31134502799585934,-0.8828358154054031,-0.650537035795637,0.515276940293702,-0.4130483552616594,0.14033451249628545,0.4470866002977665
1.831509945648842,2.657366832234711,-0.49919808948916117,-0.7292276414944004,2.0166718154155494,-1.4511753095238709,-1.8012240213595963,1.588804122342309,0.3818439092767471,0.7910112077409422,-0.5361171746979798,-2.2367031338760426
-2.1768710580515935,0.31212069926427205,-0.49919808948916117,0.7110760588034234,-0.9923427471944305,-0.43799283705452724,-0.08168865701983036,-0.5715014655083992,1.1157255798700003,-0.9290738822627745,0.5631168169927009,0.4470866002977665
-0.8407440568181148,0.07362109252151577,-1.2807606851187971,0.5124134794519994,-0.18222344187635914,-0.05804940987852345,0.309114834875571,0.3656345821829383,-0.2853212458080243,-0.32704410076147394,-0.8743430182951124,0.4470866002977665
-0.6180562232792015,0.23262083035002024,-0.9333995315056256,2.4742064505473116,0.6857615281072887,0.3852179218268143,0.8171593743395927,1.6452581011188896,-0.6189038233504129,-0.49905260976184534,-1.3816817836908106,0.4470866002977665
0.49538294441536407,-0.32387825204974496,1.5849688321898683,-0.9527230432647524,-0.6451487592009714,0.13192230370947847,0.6999183267709723,-0.7258090074977445,-0.48547079233345813,0.2749856807398276,0.3940038951941338,0.4470866002977665
0.3840390276459069,-0.40337812096399717,0.19552421773718215,1.7043889555605436,0.5121645341105594,1.0817808716494879,0.13325326352264039,1.1296450949594037,-0.8190533698758439,0.36098993524001355,-0.5361171746979798,0.4470866002977665
0.8294146947237335,-0.40337812096399717,-0.06499664747269676,-0.8037261087511844,0.6278958634417122,-0.6912884551718631,-1.6058222754118956,0.3656345821829383,0.448560424785226,-0.32704410076147394,0.14033451249628545,-2.2367031338760426
-1.2861197238959414,-0.5623778587925017,0.7165659481569395,-0.8533917535890405,0.33856754011382967,0.3852179218268143,0.7389986759605125,-0.27417717728505825,-0.08517169928259348,0.10297717173945574,-1.1280124009929609,0.4470866002977665
-0.5067123065097453,1.0276195194925417,1.5849688321898683,0.6862432363844956,-0.18222344187635914,-0.944584073289199,0.9539405965029832,0.6667224689914097,-0.7523368543673679,-1.1870866457633324,-1.6353511663886604,0.4470866002977665
0.7180707779542764,-0.32387825204974496,0.19552421773718215,-0.7292276414944004,0.6278958634417122,-0.7546123597011971,1.0711816440716035,0.177454652927628,-0.01845518377411456,0.4469941897401995,-0.6206736355972626,0.4470866002977665
-0.28402447297083205,1.1866192573210461,-0.5860383778924542,-0.8037261087511844,1.6694778274220898,-0.8179362642305311,-1.683982973790976,0.3279985963318846,1.1157255798700003,0.7910112077409422,-0.028778409302281614,-2.2367031338760426
-0.17268055620137587,-0.8008774655352581,2.713892581432676,0.36341654493843156,-0.41368610053866506,-1.5144992140532048,-0.14030918080414057,-0.13116043105102074,-1.753084586994528,0.7050069532407564,-0.36700425289941424,0.4470866002977665
1.163446445032103,-1.0393770722780147,0.5428853713503535,-1.0023886881026083,0.04923921678594718,0.32189401729748035,-0.21846987918322083,-1.4521835344231562,-2.2201001955538686,-0.5850568642620313,1.7469072695826628,-2.2367031338760426
0.7180707779542764,-1.1188769411922665,0.36920479454376764,-0.8285589311701125,-0.06649211254520598,0.7651613490028182,0.6608379775814321,-0.19890520558295086,0.9155760333445666,1.5650494982426149,0.3940038951941338,0.4470866002977665
0.6067268611848202,-1.1188769411922665,0.28236450614047515,-0.8782245760079684,-0.7608800885321242,-1.134555786877201,-0.3552511013466113,-0.8010809791998519,-1.1526359474182326,1.9950707707435444,0.309447434294851,0.4470866002977665
2.4995734462655808,1.981617946463568,-1.1070801083122115,-0.8285589311701125,1.7273434920876665,-1.3245275004652028,-1.9380052435229866,0.6893040605020252,-0.48547079233345813,-0.15503559176110207,-0.6206736355972626,-2.2367031338760426
1.6088221121099298,-1.1188769411922665,0.021843640930596212,0.43791501219521556,-0.5872830945353948,-0.12137331440785742,0.23095413649649071,0.21509063877872348,-0.8190533698758439,-1.6171079182642616,-0.028778409302281614,0.4470866002977665
-0.5067123065097453,1.1866192573210461,0.021843640930596212,0.01575703107343951,-1.2238054058567367,-1.007907977818533,-0.9414563391897133,-0.8575349579764324,0.24841087825979224,0.7910112077409422,0.7322297387912664,0.4470866002977665
0.49538294441536407,-0.2443783831354927,-0.49919808948916117,1.7292217779794716,0.2807018754482531,-0.3746689325251933,0.5435969300128118,1.3818062001615137,-0.8190533698758439,0.9630197167413141,-1.212568861892245,0.4470866002977665
0.49538294441536407,2.1406176842920717,-2.670205299571484,-0.7292276414944004,0.917224186769595,-1.5144992140532048,-2.1334069894706875,0.6366136803105333,1.516024672920865,0.6190026987405703,0.5631168169927009,-2.2367031338760426
0.27269511087645076,-0.005878776392736454,1.6718091205931613,2.0768812918444635,0.4542988694449828,2.348258962236167,1.4619851359670049,1.6076221152678358,-1.4195020094521422,-0.32704410076147394,-1.212568861892245,0.4470866002977665
1.2747903618015592,-0.40337812096399717,0.5428853713503535,-0.7540604639133285,1.380149504094207,1.0817808716494879,0.7585388505552826,0.3656345821829383,0.9822925488530455,1.6510537527428006,0.22489097339556824,0.4470866002977665
0.3840390276459069,-0.16487851422124092,-0.15183693587598973,-0.08357425860227258,-1.1080740765255834,-0.24802112346652536,0.6803781521762022,-0.31181316313611196,-1.0192029164012777,-2.1331334452653765,-0.028778409302281614,0.4470866002977665
-1.5088075574348547,-0.9598772033637624,-0.41235780108586817,-0.8782245760079684,-1.050208411860007,-1.1978796914065348,-0.863295640810633,-1.290348795263592,0.18169436275131629,-1.1870866457633324,0.22489097339556824,0.4470866002977665
0.27269511087645076,-1.0393770722780147,0.021843640930596212,-0.9527230432647524,-0.18222344187635914,-0.6912884551718631,-0.9219161645949433,-0.5376290782424342,0.6487099713106569,-0.9290738822627745,0.14033451249628545,0.4470866002977665
0.1613511941069936,-0.8008774655352581,0.19552421773718215,-0.9278902208458244,-0.5294174298698182,0.19524620823881242,-0.45295197432046164,-1.0570056829870504,-0.7523368543673679,2.0810750252437304,0.4785603560934166,0.4470866002977665
-0.28402447297083205,0.789119912749785,-2.5833650111681905,-0.5305650621429765,-0.008626447879629403,0.5118657308854823,0.32865500947034104,0.10218268122552057,0.11497784724284033,-1.3590951547637042,-0.9588994791943952,0.4470866002977665
-0.8407440568181148,-0.6021277932496277,0.28236450614047515,-0.7540604639133285,-0.703014423866548,-1.7044709276412067,-0.06214848242506029,-1.3580935697955219,1.1824420953784764,-0.5850568642620313,1.3241249650862474,0.4470866002977665
1.163446445032103,-0.08537864530698869,2.800732869835969,-0.8285589311701125,1.9009404860843961,-0.944584073289199,-1.7816838467648262,0.7344672435232981,0.515276940293702,2.3390877887442882,0.14033451249628545,-2.2367031338760426
-0.5067123065097453,0.153120961435768,-0.5860383778924542,2.3748751608715994,-0.008626447879629403,-0.6912884551718631,-0.4724921489152317,0.23767223028933898,-1.0859194319097536,-1.7891164272646334,0.7322297387912664,0.4470866002977665
-1.3974636406653975,-0.36362818650687107,-0.23867722427928223,0.4875806570330716,-0.703014423866548,0.9551330625908201,0.5826772792023519,-0.35321274757225435,0.9155760333445666,-0.5850568642620313,0.14033451249628545,0.4470866002977665
0.050007277337537445,2.4586171599490805,-1.1070801083122115,-0.8533917535890405,0.8014928574384419,-1.5144992140532048,-1.3713401802746548,0.4409065538850457,-0.9524864008927987,0.7910112077409422,-1.1280124009929609,-2.2367031338760426
0.9407586114931897,1.4251188640638024,1.5849688321898683,0.5124134794519994,-0.2979547712075123,-0.12137331440785742,0.5631371046075818,0.4785425397360994,-0.08517169928259348,-1.5311036637640756,-0.5361171746979798,0.4470866002977665
-1.0634318903570281,-1.1983768101065189,-0.3255175126825752,1.7540546003983994,-1.050208411860007,0.5118657308854823,-0.43341179972569155,0.03443790669363227,-0.48547079233345813,-1.4450994092638898,0.14033451249628545,0.4470866002977665
1.6088221121099298,1.6636184708065591,-0.7597189546990398,-0.5553978845619044,2.074537480081126,-1.7044709276412067,-1.996625767307297,1.0882455105232614,0.24841087825979224,0.5329984442403845,-0.6206736355972626,-2.2367031338760426
0.3840390276459069,0.23262083035002024,-0.7597189546990398,-0.8782245760079684,-0.24008910654193572,0.7651613490028182,1.0907218186663736,-0.4021395291786576,-0.552187307841934,-0.4130483552616594,-0.6206736355972626,0.4470866002977665
-1.0634318903570281,1.8226182086350635,-2.1491635691517263,-0.7788932863322565,0.10710488145152376,0.4485418263561483,-0.6092733710786222,-0.5903194584339261,0.515276940293702,-0.06903133726091613,-0.07105663975192225,-2.2367031338760426
1.3861342785710153,-0.2443783831354927,0.977086813366818,-0.7788932863322565,-0.9923427471944305,-0.05804940987852345,-0.5311126726995419,-0.8387169650509056,-0.8857698853843228,-1.0150781367629604,0.6476732778919837,0.4470866002977665
-1.1747758071264842,-0.7213775966210059,-0.15183693587598973,-0.18290554827798444,-0.6451487592009714,2.4115828667655013,0.46543623163373155,-0.6731186273062526,-0.6189038233504129,1.9950707707435444,0.14033451249628545,0.4470866002977665
-2.510902808359963,0.19287089589289413,-1.454441261925383,-0.9030573984268965,-0.703014423866548,2.4115828667655013,0.9344004219082132,-0.6806458244764717,1.64945770393782,-0.4130483552616594,-0.1133348702015644,0.4470866002977665
0.050007277337537445,-0.8008774655352581,-0.23867722427928223,0.9097386381548473,-0.18222344187635914,0.3852179218268143,1.9700296754310267,0.5538145114382068,0.18169436275131629,0.2749856807398276,-0.19789133110084717,0.4470866002977665
-0.17268055620137587,-0.32387825204974496,-0.23867722427928223,2.0768812918444635,1.6116121627565132,1.208428680708156,0.8366995489343628,1.4947141577146748,-1.2860689784351873,-1.1010823912631464,-1.7199076272879432,0.4470866002977665
-1.2861197238959414,-0.6418777277067537,-0.3255175126825752,-0.7788932863322565,-0.2979547712075123,-0.43799283705452724,-1.0000768629740235,-0.23654119143400454,1.0490090643615215,-1.7031121727644476,-1.043455940093678,0.4470866002977665
0.49538294441536407,-0.4828779898782494,0.4560450829470606,-0.7168112302849365,0.10710488145152376,0.005274494650810516,-0.39433145053615143,-0.7258090074977445,-0.21860473029954836,-0.5850568642620313,0.14033451249628545,0.4470866002977665
-1.1747758071264842,-1.0393770722780147,-0.15183693587598973,-0.08357425860227258,-0.9344770825288539,2.348258962236167,0.32865500947034104,-0.8801165494870897,-0.08517169928259348,-1.1010823912631464,0.5631168169927009,0.4470866002977665
1.0521025282626468,-0.32387825204974496,-0.3255175126825752,-0.8037261087511844,-0.8187457531977007,-0.3746689325251933,0.035552390548790044,-1.1473320490295962,-1.6863680714860492,0.016972917239269796,1.070455582388399,0.4470866002977665
1.2747903618015592,2.1008677498349453,-0.7597189546990398,-0.7043948190754724,1.6694778274220898,-1.1978796914065348,-1.078237561353104,1.0430823275019885,0.448560424785226,0.016972917239269796,-1.212568861892245,-2.2367031338760426
-0.17268055620137587,-1.0393770722780147,-0.23867722427928223,1.2077325071819836,-0.5294174298698182,-0.12137331440785742,-0.14030918080414057,0.049492301034070464,-0.7523368543673679,-0.49905260976184534,0.22489097339556824,0.4470866002977665
-0.6180562232792015,-0.7213775966210059,1.5849688321898683,0.6365775915466395,0.33856754011382967,0.7018374444734842,0.602217453797122,0.3279985963318846,0.31512739376827115,0.10297717173945574,-0.45156071379869706,0.4470866002977665
0.6067268611848202,-0.005878776392736454,0.890246524963525,-0.6298963518186885,0.9750898514351717,0.19524620823881242,-1.175938434326954,0.3731617793531574,0.7821430023276118,2.9411175702455887,0.6476732778919837,-2.2367031338760426
-0.8407440568181148,-0.4828779898782494,-0.8465592431023328,2.6356197962703436,-0.5294174298698182,-0.1846972189371914,0.7585388505552826,1.6076221152678358,1.716174219446296,1.135028225741686,-0.8743430182951124,0.4470866002977665
0.1613511941069936,-0.8803773344495102,0.021843640930596212,0.6117447691277116,0.2807018754482531,0.06859839918014449,1.774627929483326,0.7307036449382094,0.5819934558021809,0.7050069532407564,-0.19789133110084717,0.4470866002977665
-0.7294001400486586,-0.8803773344495102,0.8034062365602325,-0.8533917535890405,-0.6451487592009714,0.2585701127681464,-0.257550228372761,-0.8387169650509056,1.582741188429341,-0.06903133726091613,0.6476732778919837,0.4470866002977665
0.050007277337537445,-1.1983768101065189,-0.49919808948916117,2.325209516033744,-0.24008910654193572,-0.24802112346652536,0.5631371046075818,1.5323501435657285,-2.0866671645369137,-0.4130483552616594,-1.212568861892245,0.4470866002977665
-1.3974636406653975,-1.6753760235920319,-0.3255175126825752,-0.9030573984268965,-0.06649211254520598,-0.6279645506425292,-0.39433145053615143,-0.4247211206892731,0.31512739376827115,-0.4130483552616594,-0.9588994791943952,0.4470866002977665
-0.28402447297083205,-0.8803773344495102,-0.06499664747269676,-0.8782245760079684,-1.3395367351878895,-0.881260168759865,-0.863295640810633,-1.087114471667885,-0.7523368543673679,-0.5850568642620313,0.309447434294851,0.4470866002977665
-0.6180562232792015,-0.7213775966210059,2.192850851012919,2.3748751608715994,0.39643320477940625,-0.24802112346652536,0.7585388505552826,1.5323501435657285,-1.619651555977573,-0.9290738822627745,-1.2971253227915278,0.4470866002977665
-1.7314953909737671,-0.9996271378208885,-1.0202398199089184,0.5372463018709274,-0.008626447879629403,0.32189401729748035,-0.19892970458845077,0.16992745575745066,0.24841087825979224,-0.8430696277625891,-0.9588994791943952,0.4470866002977665
0.050007277337537445,-1.1188769411922665,0.977086813366818,-0.9775558656836805,1.5537464980909366,-0.7546123597011971,-0.9609965137844834,-1.0908780702530156,0.6487099713106569,0.9630197167413141,0.6476732778919837,0.4470866002977665
-1.2861197238959414,-0.08537864530698869,0.977086813366818,-0.9527230432647524,-0.703014423866548,-0.7546123597011971,-0.14030918080414057,-1.9640329419975535,-0.8190533698758439,-0.4130483552616594,1.66235080868338,0.4470866002977665
2.2768856127266686,2.1406176842920717,-0.49919808948916117,-0.7292276414944004,3.231850773392656,-1.4511753095238709,-1.9380052435229866,1.415678587427437,0.31512739376827115,1.8230622617431727,-0.8743430182951124,-2.2367031338760426
-0.28402447297083205,-0.7213775966210059,-0.7597189546990398,-0.9278902208458244,-0.5872830945353948,-1.6411470231118728,0.07463273973833018,-1.1096960631785424,-0.8190533698758439,-1.1870866457633324,0.4785603560934166,0.4470866002977665
0.6067268611848202,1.6636184708065591,0.8034062365602325,-0.6795619966565444,0.6857615281072887,-1.1978796914065348,-1.9575454181177567,0.3054170048212273,0.24841087825979224,1.135028225741686,0.9858991214891163,-2.2367031338760426
-0.6180562232792015,-1.277876679020771,0.8034062365602325,-0.9030573984268965,0.2807018754482531,1.9049916305308296,0.5045165808232717,-1.0570056829870504,-0.3520377613165032,1.4790452437424297,0.309447434294851,0.4470866002977665
-0.952087973587572,0.5506203060070287,1.4112882553832824,-0.8782245760079684,0.16497054611709994,1.7783438214721616,1.755087754888556,-0.31557676172120064,0.11497784724284033,-0.06903133726091613,-0.8743430182951124,0.4470866002977665
2.4995734462655808,1.1866192573210461,-0.6728786662957469,-0.5802307069808325,2.479597132740161,-0.8179362642305311,-0.843755466215863,1.9915091709486339,-0.48547079233345813,0.016972917239269796,-1.043455940093678,-2.2367031338760426
-1.2861197238959414,-0.7213775966210059,-0.15183693587598973,-0.9030573984268965,-0.703014423866548,-0.3746689325251933,-1.0196170375687936,-1.986614533508169,0.11497784724284033,-1.3590951547637042,1.66235080868338,0.4470866002977665
-0.8407440568181148,0.5506203060070287,-1.1070801083122115,0.6117447691277116,2.7110597914024677,-0.1846972189371914,1.4619851359670049,1.4307329817678751,2.0497567969886816,1.7370580072429866,-1.212568861892245,0.4470866002977665
0.7180707779542764,-0.9598772033637624,0.5428853713503535,2.0272156470066074,-0.8766114178632773,1.335076489766824,0.602217453797122,1.2538438482679144,-0.2853212458080243,2.425092043244474,-0.19789133110084717,0.4470866002977665
-1.2861197238959414,-0.5623778587925017,-0.41235780108586817,1.2698145632293036,-0.5294174298698182,2.0316394395894974,0.8171593743395927,-0.0671792551042211,0.7154264868191358,-0.06903133726091613,0.4785603560934166,0.4470866002977665
0.27269511087645076,0.39162056817852425,1.3244479669799898,-0.7043948190754724,1.4958808334253602,-0.43799283705452724,-1.4885812278432753,0.5312329199275914,1.1824420953784764,2.9411175702455887,0.309447434294851,-2.2367031338760426
1.3861342785710153,1.5841186018923068,-0.5860383778924542,-0.7292276414944004,1.785209156753243,-0.944584073289199,-0.6678938948629324,1.3968605945019101,0.7821430023276118,1.135028225741686,-0.9588994791943952,-2.2367031338760426
-0.17268055620137587,2.379117291034828,-2.322844145958312,-0.8533917535890405,0.5121645341105594,-1.6411470231118728,-2.1529471640654574,0.4973605326616263,1.3158751263954314,0.7910112077409422,-0.9588994791943952,-2.2367031338760426
1.163446445032103,-0.4828779898782494,1.5849688321898683,-0.9278902208458244,0.7436271927728654,-0.24802112346652536,-0.06214848242506029,-0.04836126217869424,-0.9524864008927987,-1.4450994092638898,-1.043455940093678,0.4470866002977665
-0.8407440568181148,-1.277876679020771,1.5849688321898683,-1.0023886881026083,-0.8766114178632773,-0.881260168759865,-1.3518000056798847,-0.27417717728505825,0.515276940293702,1.6510537527428006,-1.043455940093678,0.4470866002977665
1.163446445032103,-0.9598772033637624,-0.06499664747269676,-0.7292276414944004,0.2807018754482531,1.0817808716494879,0.38727553325465125,0.02691070952341317,-0.2853212458080243,-0.15503559176110207,-0.8743430182951124,0.4470866002977665
1.163446445032103,-0.4828779898782494,0.36920479454376764,-0.9527230432647524,0.33856754011382967,-1.134555786877201,0.309114834875571,-0.10105164237018614,-0.9524864008927987,0.36098993524001355,-0.9588994791943952,0.4470866002977665
0.050007277337537445,2.220117553206324,-2.670205299571484,-0.8037261087511844,0.2228362107826765,-1.7677948321705406,-2.1920275132549976,0.7796304265445708,1.2491586108869552,-0.32704410076147394,-0.28244779200013,-2.2367031338760426
-2.399558891590507,-1.4368764168492754,0.10868392933388919,-0.9278902208458244,-0.3558204358730885,0.5751896354148163,-0.43341179972569155,-1.5538006962210096,1.3158751263954314,1.135028225741686,0.9858991214891163,0.4470866002977665
0.3840390276459069,-0.40337812096399717,-0.5860383778924542,-0.8037261087511844,0.10710488145152376,-1.3245275004652028,-0.15984935539891063,-0.4021395291786576,-0.7523368543673679,-0.6710611187622172,-0.6206736355972626,0.4470866002977665
-0.5067123065097453,-0.5623778587925017,-0.15183693587598973,0.8104073484791353,-0.2979547712075123,0.06859839918014449,0.6999183267709723,0.22638143453403123,-0.6189038233504129,1.6510537527428006,-0.45156071379869706,0.4470866002977665
-0.6180562232792015,-0.32387825204974496,-0.06499664747269676,-0.8285589311701125,-0.47155176520424164,-0.7546123597011971,-0.6678938948629324,-1.1435684504444656,0.6487099713106569,1.221032480241872,0.7322297387912664,0.4470866002977665
1.7201660288793859,-1.1983768101065189,0.19552421773718215,-0.9775558656836805,1.6116121627565132,-0.881260168759865,-1.2345589581112644,-0.6881730216466908,-0.552187307841934,-0.4130483552616594,-0.028778409302281614,0.4470866002977665
2.3882295294961247,1.5046187329780547,-0.06499664747269676,-0.7540604639133285,0.9750898514351717,-1.4511753095238709,-2.016165941902067,1.434496580352964,0.6487099713106569,1.7370580072429866,-0.1133348702015644,-2.2367031338760426
-0.6180562232792015,2.0611178153778194,-1.454441261925383,-0.2574040155347685,1.2644181747630545,-0.24802112346652536,-0.9219161645949433,1.0393187289168582,0.6487099713106569,-0.24103984626128802,-1.212568861892245,-2.2367031338760426
0.050007277337537445,-0.8008774655352581,0.021843640930596212,0.2640852552627195,-0.12435777721078256,-0.12137331440785742,-0.2380100537779909,-0.010725276327640537,0.24841087825979224,-0.06903133726091613,0.14033451249628545,0.4470866002977665
1.7201660288793859,-1.0393770722780147,-0.06499664747269676,-0.9527230432647524,-1.16593974119116,0.19524620823881242,-0.49203232351000176,-0.4548299093701077,-2.6203992886047334,-1.2730909002635182,-0.5361171746979798,0.4470866002977665
-0.6180562232792015,-0.005878776392736454,0.8034062365602325,0.36341654493843156,-0.5294174298698182,0.5118657308854823,1.3838244375879247,0.45219734964035346,-0.552187307841934,0.10297717173945574,-0.7052300964965453,0.4470866002977665
-0.8407440568181148,2.7766166356060893,1.4981285437865755,-0.9278902208458244,-1.1080740765255834,-0.12137331440785742,-0.8828358154054031,-1.7796166113273737,0.7154264868191358,-1.0150781367629604,1.8314637304819472,0.4470866002977665
1.0521025282626468,0.23262083035002024,0.4560450829470606,-0.7540604639133285,0.9750898514351717,-1.6411470231118728,-2.1529471640654574,0.09841908264043192,0.31512739376827115,0.2749856807398276,0.4785603560934166,-2.2367031338760426
-1.2861197238959414,0.07362109252151577,-0.23867722427928223,-0.15807272585905652,-0.9344770825288539,0.9551330625908201,-0.10122883161460043,-1.6817630481146089,-0.4187542768249792,0.5329984442403845,2.000576652280513,0.4470866002977665
-0.17268055620137587,-0.5623778587925017,0.28236450614047515,0.04058985349236742,-0.5872830945353948,0.005274494650810516,-0.4138716251309215,-0.6881730216466908,0.11497784724284033,-0.4130483552616594,0.9858991214891163,0.4470866002977665
0.49538294441536407,-1.1983768101065189,0.021843640930596212,0.4751642458236074,0.6278958634417122,0.005274494650810516,0.21141396190172065,0.4785425397360994,0.448560424785226,-1.4450994092638898,-0.7897865573958297,0.4470866002977665
-0.061336639431918714,-0.2443783831354927,0.8034062365602325,0.8104073484791353,-0.703014423866548,-1.007907977818533,-0.49203232351000176,0.177454652927628,-0.3520377613165032,-1.5311036637640756,-0.36700425289941424,0.4470866002977665
-0.17268055620137587,-0.32387825204974496,-0.06499664747269676,2.0023828245876794,-0.06649211254520598,2.4115828667655013,0.7780790251500526,1.1748082779806766,-0.4187542768249792,-0.06903133726091613,-0.8743430182951124,0.4470866002977665
-1.0634318903570281,-0.32387825204974496,-0.3255175126825752,-0.8285589311701125,-0.12435777721078256,0.06859839918014449,-0.14030918080414057,-0.5752650640935297,1.2491586108869552,0.016972917239269796,-0.1133348702015644,0.4470866002977665
0.27269511087645076,-1.0393770722780147,1.237607678576697,-0.1332399034401284,-0.12435777721078256,1.6516960124134936,0.895320072718673,0.13981866707657428,-0.6189038233504129,0.9630197167413141,0.4785603560934166,0.4470866002977665
-0.28402447297083205,-1.277876679020771,0.6297256597536466,-0.8037261087511844,-0.6451487592009714,-0.6912884551718631,-0.7069742440524726,-1.3054031896040301,-0.8857698853843228,0.18898142623964168,0.6476732778919837,0.4470866002977665
0.8294146947237335,2.7766166356060893,-2.322844145958312,-0.8285589311701125,-0.5294174298698182,-1.7044709276412067,-2.1724873386602277,0.8549023982466782,1.1824420953784764,-0.32704410076147394,-1.043455940093678,-2.2367031338760426
-0.28402447297083205,-0.32387825204974496,-1.628121838731969,-0.9030573984268965,-0.41368610053866506,1.9683155350601635,0.34819518406511113,-0.6881730216466908,-0.08517169928259348,-0.7570653732624032,-0.5361171746979798,0.4470866002977665
0.3840390276459069,-0.40337812096399717,1.5849688321898683,0.01575703107343951,-1.16593974119116,0.06859839918014449,-0.257550228372761,-0.12363323388080165,0.11497784724284033,0.2749856807398276,0.14033451249628545,0.4470866002977665
0.3840390276459069,-0.4828779898782494,-0.15183693587598973,0.6365775915466395,0.04923921678594718,0.4485418263561483,0.7389986759605125,0.9678103557998812,1.3825916419039102,-1.1010823912631464,-0.8743430182951124,0.4470866002977665
-0.28402447297083205,0.31212069926427205,1.4981285437865755,0.9594042829927036,0.4542988694449828,0.2585701127681464,0.9148602473134431,0.8850111869275546,-1.2193524629267085,-0.32704410076147394,-1.043455940093678,0.4470866002977665
-0.061336639431918714,-0.7213775966210059,0.5428853713503535,2.4990392729662396,0.2807018754482531,1.7783438214721616,1.1298021678559138,1.9839819737784148,0.9822925488530455,2.683104806745031,-0.9588994791943952,0.4470866002977665
1.2747903618015592,-0.8803773344495102,0.4560450829470606,1.1828996847630553,-0.24008910654193572,2.0316394395894974,0.8171593743395927,1.1559902850551498,-0.8190533698758439,-0.4130483552616594,-0.5361171746979798,0.4470866002977665
1.163446445032103,-0.32387825204974496,2.279691139416211,1.3567294416955515,0.2807018754482531,-0.8179362642305311,0.27003448568603083,1.27642543977853,-0.685620338858889,1.4790452437424297,-1.3816817836908106,0.4470866002977665
0.27269511087645076,-0.5623778587925017,-0.06499664747269676,-0.9278902208458244,-0.6451487592009714,-1.261203595935869,-0.49203232351000176,-1.802198202837989,-1.753084586994528,-1.2730909002635182,1.5777943477840972,0.4470866002977665
-0.3953683897402892,0.39162056817852425,-0.23867722427928223,0.2889180776816474,-1.1080740765255834,-1.1978796914065348,-0.5311126726995419,-1.2752944009231955,-0.21860473029954836,-2.0471291907651907,1.8314637304819472,0.4470866002977665
0.8294146947237335,-1.0393770722780147,-0.06499664747269676,-0.9278902208458244,-0.12435777721078256,1.145104776178822,1.5401458343460852,0.07583749112977463,-1.2860689784351873,-1.1010823912631464,-1.1280124009929609,0.4470866002977665
-0.3953683897402892,-0.4828779898782494,0.28236450614047515,-0.4808994173051205,0.33856754011382967,-0.5646406461131952,0.40681570784942134,-0.20643240275312816,0.24841087825979224,-0.32704410076147394,-0.19789133110084717,0.4470866002977665
-0.6180562232792015,0.07362109252151577,-0.49919808948916117,0.01575703107343951,0.39643320477940625,-0.1846972189371914,0.34819518406511113,-0.834953366465817,0.31512739376827115,-0.06903133726091613,1.4932378868848144,0.4470866002977665
0.1613511941069936,-0.2443783831354927,-0.23867722427928223,0.8849058157359195,-1.050208411860007,-0.3746689325251933,1.3838244375879247,-0.20643240275312816,-0.4187542768249792,-0.4130483552616594,1.3241249650862474,0.4470866002977665
-0.6180562232792015,-0.08537864530698869,1.7586494089964544,0.13992114316807952,-0.008626447879629403,1.9683155350601635,1.0125611202872935,0.10218268122552057,-0.9524864008927987,-0.49905260976184534,-1.2971253227915278,0.4470866002977665
0.27269511087645076,2.4188672254919545,-1.8018024155385546,-0.8782245760079684,1.1486868454319015,-0.3746689325251933,0.6608379775814321,0.39950696944890335,-0.15188821479106943,-0.24103984626128802,-0.7897865573958297,0.4470866002977665
-0.061336639431918714,-0.08537864530698869,1.237607678576697,-0.8782245760079684,-0.5294174298698182,0.32189401729748035,0.035552390548790044,-1.2564764079976687,-1.0192029164012777,-0.32704410076147394,0.3940038951941338,0.4470866002977665
0.27269511087645076,0.4711204370927765,-1.3676009735220902,-0.7292276414944004,-1.1080740765255834,-0.24802112346652536,-0.6483537202681623,-1.365620766965741,0.515276940293702,0.7050069532407564,1.66235080868338,0.4470866002977665
-0.3953683897402892,-0.32387825204974496,-0.49919808948916117,-0.45606659488619244,0.2228362107826765,0.6385135399441502,1.3252039138036145,-0.9139889367530131,0.11497784724284033,-0.9290738822627745,0.5631168169927009,0.4470866002977665
1.942853862418298,-0.5623778587925017,0.36920479454376764,-1.0768871553593926,-0.3558204358730885,-1.261203595935869,-0.9609965137844834,-0.4999930923913805,-0.9524864008927987,-1.1010823912631464,-0.028778409302281614,0.4470866002977665
1.6088221121099298,2.2996174221205763,-1.8018024155385546,-0.6795619966565444,2.1324031447467027,-1.071231882347867,-0.17938952999368069,0.9301743699487857,-0.48547079233345813,1.307036734742058,-0.7052300964965453,-2.2367031338760426
-1.2861197238959414,0.07362109252151577,-0.6728786662957469,-0.8533917535890405,-0.8766114178632773,0.5118657308854823,0.016012215954019974,-1.967796540582642,-1.753084586994528,-1.3590951547637042,1.1550120432876818,0.4470866002977665
-2.1768710580515935,1.14686932286392,-1.1070801083122115,-0.7540604639133285,-0.703014423866548,0.13192230370947847,-0.277090402967531,-2.4344827651357663,-0.08517169928259348,2.7691090612452167,2.8461412612733437,0.4470866002977665
-0.952087973587572,-0.2443783831354927,-0.7597189546990398,-0.7788932863322565,-0.8187457531977007,0.06859839918014449,-0.08168865701983036,-1.5538006962210096,0.9155760333445666,-0.5850568642620313,1.66235080868338,0.4470866002977665
-0.6180562232792015,0.6301201749212809,-0.8465592431023328,-0.9278902208458244,-0.41368610053866506,0.2585701127681464,0.309114834875571,-0.6317190428701103,-0.48547079233345813,-0.4130483552616594,-0.36700425289941424,0.4470866002977665
-0.7294001400486586,-1.1983768101065189,-0.7597189546990398,-0.9030573984268965,-0.12435777721078256,-0.8179362642305311,-1.0586973867583338,-0.32310395889141974,2.5834889210565013,0.36098993524001355,-0.28244779200013,0.4470866002977665
-0.5067123065097453,0.07362109252151577,1.4981285437865755,0.7607417036412795,-1.281671070522313,-0.8179362642305311,-0.6288135456733922,-0.9365705282636703,-0.01845518377411456,2.425092043244474,1.7469072695826628,0.4470866002977665
-0.061336639431918714,-0.32387825204974496,0.8034062365602325,2.2507110487769593,0.10710488145152376,2.094963344118831,2.087270722999647,1.4947141577146748,-0.2853212458080243,0.6190026987405703,-0.8743430182951124,0.4470866002977665
0.9407586114931897,-0.4828779898782494,0.5428853713503535,-0.9775558656836805,-0.2979547712075123,-1.3245275004652028,-0.7851349424315528,-0.9967881056253395,-0.9524864008927987,-1.1010823912631464,0.6476732778919837,0.4470866002977665
0.3840390276459069,-0.8803773344495102,1.150767390173404,-0.8782245760079684,-0.18222344187635914,-0.6279645506425292,-0.43341179972569155,-0.5752650640935297,-0.48547079233345813,-0.4130483552616594,-0.5361171746979798,0.4470866002977665
1.2747903618015592,-0.5623778587925017,0.19552421773718215,1.3070637968576952,-0.008626447879629403,0.9551330625908201,0.40681570784942134,1.231262256757257,-0.4187542768249792,-0.24103984626128802,-0.28244779200013,0.4470866002977665
0.27269511087645076,2.8561165045203416,-2.670205299571484,-0.6795619966565444,1.1486868454319015,-1.3245275004652028,-1.8793847197386766,0.629086483140356,1.3158751263954314,1.8230622617431727,0.3940038951941338,-2.2367031338760426
-1.3974636406653975,-0.005878776392736454,-0.23867722427928223,-0.20773837069691256,-1.050208411860007,-0.5646406461131952,-0.6678938948629324,-1.2451856122423608,0.5819934558021809,-1.1010823912631464,0.901342660589832,0.4470866002977665
0.27269511087645076,2.1406176842920717,-0.3255175126825752,0.21441961042486346,-0.9344770825288539,0.5751896354148163,-0.042608307830290224,-1.1473320490295962,-0.3520377613165032,0.18898142623964168,2.000576652280513,0.4470866002977665
-0.3953683897402892,-1.1983768101065189,0.10868392933388919,-0.8782245760079684,-0.7608800885321242,1.145104776178822,1.2861235646140743,-1.2527128094125382,0.8488595178360907,1.135028225741686,1.4932378868848144,0.4470866002977665
0.050007277337537445,-0.005878776392736454,-0.15183693587598973,-0.8782245760079684,-0.6451487592009714,0.13192230370947847,0.15279343811741045,-1.629072667923117,-0.685620338858889,-1.2730909002635182,1.3241249650862474,0.4470866002977665
2.2768856127266686,1.9021180775493158,-0.06499664747269676,0.7855745260602074,-1.281671070522313,-1.071231882347867,-0.9609965137844834,-0.34944914898716567,-1.8865176180114829,-1.2730909002635182,0.9858991214891163,0.4470866002977665
-0.5067123065097453,0.07362109252151577,0.28236450614047515,0.18958678800593554,-0.24008910654193572,-0.24802112346652536,-0.570193021889082,-0.7860265848594137,0.3818439092767471,0.7910112077409422,1.1550120432876818,0.4470866002977665
0.27269511087645076,-0.32387825204974496,0.5428853713503535,0.1150883207491516,-1.281671070522313,-0.24802112346652536,-0.12076900620937049,-0.8236625707105092,-0.6189038233504129,2.855113315745403,1.7469072695826628,0.4470866002977665
0.050007277337537445,-0.8008774655352581,-0.23867722427928223,0.9345714605737753,-0.18222344187635914,0.3852179218268143,1.9895698500257968,0.5538145114382068,0.18169436275131629,0.2749856807398276,-0.19789133110084717,0.4470866002977665
-0.061336639431918714,1.0276195194925417,-2.670205299571484,-0.8782245760079684,1.2644181747630545,0.06859839918014449,-1.6058222754118956,0.16992745575745066,0.6487099713106569,0.6190026987405703,0.6476732778919837,-2.2367031338760426
-0.952087973587572,-1.1983768101065189,-0.5860383778924542,-0.8782245760079684,-0.12435777721078256,-0.881260168759865,-0.843755466215863,-0.27794077587014693,2.9170714985988897,0.5329984442403845,-0.28244779200013,0.4470866002977665
0.49538294441536407,0.31212069926427205,0.19552421773718215,-0.6298963518186885,1.1486868454319015,-1.3878514049945367,-1.8403043705491364,0.2903626104808309,0.9155760333445666,0.7910112077409422,1.070455582388399,-2.2367031338760426
-0.17268055620137587,0.31212069926427205,1.150767390173404,0.3882493673573595,0.4542988694449828,0.005274494650810516,0.7976191997448226,0.4785425397360994,-0.552187307841934,-0.5850568642620313,-0.9588994791943952,0.4470866002977665
-0.28402447297083205,-0.6418777277067537,0.977086813366818,1.5553920210469754,-0.06649211254520598,1.335076489766824,0.9930209456925233,1.3742790029912946,2.1164733124971606,1.9950707707435444,-0.19789133110084717,0.4470866002977665
1.2747903618015592,-0.7213775966210059,1.0639271017701109,-0.8533917535890405,-0.24008910654193572,-0.1846972189371914,0.1723336127121805,-0.04836126217869424,-0.01845518377411456,-0.49905260976184534,0.309447434294851,0.4470866002977665
-0.5067123065097453,-0.8008774655352581,-0.23867722427928223,-0.8782245760079684,-0.12435777721078256,-0.31134502799585934,-1.0586973867583338,-0.7295726060828331,1.3825916419039102,-0.24103984626128802,0.3940038951941338,0.4470866002977665
0.050007277337537445,1.0276195194925417,-0.5860383778924542,1.7788874228173273,0.4542988694449828,2.348258962236167,1.755087754888556,1.223735059587038,-1.1526359474182326,-0.06903133726091613,-0.9588994791943952,0.4470866002977665
-0.6180562232792015,-0.32387825204974496,-1.0202398199089184,-0.7540604639133285,2.1324031447467027,-0.6279645506425292,1.481525310561775,0.463488145395703,1.782890734954775,1.135028225741686,-0.9588994791943952,0.4470866002977665
0.3840390276459069,-0.5623778587925017,1.0639271017701109,-0.7292276414944004,-1.5709993938501956,-0.6912884551718631,-1.0000768629740235,-1.4785287245189023,-0.9524864008927987,0.4469941897401995,1.3241249650862474,0.4470866002977665
0.49538294441536407,-0.7213775966210059,-0.23867722427928223,1.0090699278305595,-0.12435777721078256,-0.5646406461131952,0.016012215954019974,0.2828354133106118,-0.8190533698758439,0.36098993524001355,0.14033451249628545,0.4470866002977665
1.4974781953404734,1.4251188640638024,-0.6728786662957469,0.4254986009857516,-0.8187457531977007,-1.5778231185825387,0.7389986759605125,-0.18385081124251265,-1.1526359474182326,-0.24103984626128802,0.4785603560934166,0.4470866002977665
-0.17268055620137587,-0.7213775966210059,-0.06499664747269676,2.1513797591012476,0.39643320477940625,1.208428680708156,1.168882517045454,1.6828940869699434,1.449308157412386,-1.0150781367629604,-0.7052300964965453,0.4470866002977665
-0.5067123065097453,2.1406176842920717,-2.670205299571484,-0.6795619966565444,2.768925456068044,-1.7677948321705406,-2.0943266402811473,0.6177956873850065,2.65020543656498,0.9630197167413141,0.7322297387912664,-2.2367031338760426
0.27269511087645076,1.5046187329780547,-1.1070801083122115,-0.7043948190754724,1.3222838394286303,-1.1978796914065348,-1.742603497575286,1.3855697987466022,1.9830402814802057,1.8230622617431727,-0.8743430182951124,-2.2367031338760426
-1.2861197238959414,-0.9598772033637624,-0.49919808948916117,1.4560607313712637,-0.3558204358730885,0.13192230370947847,0.07463273973833018,0.952755961459443,-0.01845518377411456,-0.8430696277625891,-1.212568861892245,0.4470866002977665
-1.2861197238959414,-1.277876679020771,-0.23867722427928223,-1.0272215105215365,-0.6451487592009714,0.7651613490028182,0.13325326352264039,-0.7333362046679636,0.11497784724284033,0.016972917239269796,-1.1280124009929609,0.4470866002977665
-1.0634318903570281,-0.40337812096399717,0.10868392933388919,-0.35673530521048047,-1.16593974119116,-0.12137331440785742,-0.14030918080414057,-1.026896894306216,1.1824420953784764,1.7370580072429866,1.4086814259855318,0.4470866002977665
-0.952087973587572,0.23262083035002024,-0.3255175126825752,-0.5802307069808325,-1.3974023998534661,-0.6912884551718631,-0.2966305775623011,-1.2527128094125382,1.1824420953784764,1.3930409892422437,1.3241249650862474,0.4470866002977665
-1.1747758071264842,1.9021180775493158,-1.8018024155385546,-0.6795619966565444,0.8014928574384419,0.5118657308854823,-1.3518000056798847,0.4484337510552648,1.9830402814802057,2.1670792797439162,0.4785603560934166,-2.2367031338760426
-1.1747758071264842,-0.8803773344495102,0.8034062365602325,-0.9030573984268965,-0.06649211254520598,-0.5013167415838612,-0.550652847294312,-0.6053738527743643,-0.15188821479106943,-0.49905260976184534,-0.5361171746979798,0.4470866002977665
-0.28402447297083205,-0.40337812096399717,-0.41235780108586817,-0.20773837069691256,1.4380151687597835,0.32189401729748035,1.5987663581303955,0.629086483140356,0.515276940293702,1.3930409892422437,-0.9588994791943952,0.4470866002977665
0.6067268611848202,0.07362109252151577,0.5428853713503535,-0.9278902208458244,-0.008626447879629403,-0.5646406461131952,1.2470432154245341,-0.04836126217869424,-0.8857698853843228,-0.6710611187622172,-1.1280124009929609,0.4470866002977665
-0.8407440568181148,0.39162056817852425,0.6297256597536466,-0.4312337724672644,-0.9923427471944305,-0.6912884551718631,-0.6092733710786222,-1.644127062263555,-1.0859194319097536,-1.5311036637640756,1.1550120432876818,0.4470866002977665
0.27269511087645076,-0.005878776392736454,0.890246524963525,0.9097386381548473,0.2807018754482531,-1.007907977818533,-0.6092733710786222,1.3818062001615137,0.448560424785226,1.135028225741686,-0.6206736355972626,0.4470866002977665
1.163446445032103,1.6636184708065591,-2.409684434361605,-0.8037261087511844,1.2644181747630545,-1.3245275004652028,-1.6644427991962059,0.6855404619169366,0.7821430023276118,0.5329984442403845,-0.5361171746979798,-2.2367031338760426
0.7180707779542764,-0.32387825204974496,-0.06499664747269676,1.0587355726684153,-1.7445963878469255,-0.5013167415838612,-0.4724921489152317,-0.04836126217869424,-0.9524864008927987,-1.8751206817648194,0.309447434294851,0.4470866002977665
-1.9541832245126805,-0.2443783831354927,-0.15183693587598973,-0.9527230432647524,-1.16593974119116,-0.8179362642305311,-1.0000768629740235,-0.8462441622211248,0.11497784724284033,0.2749856807398276,-0.5361171746979798,0.4470866002977665
-1.0634318903570281,-1.1188769411922665,-0.06499664747269676,0.5869119467087834,-0.5294174298698182,0.5118657308854823,-0.3161707521570712,-0.5301018810722569,-2.0866671645369137,0.5329984442403845,0.309447434294851,0.4470866002977665
0.1613511941069936,1.7431183397208114,-2.062323280748433,-0.8037261087511844,1.3222838394286303,-1.007907977818533,-1.8793847197386766,0.4409065538850457,0.448560424785226,1.307036734742058,0.14033451249628545,-2.2367031338760426
0.1613511941069936,-1.5163762857635275,0.10868392933388919,1.1580668623441275,0.33856754011382967,2.094963344118831,0.8171593743395927,0.8549023982466782,1.1824420953784764,-0.8430696277625891,-1.043455940093678,0.4470866002977665
-0.17268055620137587,0.39162056817852425,0.10868392933388919,-0.8285589311701125,-0.5294174298698182,-1.3245275004652028,0.07463273973833018,0.3279985963318846,0.515276940293702,1.3930409892422437,-0.8743430182951124,0.4470866002977665
1.831509945648842,0.8686197816640372,0.7165659481569395,-0.7788932863322565,1.1486868454319015,-1.5778231185825387,-2.113866814875917,0.463488145395703,0.8488595178360907,1.5650494982426149,0.901342660589832,-2.2367031338760426
0.7180707779542764,-0.7213775966210059,-0.23867722427928223,1.7540546003983994,0.4542988694449828,2.348258962236167,0.44589605703896146,1.6452581011188896,-1.5529350404690943,-1.7891164272646334,-1.212568861892245,0.4470866002977665
-0.7294001400486586,0.39162056817852425,-0.06499664747269676,-0.033908613764416534,0.04923921678594718,-1.071231882347867,-0.6874340694577025,-0.27417717728505825,0.3818439092767471,-1.0150781367629604,-0.028778409302281614,0.4470866002977665
1.3861342785710153,-0.16487851422124092,1.5849688321898683,-0.9775558656836805,-0.24008910654193572,-0.12137331440785742,-0.042608307830290224,-0.4247211206892731,0.11497784724284033,-1.2730909002635182,0.22489097339556824,0.4470866002977665
1.6088221121099298,-0.7213775966210059,-0.06499664747269676,0.9842371054116316,-1.3974023998534661,-0.881260168759865,-0.042608307830290224,0.23767223028933898,-1.5529350404690943,-1.4450994092638898,-0.1133348702015644,0.4470866002977665
0.6067268611848202,0.5506203060070287,1.6718091205931613,1.9527171797498237,-0.3558204358730885,1.6516960124134936,1.2470432154245341,1.6828940869699434,-0.8857698853843228,-0.4130483552616594,-1.3816817836908106,0.4470866002977665
-0.7294001400486586,1.4648687985209286,-0.7597189546990398,-0.7788932863322565,-0.12435777721078256,0.005274494650810516,0.38727553325465125,-0.3870851348382194,1.1157255798700003,0.2749856807398276,-0.19789133110084717,0.4470866002977665
0.050007277337537445,-0.7213775966210059,-0.06499664747269676,-0.7788932863322565,0.9750898514351717,-0.944584073289199,-1.9575454181177567,1.0506095246722076,2.5834889210565013,2.683104806745031,-0.5361171746979798,-2.2367031338760426
0.27269511087645076,-1.1983768101065189,0.36920479454376764,-0.9278902208458244,-0.9923427471944305,-0.24802112346652536,-0.7069742440524726,-0.4247211206892731,0.7154264868191358,-1.4450994092638898,-0.6206736355972626,0.4470866002977665
0.27269511087645076,0.31212069926427205,-0.41235780108586817,-0.7788932863322565,2.0166718154155494,0.13192230370947847,-0.8828358154054031,1.0807183133530422,1.1824420953784764,0.6190026987405703,-0.9588994791943952,-2.2367031338760426
